Order_ID,Customer_Name,Company_Name,Service,City,Revenue
1001,Andrew Dalal,Kamdar-Sandal,Meta Ads,Delhi,65580
1002,Chakrika Sachar,"Bose, Dube and Rao",Content Marketing,Jaipur,35622
1003,Unnati Krishna,Naidu-Gulati,Google Ads,Bangalore,141981
1004,Jagrati Shukla,"Bora, Samra and Keer",SEO,Bangalore,239949
1005,Daksha Lanka,Pradhan-Khare,Website Development,Kolkata,165852
1006,Oliver Mitra,"Chatterjee, Srinivasan and Baral",SEO,Mumbai,241571
1007,Nathan Sabharwal,Dani-Chana,Social Media Marketing,Hyderabad,101516
1008,Jagdish Murty,"Thaker, Butala and Bahl",Website Development,Pune,73587
1009,Sarthak Soni,Narasimhan-Wason,Google Ads,Ahmedabad,70707
1010,Parth Oza,Oak-Boase,Social Media Marketing,Pune,158685
1011,Naveen Thaker,"Barman, Dey and Chandran",SEO,Kolkata,85444
1012,Yashoda Dhaliwal,Bala Ltd,Content Marketing,Delhi,173709
1013,Gaurangi Kannan,Kalita-Char,Social Media Marketing,Bangalore,56466
1014,Aarna Gupta,Kalla-Saraf,SEO,Bangalore,171722
1015,Mugdha Raman,Wagle-Soni,Google Ads,Bangalore,72953
1016,Laban Brar,Bandi PLC,Content Marketing,Hyderabad,257717
1017,Hemangini Kota,"Basu, Sha and Jayaraman",Social Media Marketing,Mumbai,214081
1018,Advika Suresh,"Narang, Rege and Shan",Social Media Marketing,Bangalore,159973
1019,Frederick Parsa,Joshi PLC,Google Ads,Mumbai,148351
1020,Yug Parsa,Saini Inc,Meta Ads,Kolkata,218943
1021,Barkha Brar,Sen and Sons,AI Chatbot Development,Bangalore,190017
1022,Shivansh Karnik,Doctor-Sheth,SEO,Bangalore,36829
1023,Chavvi Bail,Krishnan LLC,Social Media Marketing,Ahmedabad,160373
1024,Odika Khare,Gour-Memon,Google Ads,Bangalore,184981
1025,Henry Hans,Ganesh and Sons,Website Development,Kolkata,227425
1026,Wriddhish Shroff,Uppal PLC,Email Marketing,Mumbai,158873
1027,Radhika Andra,"Uppal, Bains and Master",Meta Ads,Bangalore,157752
1028,Bhanumati Manne,Bose PLC,Content Marketing,Ahmedabad,209790
1029,Chakrika Batta,Oak-Yogi,Website Development,Mumbai,287138
1030,Nidhi Apte,Bhatti Group,Email Marketing,Delhi,44702
1031,Champak Pant,Mandal Ltd,Google Ads,Mumbai,103876
1032,Girish Murty,Sachdeva Group,Content Marketing,Delhi,221728
1033,Frado Gara,"Chaudhry, Swaminathan and Patla",Content Marketing,Kolkata,297408
1034,Kritika Dutta,"Golla, Ratti and Kota",AI Chatbot Development,Jaipur,80058
1035,Daksh Agrawal,Ratta Ltd,AI Chatbot Development,Pune,78485
1036,Falguni Sheth,Gokhale-Upadhyay,AI Chatbot Development,Ahmedabad,102920
1037,Tristan Narain,Kade Ltd,Email Marketing,Jaipur,158091
1038,Tara Bhardwaj,"Sarna, Taneja and Divan",Meta Ads,Delhi,176471
1039,Anay Cheema,"Sant, Gandhi and Pathak",Website Development,Mumbai,216038
1040,Nidra Suresh,Varughese-Rau,Meta Ads,Jaipur,189951
1041,Nitesh Modi,"Walia, Kannan and Bala",Email Marketing,Jaipur,78650
1042,Advay Ray,Lad and Sons,Social Media Marketing,Hyderabad,145541
1043,Rishi Sarin,Bhalla-Shroff,SEO,Bangalore,61291
1044,Girish Korpal,Sabharwal-Rau,Google Ads,Kolkata,56287
1045,Chavvi Sha,Kota LLC,Meta Ads,Mumbai,269184
1046,Luke Handa,"Narang, Bandi and Lad",Meta Ads,Hyderabad,296653
1047,Samuel Nayak,Jani Group,Content Marketing,Bangalore,125461
1048,Samar Gaba,"Bumb, Khosla and Rajagopal",AI Chatbot Development,Ahmedabad,215779
1049,Jack Mallick,Narula-Ramachandran,Email Marketing,Kolkata,83441
1050,Saksham Dugal,Kalita-Nagy,Website Development,Bangalore,53568
1051,Yashodhara Chakrabarti,Kanda PLC,Social Media Marketing,Jaipur,140646
1052,Rachana Mani,Suri Inc,Website Development,Jaipur,57220
1053,Omisha Karan,Butala-Upadhyay,SEO,Bangalore,55337
1054,Faras Brahmbhatt,Ganesh LLC,SEO,Pune,57149
1055,Lucky Muni,"Balan, Pillay and Nadkarni",Website Development,Hyderabad,274496
1056,Indali Dash,"Sachdev, Toor and Tara",Website Development,Mumbai,267815
1057,Yagnesh Badal,Dutta LLC,Website Development,Kolkata,233416
1058,Shravya Minhas,Chandran-Gopal,Website Development,Delhi,70819
1059,Nitesh Comar,Atwal and Sons,Content Marketing,Pune,242077
1060,Indrajit Sandhu,Thaman Ltd,Content Marketing,Kolkata,48401
1061,Siddharth Chatterjee,Sheth Group,Google Ads,Jaipur,231089
1062,Eiravati Kale,Deep PLC,Social Media Marketing,Delhi,150367
1063,Anamika Narasimhan,"Tiwari, Raman and Amble",Website Development,Bangalore,255202
1064,Amaira Menon,Pandit Inc,Meta Ads,Ahmedabad,116200
1065,Brinda Sangha,"Yohannan, Uppal and Dara",AI Chatbot Development,Kolkata,150970
1066,Arunima Oza,Kapur LLC,Google Ads,Kolkata,71332
1067,Wakeeta Deol,"Choudhury, Dugar and Andra",SEO,Jaipur,68896
1068,Gopal Ganguly,"Sangha, Uppal and Kala",Website Development,Mumbai,233078
1069,Hamsini Wali,"Choudhury, Manda and Sama",Email Marketing,Kolkata,132065
1070,Liam Gokhale,"Trivedi, Mittal and Sandhu",Content Marketing,Jaipur,106317
1071,Siya Dutta,Dhawan-Dyal,Content Marketing,Jaipur,224693
1072,Urishilla Prabhakar,"Bala, Suri and Pandey",AI Chatbot Development,Kolkata,169552
1073,Qasim Ahuja,"Som, Edwin and Narain",Content Marketing,Kolkata,101158
1074,Siya Raghavan,Sahota-Mitter,Website Development,Hyderabad,134137
1075,Krishna Mane,Puri and Sons,SEO,Jaipur,184419
1076,Urvi Lala,Bhargava PLC,SEO,Jaipur,269974
1077,Hemang Panchal,Iyer Ltd,Meta Ads,Jaipur,286248
1078,Eiravati Varghese,Lal-Mitter,Google Ads,Mumbai,55924
1079,Kala Bal,"Jha, D’Alia and Devan",Google Ads,Bangalore,231694
1080,Agastya Sood,Bera and Sons,Google Ads,Bangalore,40836
1081,Wridesh Bassi,"Bala, Pal and Johal",Google Ads,Ahmedabad,294088
1082,Naksh Merchant,"Balan, Chowdhury and Brahmbhatt",Social Media Marketing,Hyderabad,127090
1083,Raksha Deo,Contractor PLC,Social Media Marketing,Bangalore,159258
1084,Hemal Halder,Parmar LLC,Content Marketing,Mumbai,177284
1085,Libni Sane,"Yogi, Hayer and Dass",Email Marketing,Pune,58033
1086,Jagvi Chand,Andra-Saini,SEO,Kolkata,72418
1087,Chavvi Pau,Ranganathan LLC,Google Ads,Bangalore,285229
1088,Rachana Hegde,Krishnan-Karnik,AI Chatbot Development,Mumbai,202981
1089,Kiaan Magar,Kalita-Koshy,Google Ads,Bangalore,213738
1090,Daksh Issac,Basak-Raj,AI Chatbot Development,Mumbai,249734
1091,Shravya Sarin,"Narain, Wagle and Sarin",AI Chatbot Development,Jaipur,176960
1092,Dev Rai,"Bora, Contractor and Natarajan",Google Ads,Mumbai,158656
1093,Upma Sampath,"Sabharwal, Mand and Bose",Google Ads,Delhi,101499
1094,Kamya Kunda,Ghose and Sons,AI Chatbot Development,Hyderabad,130430
1095,Vasana Raghavan,"Bedi, Parekh and Aggarwal",Social Media Marketing,Bangalore,158403
1096,Zayan Chawla,Vasa-Kalita,Email Marketing,Hyderabad,46633
1097,Shivansh Balasubramanian,"Borah, Patil and Ray",Google Ads,Ahmedabad,165060
1098,Brijesh Tiwari,Kala LLC,SEO,Jaipur,194879
1099,Dhriti Choudhury,"Sandhu, Wable and Desai",Meta Ads,Hyderabad,104715
1100,Eesha Kakar,Dhaliwal-Randhawa,Email Marketing,Ahmedabad,25069
1101,Gavin Hans,Choudhry Ltd,Google Ads,Delhi,98147
1102,Samuel Setty,De-Vora,SEO,Pune,97643
1103,Chameli Badal,Grover LLC,Content Marketing,Mumbai,41930
1104,Indrajit Nigam,Lalla PLC,AI Chatbot Development,Pune,40916
1105,Brinda Kalla,Ganesh LLC,Social Media Marketing,Bangalore,150825
1106,Bakhshi Narang,Sidhu-Pillai,Google Ads,Pune,233058
1107,Vasana Iyengar,Ravel LLC,Meta Ads,Bangalore,105197
1108,Tanay Dash,Date LLC,Meta Ads,Ahmedabad,32995
1109,Aashi Keer,"Gokhale, Nagi and Natarajan",Meta Ads,Pune,235856
1110,Idika Yohannan,"Ramakrishnan, Mody and Hayre",Website Development,Hyderabad,103465
1111,Dakshesh Loyal,Lal-Chahal,Google Ads,Ahmedabad,40302
1112,Ayush Din,Madan-Dash,Email Marketing,Bangalore,124633
1113,Zashil Bhakta,Manne LLC,Email Marketing,Pune,180007
1114,Chaaya Devan,"Warrior, Chadha and Batta",Website Development,Bangalore,32406
1115,Ishani Sheth,"Sunder, Krish and Kadakia",Website Development,Ahmedabad,192103
1116,Aadhya Bera,"Sethi, Raman and Wali",AI Chatbot Development,Delhi,166341
1117,Pallavi Issac,"Chokshi, Prashad and Nadig",Social Media Marketing,Ahmedabad,193617
1118,Charles Suresh,Narula and Sons,SEO,Delhi,156951
1119,Kavya Pandit,Narang LLC,Meta Ads,Hyderabad,40057
1120,Zarna Krishnan,Varughese-Oza,Google Ads,Ahmedabad,201239
1121,Chandani Goel,Dutta-Borah,Social Media Marketing,Ahmedabad,288132
1122,Mohammed Brahmbhatt,Soni Group,Google Ads,Ahmedabad,119656
1123,Vansha Kala,Vasa LLC,AI Chatbot Development,Jaipur,248619
1124,Ati Sha,Barman-Gera,SEO,Bangalore,210956
1125,Rachana Konda,"Rajan, Master and Subramaniam",Content Marketing,Delhi,193119
1126,Devika Andra,"Arya, Batra and Pai",Social Media Marketing,Delhi,177455
1127,Mitali Khanna,Ganesan Ltd,AI Chatbot Development,Ahmedabad,191013
1128,Raagini Varughese,Misra-Khare,Content Marketing,Hyderabad,86735
1129,Vedika Chacko,"Buch, Kapoor and Bir",Website Development,Ahmedabad,218781
1130,Luke Chacko,Wagle Inc,Meta Ads,Hyderabad,232900
1131,Kashvi Ganesan,Rout LLC,SEO,Hyderabad,170425
1132,Daksh Sachdeva,"Varughese, Saran and Seth",Website Development,Ahmedabad,188951
1133,Vedika Oommen,"Arora, Mangal and Ramachandran",Email Marketing,Kolkata,251819
1134,Thomas Reddy,"Vala, Seshadri and Warrior",Website Development,Kolkata,108967
1135,Brijesh Dora,"Rama, Dara and Keer",Google Ads,Hyderabad,290245
1136,Krishna Mani,Patel and Sons,Social Media Marketing,Delhi,143138
1137,Amol Rau,Bhattacharyya and Sons,AI Chatbot Development,Bangalore,124401
1138,Chatura Mahajan,Jha and Sons,Meta Ads,Jaipur,44229
1139,Lipika Murthy,Sawhney Group,Website Development,Kolkata,58182
1140,Yamini Dar,Pingle-Shere,Email Marketing,Ahmedabad,121940
1141,Waida Kanda,Rattan-Luthra,Content Marketing,Kolkata,229533
1142,Alexander Varughese,"Tata, Gill and Ravel",Website Development,Mumbai,22907
1143,Hemang Buch,Dyal and Sons,Google Ads,Ahmedabad,134735
1144,Falan Bhagat,"Samra, More and Jani",Meta Ads,Kolkata,46328
1145,Amrita Lalla,Saraf-Dass,Website Development,Delhi,259317
1146,Naksh Swaminathan,De PLC,Meta Ads,Kolkata,298466
1147,Fiyaz Dada,Chhabra-Mody,Social Media Marketing,Kolkata,284649
1148,David Patla,Srinivas-Bath,Content Marketing,Kolkata,103444
1149,Daksha Raval,"Parikh, Pingle and Rao",Email Marketing,Kolkata,155891
1150,Rehaan Gara,"Virk, Ghosh and Pandya",Website Development,Hyderabad,293311
1151,Parth Master,Kurian-Pradhan,Email Marketing,Bangalore,163968
1152,Zaitra Chokshi,Bir and Sons,Email Marketing,Delhi,169803
1153,Sanya Memon,"Iyengar, Chahal and Padmanabhan",Website Development,Hyderabad,196080
1154,Quincy Keer,Modi-More,Social Media Marketing,Delhi,92547
1155,Balhaar Suri,Kale Group,Meta Ads,Bangalore,220820
1156,Rachit Chakraborty,Parikh-Din,Meta Ads,Bangalore,53674
1157,Abhimanyu Murty,Kamdar PLC,Content Marketing,Ahmedabad,193477
1158,Nachiket Garde,"Borah, Thaker and Chaudhari",Email Marketing,Ahmedabad,52645
1159,Kamya Sunder,Lanka PLC,Website Development,Ahmedabad,224198
1160,Vamakshi Bath,Grewal LLC,SEO,Ahmedabad,270074
1161,Aachal Mitra,Jaggi and Sons,SEO,Pune,176559
1162,Nathan Mohanty,Sampath and Sons,Content Marketing,Ahmedabad,135625
1163,Abha Basak,"Chaudhary, Reddy and Ratti",Email Marketing,Bangalore,163096
1164,Jai Vasa,Nori and Sons,Content Marketing,Kolkata,35217
1165,Robert Srinivasan,"Bal, Kaur and Bhakta",Content Marketing,Pune,231978
1166,Barkha Hegde,"Bhatnagar, Chand and Anand",Meta Ads,Kolkata,86913
1167,Mason Soni,Desai-Wason,SEO,Ahmedabad,34209
1168,Orinder Raju,Malhotra-Vyas,Google Ads,Ahmedabad,91145
1169,Nisha Suri,"Viswanathan, Chowdhury and Pant",Email Marketing,Mumbai,46363
1170,Omaja Kanda,Bhagat-Tiwari,AI Chatbot Development,Ahmedabad,191627
1171,Avi Sanghvi,"Goswami, Merchant and Bhardwaj",Website Development,Kolkata,191361
1172,Yochana De,Randhawa-Lad,Social Media Marketing,Ahmedabad,165886
1173,Girik Ganesan,Chad Group,Content Marketing,Hyderabad,62942
1174,Girik Boase,"Kar, Dash and Khanna",Email Marketing,Jaipur,47307
1175,Ijaya Sathe,Chaudhari PLC,Social Media Marketing,Bangalore,55975
1176,Urvashi Bhasin,"Bali, Grewal and Borra",SEO,Jaipur,149647
1177,Bakhshi Kadakia,Savant and Sons,Website Development,Jaipur,99892
1178,Eiravati Mistry,"Puri, Kapoor and Brahmbhatt",Website Development,Mumbai,268282
1179,Ranbir Rana,Sunder-Bhandari,Google Ads,Bangalore,263811
1180,Ryan Keer,Aggarwal Group,AI Chatbot Development,Pune,107969
1181,Panini Naidu,Goda-Lala,Google Ads,Mumbai,183073
1182,Tanmayi Sani,"Mukherjee, Doshi and Dhar",Google Ads,Jaipur,183555
1183,Arunima Khalsa,"Bassi, Bhasin and Wadhwa",Content Marketing,Ahmedabad,123981
1184,Chaitanya Bala,"Chand, Sama and Misra",Google Ads,Bangalore,73425
1185,Vansha Narain,"Nagi, Sachdev and Balay",AI Chatbot Development,Delhi,41532
1186,Aishani Mangal,"Muni, Pandya and Deol",Social Media Marketing,Ahmedabad,214285
1187,Vanya Thaman,Menon-Aggarwal,Google Ads,Pune,26633
1188,Nitesh Natarajan,"Kumer, Ravel and Shankar",Content Marketing,Kolkata,75332
1189,Anamika Agate,Dhar Ltd,Content Marketing,Pune,261035
1190,Onveer Mann,"Dora, Mangal and Subramaniam",Meta Ads,Ahmedabad,112346
1191,Abhimanyu Srivastava,Dhillon-Sidhu,AI Chatbot Development,Kolkata,263727
1192,Nachiket Das,"Bakshi, Bhardwaj and Lala",Content Marketing,Hyderabad,188980
1193,Brijesh Hayre,Shere-Batra,Website Development,Delhi,166238
1194,William Jaggi,"Mann, Salvi and Sekhon",Email Marketing,Bangalore,263641
1195,Frado Padmanabhan,"Grover, Kuruvilla and Doctor",Content Marketing,Pune,35047
1196,Amruta Kari,Mitter Group,Email Marketing,Pune,115336
1197,Zarna Goda,Ganguly-Walla,Email Marketing,Bangalore,206030
1198,Yagnesh Sarin,Sarraf LLC,AI Chatbot Development,Pune,166621
1199,Dhriti Mistry,Cheema-Misra,AI Chatbot Development,Jaipur,290861
1200,Jai Kala,Misra-Boase,Website Development,Delhi,146540
1201,Bhavya Pradhan,Contractor Group,Content Marketing,Kolkata,145998
1202,Agastya Sheth,Venkatesh Inc,Email Marketing,Kolkata,254972
1203,Urvashi Garg,"Sathe, Kala and Chowdhury",SEO,Delhi,174264
1204,Dhruv Bhalla,Khanna-Anand,Website Development,Ahmedabad,147561
1205,Lohit Mishra,Bhalla Ltd,AI Chatbot Development,Pune,268124
1206,Ekani Majumdar,"Boase, Andra and Iyer",Social Media Marketing,Ahmedabad,193429
1207,Vivaan Chad,"Barad, D’Alia and Sarin",Social Media Marketing,Kolkata,162038
1208,Lakshit Randhawa,Gour-Sastry,AI Chatbot Development,Hyderabad,140868
1209,Chaman Anne,Pant-Mand,Google Ads,Bangalore,185438
1210,Ishanvi Lalla,Dora Inc,Google Ads,Mumbai,120422
1211,Ekiya Narayan,Zacharia-Sharaf,Website Development,Kolkata,164965
1212,Lakshmi Dey,Chandra-Varghese,AI Chatbot Development,Delhi,121773
1213,Faras Jani,Mody-Kalla,AI Chatbot Development,Bangalore,209205
1214,Urishilla Parsa,Basu-Rajagopal,Meta Ads,Hyderabad,27417
1215,Thomas Barman,Bath-Andra,Meta Ads,Hyderabad,43863
1216,Timothy Iyer,Mangal LLC,SEO,Hyderabad,86206
1217,Vritti Ramanathan,"De, Talwar and Bir",Email Marketing,Delhi,26430
1218,Arjun Narayanan,Basak-Ahluwalia,AI Chatbot Development,Kolkata,270984
1219,Vihaan Saraf,Yohannan Inc,Email Marketing,Pune,116659
1220,Bhavini Gaba,Badal-Prabhu,SEO,Hyderabad,270467
1221,Sai Sarin,Kumer-Kadakia,Google Ads,Delhi,230086
1222,Chatura Shroff,"Sarkar, Basak and Karpe",Email Marketing,Delhi,48106
1223,Frado Loke,"Kuruvilla, Bahl and Sethi",Meta Ads,Mumbai,179297
1224,Hema Sarin,Krishnamurthy-Tandon,Google Ads,Bangalore,82102
1225,Daksha Kar,Choudhry-Dugal,Content Marketing,Bangalore,293978
1226,Shaurya Parmer,"Bath, Kibe and Parsa",Content Marketing,Kolkata,252113
1227,Rohan Rajagopal,Lad PLC,AI Chatbot Development,Ahmedabad,180107
1228,Rajeshri Saran,"Subramaniam, Bhagat and Chacko",SEO,Delhi,128940
1229,Faras Arora,Merchant-Raju,Website Development,Hyderabad,62565
1230,Lopa Saha,"Korpal, Saha and Gade",Meta Ads,Bangalore,111128
1231,Charita Kala,"Subramaniam, Pant and Memon",Google Ads,Mumbai,21402
1232,Praneel Chandran,"Taneja, Dhawan and Tara",Content Marketing,Kolkata,266369
1233,Arunima Mander,Chahal Group,AI Chatbot Development,Jaipur,141360
1234,Harsh Hora,Sachdev-Bajwa,AI Chatbot Development,Hyderabad,258043
1235,Falak Aurora,Lata-Goswami,Google Ads,Bangalore,158702
1236,Alka Kulkarni,Sarna LLC,Website Development,Ahmedabad,80175
1237,Rachita Ravel,"Sharaf, Chana and Ghosh",Website Development,Mumbai,159267
1238,Warjas Rana,Raghavan and Sons,Meta Ads,Delhi,51267
1239,Upma Dhillon,Shukla LLC,Meta Ads,Hyderabad,171315
1240,Aadi Mander,Gandhi Group,Email Marketing,Delhi,265732
1241,Dhriti Dhaliwal,Kuruvilla LLC,AI Chatbot Development,Ahmedabad,162735
1242,Raksha Toor,Malhotra-Lanka,Email Marketing,Kolkata,62174
1243,Kamala Gola,"Shetty, Cherian and Chatterjee",SEO,Ahmedabad,188989
1244,Fiyaz Borah,"Gopal, Roy and Padmanabhan",AI Chatbot Development,Jaipur,67881
1245,Brinda Sheth,Kadakia-Tiwari,Website Development,Jaipur,161301
1246,Harsh Hayre,Sangha-Parekh,SEO,Mumbai,266677
1247,Veer Tata,"Bhat, Bahri and Ravel",Email Marketing,Hyderabad,115152
1248,Jeet Patla,"Lala, Sawhney and Dugar",Content Marketing,Kolkata,67837
1249,Ati Balasubramanian,"Narayan, Ramanathan and Barman",Email Marketing,Pune,234092
1250,Jonathan Narang,Venkatesh-Nigam,Social Media Marketing,Pune,74840
1251,Zilmil Seth,Pandit-Tiwari,Meta Ads,Pune,235820
1252,Yatan D’Alia,Sachdev-Kanda,Email Marketing,Hyderabad,229952
1253,Azaan Kapadia,Bhatti-Krish,SEO,Kolkata,66168
1254,Darpan Jaggi,Tandon Inc,Social Media Marketing,Hyderabad,189488
1255,Isaiah Balasubramanian,Bajwa-Madan,Google Ads,Ahmedabad,289796
1256,Zayan Tata,Gaba Inc,SEO,Kolkata,236660
1257,Chaitanya Walia,Deol-Saraf,SEO,Bangalore,291811
1258,Darika Saha,Kapadia-Sathe,Social Media Marketing,Kolkata,251756
1259,Rachita Kulkarni,Kara-Baria,SEO,Bangalore,160014
1260,Faris Toor,Dhaliwal PLC,Meta Ads,Hyderabad,249699
1261,Devansh Bawa,"Deo, Sodhi and Patla",Email Marketing,Delhi,35135
1262,Ojasvi Sekhon,Nagarajan-Minhas,Website Development,Mumbai,182922
1263,Kritika Shanker,"Sampath, Walia and Mistry",SEO,Ahmedabad,68868
1264,Praneel Morar,Devi and Sons,Website Development,Delhi,261931
1265,Nandini Ganesh,"Prakash, Khanna and Mandal",Google Ads,Mumbai,281292
1266,Jagat Vora,"Ganesh, Ganesan and Desai",AI Chatbot Development,Hyderabad,237836
1267,Jairaj Bail,Chana-Wali,Email Marketing,Kolkata,147785
1268,Vaishnavi Trivedi,Sampath-Jayaraman,Email Marketing,Mumbai,221109
1269,Ijaya Jha,Mammen Inc,Website Development,Mumbai,56600
1270,Dominic Chhabra,"Singhal, Gala and Raj",AI Chatbot Development,Ahmedabad,198192
1271,Harita Sanghvi,Garg-Som,AI Chatbot Development,Jaipur,168289
1272,Aishani Puri,Das-Varughese,AI Chatbot Development,Kolkata,97906
1273,Sanaya Lala,"Basu, Vora and Walia",Email Marketing,Kolkata,200944
1274,Nisha Ganesan,Bobal-Mangal,Social Media Marketing,Ahmedabad,258731
1275,Ubika Garg,Jhaveri Ltd,Social Media Marketing,Bangalore,145202
1276,Fariq Virk,"Sami, Bhatti and Nazareth",Content Marketing,Bangalore,235364
1277,Manbir Nath,Badami and Sons,SEO,Pune,267975
1278,Aarush Thakur,Iyer Ltd,Content Marketing,Ahmedabad,99746
1279,Frederick Jaggi,"Gaba, Goel and Bose",Email Marketing,Jaipur,86189
1280,Edhitha Konda,Aggarwal-Mallick,Social Media Marketing,Delhi,250847
1281,Aarav Radhakrishnan,"Kalita, Lad and Tripathi",Google Ads,Kolkata,28046
1282,Avni Tak,"Dani, Mallick and Raghavan",Meta Ads,Ahmedabad,100929
1283,Benjamin Rout,"Wable, Mandal and Bawa",Google Ads,Kolkata,158948
1284,Megha Cherian,Hegde Ltd,Social Media Marketing,Ahmedabad,62108
1285,Chaman Kashyap,Kanda Group,Social Media Marketing,Ahmedabad,186021
1286,Maya Sidhu,Dubey Ltd,Email Marketing,Jaipur,55872
1287,Chakrika Suri,"Krishna, Ramachandran and Narain",Website Development,Hyderabad,139268
1288,Kashish Walla,Mangat PLC,Google Ads,Ahmedabad,71612
1289,Pavani Tailor,Parikh Inc,Google Ads,Kolkata,107223
1290,Gauri Parmar,Pingle Group,AI Chatbot Development,Jaipur,44112
1291,Netra Kata,Handa Inc,Social Media Marketing,Jaipur,173809
1292,Reyansh Morar,"Kulkarni, Nazareth and Kale",Social Media Marketing,Pune,245803
1293,Yug Kumar,Kuruvilla-Sane,Meta Ads,Bangalore,298484
1294,Jalsa Naik,Sankar-Sampath,Content Marketing,Mumbai,109120
1295,Libni Mittal,Solanki Inc,Meta Ads,Delhi,220563
1296,Jagvi Raval,"Aurora, Dayal and Sheth",Website Development,Kolkata,95034
1297,Omya Wali,Ranganathan LLC,Website Development,Kolkata,153157
1298,Ekaja Chandran,"Garg, Mand and Mangat",Email Marketing,Hyderabad,24926
1299,Janani Choudhary,"Gole, Parikh and Bahl",Email Marketing,Hyderabad,102824
1300,Anamika Bhat,Som and Sons,Google Ads,Kolkata,201175
1301,Oviya Varma,Kara-Shukla,AI Chatbot Development,Ahmedabad,151123
1302,Ekiya Bajwa,Hora LLC,Email Marketing,Hyderabad,124447
1303,Yatan Keer,Bhavsar-Wadhwa,Content Marketing,Kolkata,75917
1304,Ekaraj Menon,Sant Group,Website Development,Ahmedabad,208197
1305,Jackson Bhardwaj,Dutta-Chaudry,AI Chatbot Development,Hyderabad,31502
1306,Chameli Modi,"Ramanathan, Mukherjee and Karpe",Content Marketing,Hyderabad,24245
1307,Ijaya Konda,"Dhar, Dhar and Dalal",SEO,Kolkata,170048
1308,Nilima Bath,"Bhandari, Swaminathan and Karpe",Website Development,Pune,134821
1309,Gunbir Biswas,Raj Inc,Website Development,Hyderabad,91711
1310,Gabriel Palla,Hans-Dhingra,Google Ads,Jaipur,181969
1311,Balhaar Bhakta,Johal-Dey,Email Marketing,Jaipur,211292
1312,Zilmil Walia,Puri PLC,Meta Ads,Delhi,174722
1313,Mohammed Srivastava,"Kant, Nori and Sheth",Social Media Marketing,Ahmedabad,112085
1314,Orinder Ben,"Sarma, Suri and Chaudry",Website Development,Mumbai,211814
1315,Maanav More,Nayak Group,AI Chatbot Development,Mumbai,154726
1316,Kavya Kumar,Kashyap and Sons,Email Marketing,Hyderabad,197584
1317,Anay Apte,"Bath, Babu and Chauhan",Google Ads,Kolkata,59478
1318,Anay Madan,Vig-Jaggi,Meta Ads,Bangalore,228358
1319,Jalsa Subramaniam,Panchal-Babu,Social Media Marketing,Delhi,226870
1320,Meera Garde,Chauhan-Bir,SEO,Hyderabad,84796
1321,Bhavani Pingle,Gulati PLC,Email Marketing,Pune,157448
1322,Max Rao,Sangha Inc,Content Marketing,Pune,76804
1323,Raghav Sahota,Bala-Ratta,Website Development,Kolkata,33120
1324,Eta Kunda,Ratti PLC,Social Media Marketing,Bangalore,53143
1325,Anita Thakur,Mital PLC,Email Marketing,Hyderabad,234064
1326,Ati Iyer,"Parmar, Gopal and Krishna",Google Ads,Mumbai,43774
1327,Geetika Mallick,More-Kala,SEO,Hyderabad,278277
1328,Gaurangi Ranganathan,Atwal LLC,Google Ads,Delhi,143102
1329,Mekhala Wable,Andra Group,Meta Ads,Ahmedabad,257839
1330,Nitara Nori,Mahajan and Sons,Social Media Marketing,Ahmedabad,101014
1331,Timothy Yogi,"Thaman, Agrawal and Viswanathan",Content Marketing,Delhi,276558
1332,Udyati Iyengar,"Tripathi, Babu and Butala",Content Marketing,Hyderabad,37152
1333,Rishi Panchal,Barman-Khatri,Social Media Marketing,Bangalore,252460
1334,Pahal Das,Parsa-Raval,Email Marketing,Bangalore,210151
1335,Alexander Bajwa,Sarma-Desai,Google Ads,Pune,208048
1336,Jai Mallick,Ramanathan-Sankaran,SEO,Ahmedabad,164641
1337,Jalsa Narayan,Subramanian-Rajan,Website Development,Delhi,258402
1338,Lila Mahajan,Narang-Samra,Google Ads,Bangalore,31197
1339,Jatin Kohli,Kanda Ltd,SEO,Pune,147700
1340,Advik Raja,"Saini, Karan and Yogi",Meta Ads,Bangalore,55971
1341,Dalaja Chokshi,Kala Ltd,Website Development,Bangalore,142158
1342,Bahadurjit Sangha,"Bhagat, Dixit and Kakar",Social Media Marketing,Mumbai,21486
1343,Leena Buch,Chandra-Jani,AI Chatbot Development,Mumbai,88153
1344,William Sood,Sarraf-Sule,AI Chatbot Development,Mumbai,77633
1345,Ansh Nath,Chatterjee Ltd,SEO,Mumbai,27791
1346,Praneel Batta,Deshpande Inc,Social Media Marketing,Bangalore,189749
1347,Oni Behl,Chandra PLC,SEO,Mumbai,159129
1348,Omisha Vala,Nadkarni and Sons,SEO,Mumbai,240704
1349,Yasti Rajagopalan,Sule-Sathe,Google Ads,Delhi,269690
1350,Vrishti Kurian,Mutti-Dara,Email Marketing,Pune,289084
1351,Vrinda Swamy,"Rao, Oak and Sarkar",Google Ads,Kolkata,284156
1352,Wahab Kala,Ramakrishnan Ltd,Website Development,Jaipur,293390
1353,Oeshi Mannan,"Jha, Chaudhuri and Dani",AI Chatbot Development,Kolkata,36331
1354,Netra Sabharwal,Chandran and Sons,SEO,Kolkata,230563
1355,Isaac Lalla,Gole-Thakur,Content Marketing,Delhi,277042
1356,Bhavini Sandhu,Magar-Hegde,Email Marketing,Delhi,62357
1357,Pahal Tiwari,Hayer-Baria,Social Media Marketing,Mumbai,54436
1358,Saksham Subramaniam,Halder PLC,Meta Ads,Hyderabad,190490
1359,Yug Mani,Andra PLC,Content Marketing,Hyderabad,257877
1360,Yachana Saran,Shukla Ltd,Content Marketing,Delhi,79985
1361,Advik Kara,Agrawal-Konda,Website Development,Ahmedabad,256744
1362,Ranveer Contractor,"Agarwal, Bava and Mannan",Website Development,Ahmedabad,197697
1363,Maanav Karpe,Bhattacharyya and Sons,Email Marketing,Ahmedabad,238098
1364,Frado Wali,Comar LLC,Google Ads,Pune,243747
1365,Warda Vasa,Narain Ltd,Social Media Marketing,Hyderabad,216241
1366,Rehaan Krishnan,Bali-Agrawal,Meta Ads,Kolkata,55197
1367,Jalsa Sama,Chada-Mangal,Google Ads,Delhi,68879
1368,Advik Buch,Manda-Kurian,Content Marketing,Delhi,215374
1369,Kavya Johal,"Kala, Babu and Shenoy",Meta Ads,Jaipur,192829
1370,Aadi Setty,Kakar-Chakraborty,Google Ads,Ahmedabad,205387
1371,Warhi Dani,Walla-Karpe,Content Marketing,Jaipur,170800
1372,Vamakshi Dutt,Dhar-Mannan,AI Chatbot Development,Pune,74316
1373,Yahvi Raja,Venkataraman-Sharma,Website Development,Mumbai,272806
1374,Sudiksha Bahl,"Reddy, Ghosh and Puri",Website Development,Delhi,203560
1375,Vasatika Sandhu,"Prabhu, Savant and Vohra",Social Media Marketing,Delhi,166049
1376,Tanmayi Bajwa,Sibal Group,Website Development,Ahmedabad,33764
1377,Dalaja Bera,"Sawhney, Garg and Hari",AI Chatbot Development,Jaipur,114589
1378,Yashica Sandhu,Mand-Balasubramanian,AI Chatbot Development,Hyderabad,198165
1379,Kavya Muni,Bandi-Gala,Social Media Marketing,Jaipur,115108
1380,Nitara Narayan,Chatterjee Ltd,Meta Ads,Ahmedabad,56482
1381,Sanya Bhagat,"Kala, Nayak and Baral",Meta Ads,Jaipur,68107
1382,Samuel Devan,Rau PLC,Website Development,Ahmedabad,240113
1383,Ishaan Kamdar,Nigam-Dyal,Email Marketing,Pune,102527
1384,Sanya Chander,"Madan, Talwar and Ganguly",Social Media Marketing,Hyderabad,190070
1385,Avi Varughese,"Narang, Ganesh and Bava",Google Ads,Jaipur,101568
1386,Yahvi Savant,Bhandari-Kakar,Meta Ads,Jaipur,62772
1387,Zansi Thakkar,"Atwal, Brar and Khalsa",AI Chatbot Development,Kolkata,242305
1388,Naveen Memon,Mukhopadhyay-Narasimhan,Email Marketing,Kolkata,237151
1389,Anirudh Narain,Dutt-Lad,AI Chatbot Development,Bangalore,288617
1390,Devansh Mammen,Goda Inc,Google Ads,Pune,245398
1391,Rachita Jayaraman,"Nigam, Tiwari and Reddy",Google Ads,Hyderabad,275135
1392,Anirudh Atwal,Sarna LLC,AI Chatbot Development,Jaipur,135615
1393,Yoshita Kala,"Sura, Tailor and Parmer",Content Marketing,Jaipur,24030
1394,Nirja Karan,Mall-Sibal,Website Development,Hyderabad,130747
1395,Vinaya Bhatti,Khosla PLC,Meta Ads,Hyderabad,171753
1396,Aadhya Karpe,Bumb LLC,Social Media Marketing,Delhi,24052
1397,Mitali Tak,"Kade, Chaudhary and Nanda",Email Marketing,Ahmedabad,112114
1398,Bhavya Panchal,"Shan, Padmanabhan and Kakar",Meta Ads,Ahmedabad,299226
1399,Ridhi Sathe,Sinha and Sons,Website Development,Pune,57788
1400,Idika Bhasin,Thakur Group,Content Marketing,Jaipur,248704
1401,Dayamai Das,"Sarna, Vasa and Chada",SEO,Kolkata,60822
1402,Anmol Jhaveri,"Iyer, Singhal and Tandon",Social Media Marketing,Ahmedabad,232034
1403,Tanveer Bahl,Baria-Bobal,Content Marketing,Hyderabad,80384
1404,Netra Kulkarni,"Lad, Dyal and Mitter",Content Marketing,Jaipur,190272
1405,Nisha Kumer,More-Agate,Meta Ads,Kolkata,209715
1406,Vasudha Kamdar,"Hari, Suresh and Roy",Google Ads,Ahmedabad,75502
1407,Avni Rajan,"Thakur, Pandit and Varughese",Website Development,Ahmedabad,229951
1408,Ladli Borah,"Kara, Hayer and Upadhyay",Google Ads,Ahmedabad,182673
1409,Riya Garde,Biswas Inc,Social Media Marketing,Bangalore,194623
1410,Divya Sama,Gulati and Sons,Meta Ads,Delhi,287640
1411,Qadim Din,Sura-Sarma,Google Ads,Bangalore,203173
1412,Chandran Sandal,Dhar Ltd,Social Media Marketing,Mumbai,143872
1413,Benjamin Ganesh,Swamy PLC,Google Ads,Mumbai,154201
1414,Peter Kale,Badami LLC,Website Development,Mumbai,100147
1415,Inaya Chahal,"Lalla, Mitter and Dave",Google Ads,Mumbai,279059
1416,Osha Kara,Majumdar PLC,Email Marketing,Kolkata,189454
1417,Nachiket Pall,"Bahl, Mahal and Salvi",Social Media Marketing,Mumbai,250562
1418,Farhan Golla,Master PLC,Google Ads,Kolkata,251844
1419,Ishani Dhaliwal,Vasa Inc,AI Chatbot Development,Hyderabad,49450
1420,Ranveer Malhotra,"Lanka, Bose and Lanka",Social Media Marketing,Delhi,182743
1421,Falguni Bandi,Dixit-Jain,Email Marketing,Kolkata,39717
1422,Aarush Setty,"Chaudry, Barman and Cheema",SEO,Pune,170511
1423,Avni Prakash,Buch Ltd,Google Ads,Delhi,285849
1424,Meghana Dhar,Raja-Jain,Content Marketing,Kolkata,41507
1425,Naksh Soman,"Mohan, Om and Rajan",Email Marketing,Bangalore,188572
1426,Devansh Sheth,"Chaudhary, Ahluwalia and Om",Email Marketing,Mumbai,52439
1427,Pallavi Hegde,"Kannan, Rana and Tata",Email Marketing,Delhi,200060
1428,Guneet Bandi,"Iyengar, Kadakia and Sharaf",Google Ads,Mumbai,40521
1429,Arjun Batra,"Sant, Bahri and Ratti",Website Development,Kolkata,250383
1430,Yashvi Dhaliwal,Comar PLC,Meta Ads,Pune,215481
1431,Daniel Basak,"Palla, Sengupta and Bora",AI Chatbot Development,Ahmedabad,234312
1432,Priya Chowdhury,Bava-Manne,Social Media Marketing,Jaipur,195452
1433,Abdul Mody,"Sastry, Ravel and Gokhale",Google Ads,Pune,69548
1434,Leela Mangat,Bhatnagar Group,Content Marketing,Hyderabad,152118
1435,Girindra Shenoy,Dave-Issac,Meta Ads,Pune,62730
1436,Radha Kala,Char Group,Meta Ads,Pune,182650
1437,Abdul Majumdar,"Dora, Kapadia and Balakrishnan",Content Marketing,Mumbai,64417
1438,Faras Dhillon,Gopal PLC,AI Chatbot Development,Ahmedabad,192216
1439,Dipta Shah,Shankar Ltd,Meta Ads,Delhi,241986
1440,Reva Kaul,"Tank, Subramaniam and Yohannan",Social Media Marketing,Jaipur,210105
1441,Balveer Ganguly,Sen-Dube,AI Chatbot Development,Mumbai,132298
1442,Rayaan Mand,Dasgupta LLC,Social Media Marketing,Kolkata,120666
1443,Ridhi Varma,"Dayal, Prabhakar and Tailor",Website Development,Mumbai,101235
1444,Gopal Venkataraman,Pandit-Tank,Google Ads,Hyderabad,73026
1445,Jack Yogi,Mallick-Puri,SEO,Pune,88707
1446,Jalsa Barman,Sastry-Bhargava,Content Marketing,Mumbai,105064
1447,Laban Bhandari,"Sinha, Sarkar and Shukla",Meta Ads,Mumbai,249466
1448,Yash Kothari,Tak Ltd,SEO,Ahmedabad,210997
1449,Chaitanya Mitter,Malhotra-Mohan,Website Development,Kolkata,169384
1450,Leela Sandhu,Kant and Sons,Email Marketing,Bangalore,299975
1451,Sathvik Bawa,"Chaudry, Golla and Hegde",Website Development,Hyderabad,265899
1452,Ayushman Kumar,Om-Lad,Website Development,Pune,250999
1453,Maya Grewal,"Kamdar, Madan and Nori",Email Marketing,Hyderabad,220211
1454,Bhavini Bhalla,"Joshi, Morar and Wadhwa",Content Marketing,Mumbai,124699
1455,Zilmil Gulati,De Ltd,Meta Ads,Hyderabad,47357
1456,Rishi Koshy,Vaidya-Vaidya,Email Marketing,Pune,73786
1457,Ridhi Sandhu,Mohan Group,Google Ads,Hyderabad,63974
1458,George Chahal,Bakshi-Barman,Meta Ads,Hyderabad,255572
1459,Rachita Amble,"Gara, Bobal and Misra",Meta Ads,Ahmedabad,68084
1460,Guneet Desai,Krishnan-Sahota,Website Development,Kolkata,203283
1461,Ryan Sengupta,Sani-Rege,SEO,Ahmedabad,47921
1462,Dipta Deshpande,Ranganathan-Mahajan,Content Marketing,Pune,143615
1463,Advaith Banerjee,Dey-Chada,Content Marketing,Delhi,216562
1464,Hamsini Raman,"Khatri, Dara and Parmer",Website Development,Jaipur,187082
1465,Hitesh Keer,Sami LLC,Google Ads,Pune,96571
1466,Manthan Pradhan,"Ganesan, Sachar and Palla",Meta Ads,Jaipur,170407
1467,Hemani Din,"Kale, Sunder and Thaker",Email Marketing,Mumbai,265948
1468,Chandresh Raghavan,Zachariah LLC,Email Marketing,Jaipur,61537
1469,Darsh Salvi,Dhawan Group,SEO,Hyderabad,133065
1470,Oni Singh,Bawa PLC,Meta Ads,Ahmedabad,78293
1471,Januja Narula,Gandhi LLC,AI Chatbot Development,Bangalore,177889
1472,Udarsh Bedi,"Wali, Vasa and Bahl",Google Ads,Jaipur,145010
1473,Utkarsh Apte,Narain-Lanka,Content Marketing,Kolkata,52929
1474,Shravya Puri,Sachar Group,Google Ads,Kolkata,28616
1475,Bhanumati Ramesh,Keer Ltd,Website Development,Mumbai,172710
1476,Janaki D’Alia,Saran-De,Content Marketing,Jaipur,204977
1477,Varsha Oza,Dhaliwal-Sachdev,Website Development,Ahmedabad,118206
1478,Zansi Iyer,Bhardwaj-Korpal,Google Ads,Pune,55483
1479,Bishakha Bhat,"Wadhwa, Virk and Deep",SEO,Ahmedabad,266486
1480,Dayamai Bath,Edwin-Gopal,SEO,Ahmedabad,215717
1481,Anamika Ranganathan,Virk-Dar,AI Chatbot Development,Jaipur,207220
1482,Jagdish Shetty,Mammen Group,Google Ads,Pune,146419
1483,Manan Nadkarni,Muni-Wason,Google Ads,Pune,89945
1484,Udyati Sarkar,"Deshpande, Ganesan and Doctor",SEO,Pune,197496
1485,Azad Verma,Barad Ltd,Meta Ads,Kolkata,270888
1486,Daksh Prakash,"Mohan, Chaudhary and D’Alia",Meta Ads,Mumbai,53082
1487,Forum Bose,"Rai, Bandi and Narula",Email Marketing,Jaipur,173848
1488,Wriddhish Sachdev,"Yadav, Saha and Bhalla",Website Development,Jaipur,124579
1489,Farhan Bumb,Devan Group,SEO,Pune,182569
1490,Anika Yogi,Bir PLC,Content Marketing,Kolkata,152809
1491,Keya Madan,Vyas PLC,SEO,Bangalore,170004
1492,Pavani Khalsa,Yohannan-Tripathi,Social Media Marketing,Jaipur,194024
1493,Ekbal Menon,Balakrishnan Ltd,AI Chatbot Development,Delhi,212948
1494,Udyati Tailor,Kaul Ltd,Content Marketing,Ahmedabad,250548
1495,Pranit Mishra,Kuruvilla-Kant,Content Marketing,Pune,117946
1496,Ekaraj Nazareth,"Sen, Jani and Kota",Email Marketing,Kolkata,212595
1497,Karan Baral,Khare Inc,AI Chatbot Development,Delhi,242560
1498,Yatin Chaudhuri,Pandya-Chopra,Google Ads,Ahmedabad,114611
1499,Deepa Nanda,"Vyas, Kumer and Thakkar",AI Chatbot Development,Pune,73790
1500,Amaira Merchant,Banerjee LLC,Google Ads,Pune,175000
1501,Kalpit Rau,"Deshpande, Gill and Toor",AI Chatbot Development,Kolkata,243407
1502,Ishwar Chauhan,Sibal-Rana,Meta Ads,Kolkata,204311
1503,Zayyan Gill,"Golla, Kapoor and Luthra",Email Marketing,Jaipur,204842
1504,Umang Tella,"Gera, Subramanian and Sidhu",Content Marketing,Hyderabad,50072
1505,Pavani Mital,Bal LLC,Google Ads,Ahmedabad,210479
1506,Irya Dugar,"Walia, Bhandari and Bhat",Meta Ads,Jaipur,94857
1507,Dhruv Warrior,Lata-Dayal,Email Marketing,Jaipur,86180
1508,Dayamai Bala,Saraf Ltd,Google Ads,Bangalore,212061
1509,Gaurangi Kala,"Thakkar, Barman and Ranganathan",Social Media Marketing,Ahmedabad,36979
1510,Ganga Bedi,Tripathi-Ahluwalia,Meta Ads,Kolkata,214492
1511,Nisha Lall,Nath Ltd,Social Media Marketing,Kolkata,60310
1512,Adweta Saraf,Badami PLC,Meta Ads,Pune,228684
1513,Jacob Sama,Warrior-Chauhan,Social Media Marketing,Hyderabad,150868
1514,Shivani Dugar,Saraf-Iyengar,Google Ads,Jaipur,117542
1515,Brijesh Korpal,"Dutta, Borra and Bala",Email Marketing,Ahmedabad,81740
1516,Eiravati Kibe,Salvi Group,AI Chatbot Development,Hyderabad,253975
1517,Aarna Din,Deo PLC,Website Development,Hyderabad,277530
1518,Jai Dani,De PLC,Website Development,Delhi,91160
1519,Quincy Kashyap,"Choudhary, Magar and Mani",Google Ads,Kolkata,110521
1520,Irya Karan,Chakrabarti-Lata,Email Marketing,Delhi,187556
1521,Amara Kapur,Upadhyay-Golla,Social Media Marketing,Delhi,172233
1522,Devansh Choudhury,"Rana, Lad and Srinivasan",AI Chatbot Development,Mumbai,111273
1523,Saumya Dasgupta,Naidu Inc,Social Media Marketing,Bangalore,83628
1524,Yagnesh Brahmbhatt,Minhas Group,Website Development,Mumbai,144117
1525,Aradhana Bumb,"Kuruvilla, Arora and Sur",Email Marketing,Jaipur,209213
1526,Ojas Gour,Ray Group,Social Media Marketing,Kolkata,88037
1527,Wishi Lall,"Kothari, Ray and Nadkarni",Google Ads,Delhi,182157
1528,Forum Zacharia,Sunder-Sankaran,Content Marketing,Kolkata,295615
1529,Vanya Ramakrishnan,Sunder LLC,Content Marketing,Ahmedabad,58666
1530,Baghyawati Halder,Minhas Group,Meta Ads,Pune,58883
1531,Hemani Modi,Raja PLC,Email Marketing,Kolkata,291245
1532,Tejas Bumb,Minhas-Sood,Social Media Marketing,Mumbai,115401
1533,Nandini Ahuja,"Mishra, Narayanan and Kashyap",Meta Ads,Ahmedabad,283645
1534,Chanchal Mann,"Bassi, Anand and Singh",SEO,Delhi,291634
1535,Darsh Roy,Dugar PLC,Meta Ads,Hyderabad,106327
1536,Ronith Sastry,"Gulati, Bava and Kari",Meta Ads,Pune,138211
1537,Zansi Bhasin,Dugar Ltd,Social Media Marketing,Hyderabad,61345
1538,Tara Ben,Thakur-Chahal,AI Chatbot Development,Bangalore,163891
1539,Oni Bumb,Sridhar and Sons,Meta Ads,Hyderabad,299696
1540,Oni Bhatia,Sunder Ltd,Google Ads,Mumbai,100842
1541,Zarna Lala,Chadha-Misra,Meta Ads,Pune,41597
1542,Arin Dora,Dhingra-Buch,SEO,Delhi,43835
1543,Yatin Murty,"Pandya, Khosla and Natarajan",AI Chatbot Development,Bangalore,238411
1544,Ganga Halder,Som and Sons,SEO,Kolkata,171871
1545,Ronith Cherian,Krishna Ltd,AI Chatbot Development,Kolkata,148386
1546,Bhavya Dubey,Trivedi Ltd,Content Marketing,Hyderabad,257787
1547,Siddharth Kale,Choudhry-Handa,Google Ads,Jaipur,102879
1548,Jagvi Gandhi,"Warrior, Sahni and Radhakrishnan",Email Marketing,Ahmedabad,273887
1549,Aahana Bala,Salvi-Mohan,Email Marketing,Bangalore,198358
1550,Vamakshi Mital,Kala-Sibal,Meta Ads,Pune,187413
1551,Hritik Chaudry,Nagi PLC,Social Media Marketing,Ahmedabad,88559
1552,Triya Kapur,"Randhawa, Swamy and Kara",Social Media Marketing,Delhi,187308
1553,Ryan Sood,Kibe PLC,Website Development,Kolkata,84236
1554,Daniel Gokhale,Saxena Ltd,AI Chatbot Development,Kolkata,149980
1555,Alka Patel,Lall-Rau,Meta Ads,Delhi,46531
1556,Reyansh Pandya,Sem-Kant,AI Chatbot Development,Ahmedabad,239223
1557,Aarush Shah,Sengupta Group,Website Development,Mumbai,191670
1558,Madhav Taneja,"Jaggi, Purohit and Cherian",Social Media Marketing,Bangalore,103541
1559,Kala Pradhan,"Grewal, Chowdhury and Biswas",Email Marketing,Kolkata,281493
1560,Naveen Pillai,Tripathi-Dass,AI Chatbot Development,Kolkata,32151
1561,Ikbal Dass,"Sahni, Loyal and Pai",Google Ads,Ahmedabad,284998
1562,Aayush Mutti,"Mammen, Dada and Sharma",Email Marketing,Bangalore,132797
1563,Shaurya Narula,"Choudhry, Andra and Balan",Social Media Marketing,Jaipur,46497
1564,Rachana Ramaswamy,"Sastry, Doshi and Wason",AI Chatbot Development,Kolkata,266723
1565,Zayan Borra,Sami-Tella,AI Chatbot Development,Jaipur,76359
1566,Indira Srivastava,Pillai Ltd,Content Marketing,Mumbai,158659
1567,Ucchal Ratta,"Murthy, Banerjee and Chana",Social Media Marketing,Ahmedabad,211856
1568,Eiravati Bassi,"Chacko, Suri and Bhattacharyya",SEO,Ahmedabad,46821
1569,Oeshi Chacko,Thaker PLC,Website Development,Pune,171310
1570,Jagdish Roy,Badal PLC,Google Ads,Ahmedabad,284375
1571,Sudiksha Morar,Muni-Mander,Email Marketing,Hyderabad,82291
1572,Kai Mane,Ravel PLC,Meta Ads,Delhi,226518
1573,Pallavi Kari,"Dugar, Aurora and Vig",Social Media Marketing,Pune,211683
1574,Bhavani Purohit,Deol PLC,Meta Ads,Bangalore,286926
1575,Yashica Nath,Lala-Mody,Content Marketing,Jaipur,43752
1576,Naksh Hans,"Mukhopadhyay, Dua and Bains",SEO,Mumbai,194609
1577,Ekaja Nigam,Kade-Narula,Email Marketing,Kolkata,98087
1578,Harshil Sarma,Gulati-Halder,Meta Ads,Pune,187001
1579,Kevin Krishnamurthy,Karan-Suri,Meta Ads,Ahmedabad,176884
1580,Riya Trivedi,Goyal LLC,Social Media Marketing,Kolkata,177176
1581,Darpan Sundaram,Thakur-Ramakrishnan,Email Marketing,Jaipur,213125
1582,Darpan Majumdar,Kamdar and Sons,Social Media Marketing,Delhi,238387
1583,Unni Magar,Sunder Ltd,AI Chatbot Development,Jaipur,268821
1584,Gautam Khurana,Bakshi-Thaman,AI Chatbot Development,Bangalore,46924
1585,Hitesh Shan,Krishna Ltd,Email Marketing,Mumbai,294848
1586,Timothy Krishnamurthy,"Karpe, Bava and Ramesh",Content Marketing,Mumbai,146980
1587,Kalpit Barman,"Nagarajan, Sinha and Khosla",SEO,Delhi,120025
1588,Chaitanya Pant,Mannan Inc,SEO,Kolkata,184465
1589,Jhalak Munshi,Nair and Sons,Content Marketing,Mumbai,236510
1590,Laban Banerjee,"Chandra, Seshadri and Bath",Website Development,Ahmedabad,283097
1591,Maanas Pandey,"Walla, Raman and Kala",Email Marketing,Jaipur,92394
1592,Sudiksha Saraf,Vohra LLC,Website Development,Pune,270804
1593,Hamsini Raju,"Saini, Date and Kulkarni",Content Marketing,Pune,110797
1594,Dhriti Pandit,"Varma, Bhalla and Saini",Email Marketing,Pune,205748
1595,Anay Bala,Narayanan-Subramanian,AI Chatbot Development,Kolkata,120801
1596,Champak Mohan,"Bora, Nadig and Keer",Website Development,Hyderabad,176499
1597,Azaan Nagar,"Dhar, Mohan and Dhar",Website Development,Hyderabad,171521
1598,Ekaja Sinha,Balakrishnan-Mitra,Website Development,Kolkata,186220
1599,Prisha Kumar,Brahmbhatt-Tailor,Email Marketing,Pune,163370
1600,Fariq Purohit,"Keer, Kannan and Loke",AI Chatbot Development,Delhi,219069
1601,Ikshita Tank,Gour Ltd,Content Marketing,Pune,96795
1602,Sai Khosla,Basu-Magar,AI Chatbot Development,Jaipur,170801
1603,Bishakha Lalla,"Chada, Thakur and Gara",Google Ads,Pune,251932
1604,Urishilla Sahota,"Narang, Pandya and Sharaf",AI Chatbot Development,Kolkata,132190
1605,Watika Sinha,"Bhatti, Nadkarni and Mitter",Website Development,Hyderabad,162407
1606,Girik Dua,Choudhary-Muni,Meta Ads,Delhi,145452
1607,Chandresh Narayanan,"Lata, Manne and Buch",Website Development,Jaipur,298418
1608,Mekhala Iyer,"Karan, Kapoor and Sur",Website Development,Bangalore,47520
1609,Anusha Narula,Gandhi-Mandal,Google Ads,Ahmedabad,193168
1610,Vedika Naidu,Chanda Ltd,Email Marketing,Delhi,92072
1611,Maanav Krishnamurthy,Babu LLC,SEO,Mumbai,233336
1612,Ekaja Sane,"Gill, Mittal and Sachdeva",Email Marketing,Kolkata,124572
1613,Yadavi Bakshi,"Soman, Gola and Menon",AI Chatbot Development,Pune,169639
1614,Gabriel Kar,Aggarwal-Bala,SEO,Delhi,141750
1615,Qarin Sodhi,Sampath Group,SEO,Mumbai,239092
1616,Urmi Warrior,Jani Inc,Meta Ads,Jaipur,228139
1617,Kavya Ram,Purohit Group,Email Marketing,Mumbai,171764
1618,Caleb Khare,"Thaker, Venkatesh and Divan",SEO,Jaipur,176443
1619,Bhavani Gokhale,Soman Inc,Google Ads,Pune,169192
1620,Chanakya Gola,"Mitra, Kota and Koshy",Email Marketing,Kolkata,90359
1621,Gaurangi Wadhwa,Bhargava-Kale,Email Marketing,Hyderabad,121088
1622,Lohit Yohannan,Sachdev LLC,Google Ads,Pune,105193
1623,Benjamin Sood,Rao Ltd,Email Marketing,Hyderabad,117621
1624,Yutika Sastry,Shere Ltd,SEO,Pune,174677
1625,Balveer Badami,Korpal-Roy,Website Development,Mumbai,232593
1626,Isaac Sankar,Pai-Maharaj,Content Marketing,Pune,65475
1627,Chaitanya Sarkar,"Dutta, Ganguly and Kale",Content Marketing,Delhi,116878
1628,Pavani Arora,Dey and Sons,Meta Ads,Kolkata,189660
1629,Manthan Sha,Dhar Inc,Website Development,Jaipur,156726
1630,Daniel Walla,Mital-Patla,Content Marketing,Bangalore,254218
1631,Naksh Pal,"Agrawal, Shroff and Rau",AI Chatbot Development,Pune,178306
1632,Unnati Varty,Pandey PLC,SEO,Hyderabad,208508
1633,Harini Dey,Sachar Ltd,Website Development,Jaipur,81983
1634,Timothy Mody,Maharaj-Memon,Email Marketing,Hyderabad,103737
1635,Darika Nigam,"Purohit, Kapadia and Bala",Content Marketing,Hyderabad,81559
1636,Bhavika Naidu,Karnik-Saxena,AI Chatbot Development,Pune,135788
1637,Darika Dixit,Grover PLC,Website Development,Mumbai,270705
1638,Anya Patel,Wadhwa-Chada,Meta Ads,Kolkata,215887
1639,Ayushman Sachdev,Amble-Pant,Content Marketing,Kolkata,134510
1640,Lekha Karpe,"Kannan, Chad and Mani",Website Development,Delhi,295516
1641,Kabir Varma,Borde and Sons,Email Marketing,Pune,60948
1642,Falan Sachar,"Dewan, Soni and Ramachandran",Google Ads,Jaipur,285020
1643,Nitara Ganesh,Kala Ltd,Website Development,Mumbai,106264
1644,Jackson Choudhary,Kari PLC,Social Media Marketing,Kolkata,80943
1645,Qasim Deshmukh,Soni LLC,Website Development,Kolkata,67679
1646,Samarth Krishnan,Peri-Nath,Email Marketing,Jaipur,257729
1647,Chandran Dasgupta,Wadhwa and Sons,Meta Ads,Ahmedabad,259493
1648,Meera Arora,Narayan-Prabhakar,SEO,Kolkata,181569
1649,Yuvraj Dube,Mand-Balakrishnan,SEO,Ahmedabad,153408
1650,Hemani Rai,"Barad, Sarkar and Sangha",SEO,Bangalore,58288
1651,Aahana Sarma,"Dhillon, Kashyap and Sachar",SEO,Ahmedabad,200632
1652,Aadi Ramaswamy,Kumer-Yohannan,Google Ads,Jaipur,56185
1653,Noah Sanghvi,Bandi Inc,Email Marketing,Jaipur,170518
1654,Tejas Kibe,Grewal-Chauhan,Content Marketing,Mumbai,91003
1655,Kamya Lall,Sridhar PLC,Content Marketing,Pune,220529
1656,Lopa Lalla,Kade Ltd,Email Marketing,Ahmedabad,216946
1657,Kala Nigam,Chandra-Prabhu,Google Ads,Mumbai,202331
1658,Lipika Rajagopalan,Sani-Merchant,Google Ads,Mumbai,226075
1659,Nihal Contractor,"Dixit, Tank and Bansal",Meta Ads,Bangalore,21821
1660,Theodore Narasimhan,Nayak Inc,SEO,Hyderabad,262747
1661,Victor Sura,Yogi-Gopal,Content Marketing,Ahmedabad,140410
1662,Zayan Sehgal,"Lall, Bakshi and Nazareth",Website Development,Kolkata,201487
1663,Fariq Soni,"Sahni, Sandhu and Kamdar",Meta Ads,Hyderabad,118818
1664,Alexander Agate,Savant LLC,Google Ads,Jaipur,239802
1665,Thomas Pillai,Kalla Ltd,SEO,Bangalore,128046
1666,Anjali Nanda,Varghese LLC,Google Ads,Delhi,37603
1667,Naksh Mital,"Borah, Dhillon and Pandit",Email Marketing,Jaipur,148311
1668,Widisha Sharaf,Shroff-Talwar,SEO,Ahmedabad,250142
1669,Unni Jha,Keer and Sons,Website Development,Bangalore,49592
1670,Zayyan Mitter,Acharya Ltd,Meta Ads,Hyderabad,142768
1671,Rohan Deo,Iyer Ltd,Social Media Marketing,Pune,144205
1672,Vidhi Chacko,"Loke, Parmer and Anne",AI Chatbot Development,Mumbai,293285
1673,Sathvik Nazareth,Sodhi Ltd,Website Development,Ahmedabad,177549
1674,Harita Dube,"Basu, Joshi and Bakshi",AI Chatbot Development,Jaipur,111820
1675,Kavya Kata,Rajan Inc,Content Marketing,Kolkata,44580
1676,Ekaja Prabhu,Trivedi-Tank,Social Media Marketing,Ahmedabad,294969
1677,Oni Srinivasan,"Mangat, Behl and Walia",Social Media Marketing,Ahmedabad,234045
1678,Yochana Sachdev,"Sidhu, Mukherjee and Bava",Meta Ads,Hyderabad,217373
1679,Vaishnavi Prashad,Seshadri-Sandal,Meta Ads,Kolkata,146336
1680,Amruta Reddy,"Dey, Bera and Raju",Website Development,Hyderabad,95681
1681,Nathan Desai,Krishna Inc,Email Marketing,Jaipur,236361
1682,Aradhana Dada,Bhandari LLC,Content Marketing,Mumbai,223643
1683,Vansha Issac,"Mandal, Maharaj and Mangal",Website Development,Hyderabad,126607
1684,Ekani Ramaswamy,"Bahri, Magar and Desai",Social Media Marketing,Delhi,255817
1685,Xalak Soni,Atwal PLC,Social Media Marketing,Delhi,119867
1686,Daniel Master,Bawa PLC,SEO,Hyderabad,217744
1687,Baljiwan Taneja,Narula-Kota,SEO,Delhi,118651
1688,Falan Mangal,Chadha-Mahajan,Website Development,Kolkata,129518
1689,Girish Subramaniam,Prakash LLC,Social Media Marketing,Hyderabad,28039
1690,Eta Choudhry,Tara-Borra,Website Development,Bangalore,81507
1691,Amara Chandran,Dhar-Devi,Email Marketing,Bangalore,127223
1692,Manbir Nadig,Sarna-Tata,Content Marketing,Bangalore,188618
1693,Harinakshi Virk,Wali Group,AI Chatbot Development,Ahmedabad,264449
1694,Kalpit Dara,"Sanghvi, Sampath and Kibe",Social Media Marketing,Hyderabad,157133
1695,Chavvi Grewal,"Golla, Zachariah and Bora",Social Media Marketing,Kolkata,264320
1696,Dayita Patla,"Mitra, Kapoor and Reddy",Google Ads,Kolkata,187894
1697,Girik Rao,Bhardwaj-Chad,Website Development,Pune,184061
1698,Oviya Mallick,Pillai-Raj,Content Marketing,Jaipur,136011
1699,Chaaya More,Lalla-Bala,Meta Ads,Jaipur,156720
1700,Tristan Behl,Khurana-Samra,Content Marketing,Hyderabad,99907
1701,Upasna Ramanathan,"Modi, Butala and Ramaswamy",Website Development,Pune,140596
1702,Hemani Anne,Kothari Group,Content Marketing,Bangalore,281777
1703,Ayushman Palla,Aurora-Khare,Social Media Marketing,Hyderabad,276178
1704,Theodore D’Alia,"Tank, Tella and Sethi",Email Marketing,Kolkata,108202
1705,Priya Dyal,Narayanan-Chanda,Social Media Marketing,Mumbai,93378
1706,Samesh Kalita,"Sinha, Mohanty and Vohra",Email Marketing,Mumbai,50792
1707,Pushti Narula,Chandra-Misra,SEO,Delhi,45435
1708,Kavya Korpal,"Lalla, Sibal and Ahuja",SEO,Ahmedabad,92085
1709,Sachi Dugar,Prasad-Baral,Website Development,Delhi,99183
1710,Rajata Doctor,"Lall, Chaudhuri and Halder",SEO,Bangalore,285149
1711,Patrick Hora,Bose Group,Email Marketing,Pune,51693
1712,Agastya Jayaraman,"Mangat, Menon and Mutti",Email Marketing,Kolkata,28247
1713,Noah Deep,Khalsa Inc,SEO,Ahmedabad,26213
1714,Harinakshi Patel,Batra Group,SEO,Hyderabad,170307
1715,Baghyawati Menon,"Lalla, Sheth and Prabhu",SEO,Ahmedabad,113987
1716,Hemang Nigam,Bala-Mallick,Google Ads,Delhi,294928
1717,Jai Dhar,Ravi Group,Meta Ads,Bangalore,120627
1718,Aarna Bail,Dada-Wable,AI Chatbot Development,Pune,160155
1719,Brijesh Jhaveri,"Zachariah, Walla and Lala",Content Marketing,Delhi,215586
1720,Zinal Sridhar,Dara Group,Content Marketing,Kolkata,147510
1721,Teerth Mand,Vohra Ltd,Website Development,Hyderabad,62266
1722,Upma Hegde,Jayaraman LLC,SEO,Delhi,232482
1723,Abha Borah,Din Ltd,Content Marketing,Ahmedabad,269563
1724,Tanish Edwin,Radhakrishnan-Setty,SEO,Jaipur,109854
1725,Maanav Das,"Wable, Kurian and Chakraborty",Google Ads,Kolkata,247493
1726,Leela Kala,Agate-Khatri,Social Media Marketing,Delhi,296907
1727,Wakeeta Chander,"Khare, Wason and Mand",SEO,Bangalore,130843
1728,Anay Bedi,Tiwari Ltd,Email Marketing,Hyderabad,44411
1729,Janya Jhaveri,Dey LLC,Google Ads,Hyderabad,37250
1730,Rajeshri Varma,"Kohli, Basak and Deshpande",Meta Ads,Pune,28209
1731,Tanay Kota,Bhatt PLC,Website Development,Mumbai,228821
1732,Warda Madan,Mangal-Din,Google Ads,Hyderabad,105170
1733,Saumya Hayre,Kala-Sarin,Website Development,Ahmedabad,193921
1734,Praneel Narayanan,"Samra, Vora and Sibal",Content Marketing,Mumbai,61118
1735,Krisha Thaman,Mani Ltd,Social Media Marketing,Jaipur,71215
1736,Dalbir Shah,Dayal-Gandhi,Content Marketing,Bangalore,59855
1737,Anusha Zachariah,Borra-Nori,Social Media Marketing,Ahmedabad,191115
1738,Vivaan Balakrishnan,"Roy, Mani and Dutt",SEO,Hyderabad,256218
1739,Reyansh Borra,"Bandi, Mannan and Badami",Email Marketing,Bangalore,206547
1740,Omisha Bhatia,Borde Inc,Content Marketing,Ahmedabad,117380
1741,Isha Seshadri,"Lata, Sibal and Dar",Content Marketing,Delhi,174863
1742,Dev Cheema,"Chhabra, Sinha and Shanker",Website Development,Delhi,63011
1743,Wishi Kara,Parmar Ltd,AI Chatbot Development,Mumbai,219229
1744,Rajeshri Sami,"Kuruvilla, Rama and Mittal",Meta Ads,Ahmedabad,186030
1745,Dipta Gokhale,Nigam-Wadhwa,Social Media Marketing,Delhi,67983
1746,Ekanta Prashad,Chaudhuri-Khurana,SEO,Hyderabad,253169
1747,Gavin Nayar,Bava-Rajan,Social Media Marketing,Hyderabad,73598
1748,Yug Lal,"Anne, Hans and Nayak",Meta Ads,Delhi,118247
1749,Aadhya Srinivas,Munshi-Mani,Content Marketing,Kolkata,288666
1750,Saksham Sodhi,Choudhary Group,Content Marketing,Delhi,33768
1751,Thomas Raman,"Pau, Bandi and Gandhi",Google Ads,Pune,68792
1752,George Bava,Oommen Inc,Social Media Marketing,Ahmedabad,26470
1753,Charita Sha,Palla Inc,AI Chatbot Development,Ahmedabad,223318
1754,Saksham Chauhan,Swaminathan-Raju,Google Ads,Bangalore,293208
1755,Neha Kari,Badal Group,Meta Ads,Ahmedabad,108867
1756,Yashawini Goel,"Lanka, Mital and Sinha",Meta Ads,Hyderabad,177879
1757,Upasna Setty,Dhaliwal-Sampath,AI Chatbot Development,Kolkata,96511
1758,Laban Dugal,"Som, Keer and Pillay",Google Ads,Mumbai,247895
1759,Udant Bumb,"Mangat, Bava and Halder",AI Chatbot Development,Ahmedabad,177156
1760,Eiravati Mitra,"Suresh, Dash and Dhar",Email Marketing,Delhi,209333
1761,Omisha Lata,Salvi LLC,AI Chatbot Development,Bangalore,279943
1762,Vanya Sunder,Bhat PLC,Website Development,Kolkata,76084
1763,Widisha Pathak,Salvi-Rama,Meta Ads,Hyderabad,23548
1764,Victor Borah,Manda Ltd,Content Marketing,Pune,219171
1765,Thomas Srinivas,Minhas-Raval,Social Media Marketing,Kolkata,195498
1766,Wriddhish Kalla,Deol PLC,Content Marketing,Mumbai,177514
1767,Ishanvi Subramanian,"Murthy, Boase and Kumar",Social Media Marketing,Bangalore,271139
1768,Zilmil Sachar,Thakkar and Sons,Social Media Marketing,Mumbai,228792
1769,Arin Vasa,"Badal, Randhawa and Natt",Social Media Marketing,Hyderabad,277429
1770,Chaitaly Subramaniam,"Mody, Deol and Atwal",Website Development,Pune,217161
1771,Christopher Parsa,"Walia, Ramachandran and Viswanathan",AI Chatbot Development,Ahmedabad,211373
1772,Max Verma,Mahajan-Bora,Google Ads,Bangalore,114333
1773,Maanas Borra,Dey-Manne,SEO,Kolkata,129916
1774,Quincy Balasubramanian,Dass-Sanghvi,Email Marketing,Hyderabad,56259
1775,Nandini Gulati,Babu-Sarma,Content Marketing,Kolkata,92969
1776,Henry Sundaram,Khatri-Sani,AI Chatbot Development,Bangalore,152477
1777,Vihaan Pall,"Hayer, Venkatesh and Kade",Meta Ads,Ahmedabad,217651
1778,Upadhriti Tiwari,"Uppal, Sunder and Samra",Google Ads,Kolkata,271257
1779,Robert Lal,Hegde Group,Content Marketing,Ahmedabad,39275
1780,Varsha Chad,"Prabhakar, Mahal and Shroff",Social Media Marketing,Delhi,77341
1781,Radhika Garde,"Kaur, Korpal and Sawhney",Website Development,Pune,107209
1782,Mohammed Chakraborty,"Dalal, Bhardwaj and Garde",SEO,Ahmedabad,193852
1783,Samuel Dubey,"Tata, Kalita and Prabhu",Content Marketing,Delhi,25530
1784,Vedant Batra,Sule and Sons,Google Ads,Hyderabad,136392
1785,Veda Gopal,Menon-Kadakia,Website Development,Kolkata,216146
1786,Ekapad Sundaram,"Khosla, Mall and Randhawa",Content Marketing,Kolkata,282388
1787,Manbir Golla,Patla PLC,Meta Ads,Pune,32877
1788,Reva Om,Tank-Malhotra,Email Marketing,Delhi,174891
1789,Maanas Gupta,Mistry-Goyal,Content Marketing,Delhi,80853
1790,Andrew Chaudhuri,"Bath, Chadha and Tara",Meta Ads,Pune,183520
1791,Ati Lata,"Yogi, Hari and Radhakrishnan",Social Media Marketing,Kolkata,128458
1792,Ubika Prakash,"Behl, Dhillon and Warrior",Email Marketing,Pune,269646
1793,Radhika Kala,Mohan-Kata,Google Ads,Kolkata,257212
1794,Osha Modi,"Kala, Basu and Chad",Social Media Marketing,Delhi,177424
1795,Wriddhish Devi,"Krishnan, Kale and Bahri",SEO,Delhi,31841
1796,Madhav Kashyap,"Bhagat, Banerjee and Nazareth",Social Media Marketing,Delhi,106168
1797,Zayan Swaminathan,Wali-Suri,Website Development,Mumbai,103957
1798,Yutika Parmar,Saha-Menon,Social Media Marketing,Ahmedabad,262249
1799,Vedant Goyal,Saxena-Sahni,Website Development,Ahmedabad,116705
1800,Om Mahajan,"Narang, Iyer and Munshi",Meta Ads,Ahmedabad,227399
1801,Mitali Nigam,"Arya, Doctor and Patel",SEO,Bangalore,255706
1802,Arjun Hari,Kamdar-Chanda,Content Marketing,Ahmedabad,22333
1803,Chakradev Sankar,Sachar PLC,Website Development,Bangalore,165932
1804,Peter Edwin,Dugar-Kashyap,Google Ads,Delhi,118020
1805,Watika Gour,Vasa-Devi,Social Media Marketing,Pune,123323
1806,Pavani Kara,"Dani, Pradhan and Sachar",Email Marketing,Delhi,157548
1807,Mugdha Vora,Mangat-Mandal,Email Marketing,Pune,223758
1808,Anay Bains,Halder-Rajagopal,Content Marketing,Delhi,202412
1809,Charan Natarajan,"Bhardwaj, Mishra and Comar",Social Media Marketing,Kolkata,110454
1810,Aayush Chatterjee,"Saini, Bal and Patla",AI Chatbot Development,Delhi,90227
1811,Kiaan Palla,Varma and Sons,Social Media Marketing,Delhi,145080
1812,Tanay Virk,Pai Ltd,AI Chatbot Development,Delhi,115968
1813,Veer Chakrabarti,Parmer-Deep,Social Media Marketing,Mumbai,287819
1814,Tanmayi Purohit,Aggarwal Group,Content Marketing,Ahmedabad,92282
1815,Pranit Narain,Agate Group,Content Marketing,Ahmedabad,117388
1816,Niharika Mangat,Devi LLC,Email Marketing,Mumbai,107485
1817,Hemang Khanna,"Bir, Patla and Kulkarni",Email Marketing,Hyderabad,93555
1818,Ekansh Deep,Gara LLC,Meta Ads,Pune,256454
1819,Yauvani Suresh,Kar-Minhas,SEO,Pune,25024
1820,Elijah Ganesh,"Wadhwa, Soni and Som",Email Marketing,Mumbai,122303
1821,Rishi Contractor,Palla Group,Content Marketing,Kolkata,234504
1822,Isha Kapoor,Mishra Group,Email Marketing,Ahmedabad,252706
1823,Ekta Lala,Tak LLC,Email Marketing,Mumbai,63343
1824,Eta Barman,Chaudhry PLC,SEO,Bangalore,173139
1825,Omisha Sachdev,Brar Ltd,SEO,Hyderabad,137882
1826,Vaishnavi Contractor,Sengupta-Biswas,AI Chatbot Development,Mumbai,259768
1827,Yachana Venkataraman,Kaul-Patla,Email Marketing,Delhi,79877
1828,Chameli Bandi,"Thaker, Mann and Khurana",AI Chatbot Development,Pune,41815
1829,Janani Ramakrishnan,Chaudhry-Virk,Email Marketing,Bangalore,242903
1830,Faris Kapadia,"Vasa, Rajagopal and Subramaniam",Google Ads,Bangalore,176085
1831,Hiral Ramesh,Hegde-Dora,SEO,Kolkata,157790
1832,Manya Chaudhuri,"Hari, Magar and Patil",Social Media Marketing,Delhi,250199
1833,Qabil Nadig,Agarwal and Sons,Google Ads,Bangalore,130036
1834,Anusha Loke,"Mani, Bassi and Menon",Social Media Marketing,Ahmedabad,107022
1835,Pallavi Patla,Wali PLC,Meta Ads,Bangalore,128497
1836,Nihal Vala,Sethi-Sachdev,SEO,Pune,299068
1837,Rajata Sarkar,Soni and Sons,AI Chatbot Development,Mumbai,189687
1838,Hiral Raman,"Shankar, Walia and Bhardwaj",AI Chatbot Development,Hyderabad,160164
1839,Aarush Sodhi,Pathak Group,Google Ads,Mumbai,235794
1840,Adweta Dhar,Taneja-Kaul,SEO,Hyderabad,86525
1841,Vanya Varghese,Sahni PLC,Meta Ads,Bangalore,96673
1842,Janani Mital,"Rama, Bahri and Chaudry",Social Media Marketing,Bangalore,225888
1843,Vanya Majumdar,Padmanabhan-Patla,Email Marketing,Mumbai,160885
1844,Chaman Sibal,"Sarin, Sibal and Thaker",Content Marketing,Ahmedabad,256973
1845,Onkar Dash,Nagarajan Inc,Google Ads,Delhi,231209
1846,Patrick Chakrabarti,Rastogi-Dewan,AI Chatbot Development,Pune,258391
1847,Falak Brar,Gopal Group,Email Marketing,Pune,21296
1848,Yashasvi Loyal,"Dhingra, Behl and Doctor",Google Ads,Kolkata,207811
1849,Farhan Srinivas,Verma-Setty,Google Ads,Ahmedabad,134205
1850,Aarnav Deo,Dixit-Bava,Content Marketing,Bangalore,279373
1851,Falak Swamy,"Viswanathan, Natt and Sangha",AI Chatbot Development,Pune,168684
1852,Bishakha Tata,"Hayre, Jha and Chadha",Social Media Marketing,Mumbai,274456
1853,Jeremiah Rao,Bedi LLC,Social Media Marketing,Jaipur,44087
1854,Yasti Memon,Sunder-Mohan,Google Ads,Kolkata,28536
1855,Kevin Ranganathan,Iyengar-Memon,Google Ads,Mumbai,251360
1856,Ridhi Kalla,Kaur Ltd,Email Marketing,Jaipur,244290
1857,Tamanna Bawa,"Datta, Kari and Pant",Website Development,Mumbai,178264
1858,Zehaan Oza,Sarin Inc,Meta Ads,Hyderabad,68937
1859,Dalaja Gola,Deshpande-Bhatia,Social Media Marketing,Hyderabad,63212
1860,Aarna Jaggi,"Parikh, Mistry and Chatterjee",Social Media Marketing,Mumbai,47151
1861,Chaman Ganesh,"Memon, Dave and Bajwa",Content Marketing,Hyderabad,142758
1862,Ikshita Hegde,Bumb-Narula,Content Marketing,Delhi,69903
1863,Hiral Narang,Varkey-Babu,SEO,Bangalore,269984
1864,Ishwar Peri,Pillay Ltd,Google Ads,Mumbai,138589
1865,Ladli Trivedi,"Narain, Khalsa and Sanghvi",Email Marketing,Jaipur,24227
1866,Aradhana Goyal,"Gole, Sethi and Mane",Social Media Marketing,Delhi,241414
1867,Pranit Sachdev,Wagle-Bhakta,Meta Ads,Kolkata,57134
1868,Falak Dara,"Dua, Tiwari and Raval",Website Development,Ahmedabad,66835
1869,Idika Dara,Rajan Ltd,Google Ads,Delhi,184286
1870,Unni Balasubramanian,Khare Inc,Social Media Marketing,Hyderabad,91895
1871,Krishna Sandal,Bera-Peri,Content Marketing,Mumbai,94896
1872,Oeshi Sahota,Sagar-Master,Google Ads,Jaipur,106044
1873,Nirja Shankar,Sethi Group,Email Marketing,Pune,131702
1874,Bhavika Saini,Sandhu LLC,Meta Ads,Ahmedabad,251936
1875,Rehaan Soni,Merchant-Padmanabhan,Website Development,Delhi,72672
1876,Jagat Bali,Chad and Sons,Meta Ads,Delhi,221343
1877,Tamanna D’Alia,Kara-Dalal,Social Media Marketing,Ahmedabad,184890
1878,Sai Doctor,Mangat Ltd,Meta Ads,Bangalore,165210
1879,Zayyan Pai,"Ganesh, Sawhney and Chaudry",Google Ads,Bangalore,169380
1880,Yashica Salvi,Bhardwaj Ltd,SEO,Hyderabad,127712
1881,Nicholas Tiwari,Virk-Tank,Website Development,Ahmedabad,174949
1882,Aarini Tailor,Shan and Sons,SEO,Bangalore,279463
1883,Yoshita Manne,Puri Ltd,Content Marketing,Delhi,146396
1884,Upkaar Sahota,Ranganathan-Singh,Email Marketing,Delhi,296974
1885,Yatin Vohra,Chauhan Ltd,SEO,Pune,185922
1886,Bhavani Rajagopal,Chopra-Bhandari,Meta Ads,Ahmedabad,240653
1887,Nitesh Sharma,Sastry-Dhar,Social Media Marketing,Mumbai,266947
1888,Saumya Sridhar,Johal-Sule,Google Ads,Jaipur,55406
1889,Chaitanya Borra,Loyal and Sons,SEO,Hyderabad,133111
1890,Azaan Dugal,"Pandit, Prasad and Ganguly",SEO,Jaipur,228653
1891,Agastya Bhagat,"Bhatia, Balay and Sastry",AI Chatbot Development,Ahmedabad,242075
1892,Devansh Sastry,Agrawal Group,Content Marketing,Delhi,100048
1893,Tanay Dhillon,Deo-Lad,AI Chatbot Development,Delhi,182480
1894,Maya Sama,"Warrior, Sahota and Khanna",Google Ads,Bangalore,101462
1895,Varenya Tiwari,Dave Inc,Social Media Marketing,Ahmedabad,54663
1896,Bhanumati Ganesh,"Kunda, Ranganathan and Amble",AI Chatbot Development,Ahmedabad,145114
1897,Pranav Salvi,Arya-Shankar,SEO,Bangalore,65200
1898,Dalbir Nanda,Lala-Sharaf,Content Marketing,Delhi,257697
1899,Varsha Sankaran,Panchal Ltd,SEO,Hyderabad,112089
1900,Falguni Goswami,"Gour, Parmer and Pandey",Google Ads,Jaipur,91938
1901,Abeer Tank,"Sibal, Batra and Sharma",SEO,Mumbai,280263
1902,Jack Dutta,Gera Ltd,Social Media Marketing,Hyderabad,107536
1903,Rajata Yogi,Tripathi Ltd,Social Media Marketing,Mumbai,160909
1904,Kai Bir,Rau-Dewan,Google Ads,Jaipur,195642
1905,Rudra Chawla,"Divan, Virk and Chhabra",Content Marketing,Hyderabad,294650
1906,Lavanya Kadakia,"Sundaram, Walla and Kala",Google Ads,Hyderabad,60406
1907,Akshay Sem,Yohannan-Chacko,Email Marketing,Kolkata,287796
1908,Yashoda Sur,"Keer, Dar and Chandra",Social Media Marketing,Jaipur,281939
1909,Wriddhish Ramachandran,Dey-Wadhwa,Meta Ads,Pune,102475
1910,Ikshita Chowdhury,Luthra Inc,AI Chatbot Development,Delhi,80468
1911,Tristan Jani,"Krishnan, Brahmbhatt and Rege",Website Development,Jaipur,43088
1912,Reyansh Sanghvi,Wable-Krishna,SEO,Bangalore,44107
1913,Riya Handa,Arora-Kulkarni,Email Marketing,Pune,220791
1914,Owen Buch,Pathak-Raju,Meta Ads,Mumbai,38540
1915,Gautami Singh,Sem PLC,Content Marketing,Bangalore,188716
1916,Rehaan Cherian,"Lata, Mitra and Agate",Website Development,Ahmedabad,187738
1917,Ekaraj Bajwa,Dar-Rout,AI Chatbot Development,Delhi,215458
1918,Yashawini Rau,Kapur-Ahluwalia,Google Ads,Jaipur,114028
1919,Tanay Tak,Sundaram-Badami,Website Development,Jaipur,230200
1920,Fitan Bhandari,Sarraf-Radhakrishnan,Google Ads,Kolkata,168010
1921,Aadi Raman,Dhingra-Rau,AI Chatbot Development,Pune,65290
1922,Jai Barad,Buch-Chakraborty,Email Marketing,Jaipur,213419
1923,Ethan Dora,"Kala, Kumar and Rajan",Website Development,Hyderabad,179336
1924,Ati Arya,Grover-Samra,Website Development,Kolkata,213081
1925,Ridhi Thakkar,"Kalita, Sahota and Buch",Email Marketing,Bangalore,148517
1926,Ansh D’Alia,"Sabharwal, Baria and Anand",Meta Ads,Jaipur,234977
1927,Yamini Viswanathan,Upadhyay Ltd,SEO,Bangalore,201625
1928,Lipika Bora,Srinivasan Inc,SEO,Pune,20766
1929,Gunbir Palla,"Kadakia, Kulkarni and Upadhyay",Content Marketing,Hyderabad,74499
1930,Arya Sathe,Sami Ltd,Website Development,Bangalore,240104
1931,Naveen Acharya,"Tata, Nagy and Barman",Email Marketing,Jaipur,94644
1932,Jyoti Ratti,Parmar-Trivedi,AI Chatbot Development,Delhi,43016
1933,Leela Solanki,Lalla-Pal,Website Development,Ahmedabad,215293
1934,Yashawini Sem,Nayak Ltd,Email Marketing,Delhi,70109
1935,Kashvi Sunder,"Hayre, Khare and Nadig",Meta Ads,Ahmedabad,59232
1936,Ishanvi Sundaram,Acharya-Raja,SEO,Ahmedabad,88528
1937,Rajeshri Kala,Dhaliwal-Bahl,Website Development,Hyderabad,156834
1938,Lopa Pandya,"Sha, Dora and Iyer",Social Media Marketing,Ahmedabad,191049
1939,Yash Aggarwal,Bhattacharyya-Bhatia,Social Media Marketing,Kolkata,162583
1940,Azaan Joshi,Acharya PLC,Website Development,Delhi,126279
1941,Agastya Kapadia,Bath-Palla,Meta Ads,Delhi,101479
1942,Aadhya Bhargava,"Modi, Doctor and Tiwari",Google Ads,Mumbai,255702
1943,Banjeet Kale,Bhatti and Sons,Email Marketing,Pune,233129
1944,Laksh Virk,Choudhary Group,Google Ads,Pune,128861
1945,Sarthak Wadhwa,"Joshi, Rana and Bhatnagar",Email Marketing,Hyderabad,262927
1946,Sudiksha Roy,"Mitter, Sahni and Virk",AI Chatbot Development,Delhi,67406
1947,Raagini Iyengar,Vora-Narang,Meta Ads,Hyderabad,41144
1948,Hemangini Vala,Purohit LLC,Website Development,Pune,97764
1949,Rishi Upadhyay,"Soman, Kant and Som",Google Ads,Bangalore,206511
1950,Ishwar Pall,Sagar-Bajaj,Content Marketing,Jaipur,176678
1951,Keya Gour,Ramaswamy LLC,AI Chatbot Development,Mumbai,36295
1952,Champak Rajagopalan,Krishnamurthy PLC,Content Marketing,Kolkata,150994
1953,Wahab Kapur,Dhillon-Zachariah,Google Ads,Kolkata,73428
1954,Hemal Babu,Sen Group,Meta Ads,Delhi,26268
1955,Faraj Dube,Bobal-Kaur,SEO,Bangalore,88532
1956,Pushti Swamy,Mitter-Goswami,Website Development,Ahmedabad,215160
1957,Hemal Swamy,Kamdar Ltd,Google Ads,Hyderabad,59314
1958,Wyatt Bhargava,Nadkarni and Sons,SEO,Delhi,123678
1959,Rushil Rattan,Sodhi-Padmanabhan,Email Marketing,Mumbai,68223
1960,Avni Venkataraman,"Bal, Golla and Merchant",Social Media Marketing,Delhi,42385
1961,Maya Datta,"Bhalla, Mukhopadhyay and Patel",Email Marketing,Jaipur,108074
1962,Dhruv Varughese,"Chaudhry, Thakkar and Kaur",Content Marketing,Ahmedabad,280113
1963,Vidhi Parmar,"Bava, Nanda and Karnik",SEO,Ahmedabad,243694
1964,Chatresh Bhat,"Basak, Jha and Malhotra",Meta Ads,Pune,132573
1965,Unnati Loke,"Suresh, Chaudhuri and Uppal",Meta Ads,Hyderabad,166724
1966,Gabriel Muni,Suri-Anne,Email Marketing,Mumbai,38166
1967,Krishna Chakraborty,"Deo, Savant and Gaba",Website Development,Hyderabad,281562
1968,Pranav Bhargava,"Gade, Chhabra and Sama",Content Marketing,Kolkata,51970
1969,Nihal Kamdar,Zacharia-Maharaj,Google Ads,Hyderabad,220810
1970,Devika Upadhyay,Ramachandran-Anand,Meta Ads,Ahmedabad,124573
1971,Vrinda Nadkarni,Purohit-Mody,Website Development,Jaipur,220539
1972,Krishna Dara,"Nayar, Sethi and Dara",Social Media Marketing,Kolkata,274111
1973,Xiti Kohli,"Yohannan, Manda and Ray",Social Media Marketing,Pune,223623
1974,Jai Arya,Sama LLC,AI Chatbot Development,Mumbai,33664
1975,Sarthak Devan,"Sarma, Datta and Mani",Social Media Marketing,Bangalore,35363
1976,Gabriel Mutti,"Bhardwaj, Wali and Maharaj",AI Chatbot Development,Jaipur,267298
1977,Yashodhara Swaminathan,Doshi Inc,Social Media Marketing,Bangalore,103689
1978,Harinakshi Jhaveri,Hayre-Barad,Google Ads,Bangalore,146433
1979,Zehaan Patel,Choudhury-Singhal,AI Chatbot Development,Jaipur,135034
1980,Arin Kaur,"Choudhary, Raja and Rattan",Content Marketing,Pune,111075
1981,Zayan Narula,Andra LLC,Meta Ads,Bangalore,186725
1982,Advika Venkataraman,Viswanathan PLC,Social Media Marketing,Jaipur,204382
1983,Aarna Sule,"Kapadia, Dyal and Nigam",Meta Ads,Bangalore,278068
1984,Sanaya Sabharwal,Oza-Char,AI Chatbot Development,Mumbai,277129
1985,Radhika Bajwa,Kannan-Kari,SEO,Delhi,49448
1986,Tanmayi Puri,Kade-Bala,Website Development,Bangalore,30448
1987,Vansha Subramaniam,"Banik, Dhillon and Bobal",Email Marketing,Jaipur,193924
1988,Xavier Chauhan,Aggarwal Inc,Website Development,Mumbai,198655
1989,Anay Nagar,"Patla, Bhat and Mistry",Meta Ads,Pune,51224
1990,Rishi Chanda,Rattan and Sons,SEO,Mumbai,94266
1991,Arin Sehgal,Sarin Ltd,Google Ads,Pune,58027
1992,Zashil Singh,Chaudhuri-Mishra,Social Media Marketing,Ahmedabad,72969
1993,Samaksh Bhasin,Kale PLC,Social Media Marketing,Hyderabad,189136
1994,Simon Sankar,Vala-Sahni,Meta Ads,Mumbai,249044
1995,Ishanvi Doctor,Gole and Sons,Email Marketing,Pune,111332
1996,Varsha Chahal,Mistry-Pillay,Social Media Marketing,Bangalore,111934
1997,Amol Palla,Yogi-Chaudhry,Content Marketing,Hyderabad,174411
1998,Vaishnavi Mutti,Parekh LLC,Meta Ads,Mumbai,20942
1999,Chanakya Subramanian,Sridhar Ltd,Content Marketing,Jaipur,115463
2000,Nathan Chokshi,Pathak-Pant,Social Media Marketing,Bangalore,74583
2001,Veda Sundaram,"Ganguly, Om and Vohra",Email Marketing,Mumbai,193627
2002,Nimrat Roy,"Nori, Setty and Rama",Google Ads,Bangalore,201828
2003,Damini Palla,"Sethi, Wadhwa and Cheema",Social Media Marketing,Mumbai,66517
2004,Advaith Datta,Jayaraman Group,Social Media Marketing,Kolkata,25974
2005,Leena Suri,"Prabhakar, Koshy and Mann",AI Chatbot Development,Bangalore,150831
2006,Alka Bhatnagar,Dewan Ltd,Google Ads,Pune,154562
2007,Zayyan Walla,Deshpande-Sehgal,Google Ads,Jaipur,45243
2008,Arya Khurana,Badal-Krishna,Content Marketing,Kolkata,240019
2009,Eiravati Dhar,Raju PLC,Meta Ads,Ahmedabad,278516
2010,Akshay Wason,Ben-Deol,Content Marketing,Pune,216790
2011,Sathvik Menon,"Krish, Mukhopadhyay and Upadhyay",Google Ads,Kolkata,138270
2012,Eiravati Ganesan,"Murty, Ganguly and Dass",Meta Ads,Kolkata,58644
2013,Lopa Prabhakar,Prashad PLC,SEO,Hyderabad,30526
2014,Bimala Padmanabhan,Palla and Sons,Social Media Marketing,Hyderabad,74906
2015,Yamini Karan,"Varty, Varkey and Amble",Google Ads,Pune,109184
2016,Bhavini Yadav,Pandey-Tata,Content Marketing,Mumbai,59322
2017,Charita Dar,Dua-Ram,Google Ads,Pune,273093
2018,Dayamai Kant,Sunder-Doctor,SEO,Ahmedabad,106506
2019,Faraj Gole,Garg PLC,Content Marketing,Mumbai,48078
2020,Geetika Dutt,Kata-Narayan,Google Ads,Pune,127767
2021,Mitali Sodhi,Khurana and Sons,Website Development,Ahmedabad,159075
2022,Nidra Patla,Sridhar-Chatterjee,AI Chatbot Development,Hyderabad,144543
2023,Udant Sehgal,"Ranganathan, Kalita and Nigam",Google Ads,Jaipur,225993
2024,Oliver Prabhu,Jayaraman Inc,Email Marketing,Mumbai,48576
2025,Anthony Sekhon,Dubey-Chatterjee,Social Media Marketing,Jaipur,244188
2026,Umang Grewal,Kashyap-Banik,Google Ads,Hyderabad,271830
2027,Samesh Prakash,Bedi-Gupta,Website Development,Delhi,33492
2028,Onveer Jayaraman,"Kala, Soman and Dhingra",Website Development,Mumbai,172993
2029,Neelima Agarwal,Rattan-Karan,Google Ads,Kolkata,80559
2030,Suhani Subramaniam,"Krishnamurthy, Dugar and Samra",AI Chatbot Development,Ahmedabad,266910
2031,Lopa Master,"Chahal, Natarajan and Kurian",Email Marketing,Hyderabad,67781
2032,Anmol Kala,Babu-Sengupta,Content Marketing,Mumbai,214521
2033,Akshay Pradhan,Chaudhuri-Ravi,Content Marketing,Pune,117823
2034,Unnati Virk,Pandit PLC,Email Marketing,Jaipur,158042
2035,Kalpit Ray,"Chaudhry, Aurora and Choudhury",Email Marketing,Kolkata,158097
2036,Neelima Palla,Gala-Mani,Website Development,Hyderabad,52316
2037,Upma Sane,Rout-Wadhwa,Meta Ads,Delhi,64935
2038,Amruta Bahl,Dixit Ltd,Social Media Marketing,Ahmedabad,139282
2039,Vasudha Sibal,Oak-Nair,SEO,Ahmedabad,293983
2040,Samaksh Malhotra,"Bhat, Devan and Bhavsar",Content Marketing,Kolkata,143544
2041,Dhruv Raval,"Baria, Pradhan and Shanker",Email Marketing,Hyderabad,61395
2042,Nicholas Banerjee,More LLC,Content Marketing,Jaipur,283245
2043,Yadavi Issac,Suresh-Ganesh,Meta Ads,Delhi,255426
2044,Lopa Shere,Halder-Gandhi,Meta Ads,Mumbai,131091
2045,Shaurya Ghosh,"Mandal, Bhavsar and Sidhu",Website Development,Mumbai,42374
2046,Chaaya Bal,Chada Group,Content Marketing,Delhi,248271
2047,Om Dhawan,Kibe Group,Website Development,Mumbai,155206
2048,Pahal Chand,Sunder Ltd,Social Media Marketing,Delhi,65627
2049,Urvashi Bath,"Acharya, Sehgal and Sarin",Content Marketing,Ahmedabad,190984
2050,Tanmayi Manne,Agate and Sons,AI Chatbot Development,Kolkata,26482
2051,Watika Bhardwaj,Kale and Sons,Content Marketing,Delhi,237287
2052,Aarini Dass,Tailor-Nath,Meta Ads,Mumbai,72535
2053,Logan Kulkarni,Saini PLC,Google Ads,Delhi,169995
2054,Agastya Mitra,Cheema-Butala,Social Media Marketing,Ahmedabad,158483
2055,Charvi Chaudhari,Prashad PLC,Content Marketing,Kolkata,268012
2056,Amrita Memon,Shere Inc,SEO,Mumbai,164396
2057,Eshana Yadav,Chatterjee Group,Content Marketing,Mumbai,230616
2058,William Gupta,"Majumdar, Narula and Boase",SEO,Ahmedabad,193798
2059,Tanvi Kannan,"Jaggi, Dalal and Nori",Website Development,Jaipur,269151
2060,Krishna Sangha,Chaudhuri LLC,AI Chatbot Development,Pune,30607
2061,Tamanna Sant,Rao-Kuruvilla,Social Media Marketing,Hyderabad,183026
2062,Abha Prasad,Suri-Tak,AI Chatbot Development,Kolkata,71494
2063,Kai Kara,Kota PLC,Website Development,Mumbai,177538
2064,Chatura Chawla,Dugar Group,Email Marketing,Pune,161253
2065,Amara Seth,Talwar Group,Content Marketing,Delhi,118532
2066,Ansh Lad,Dhawan-Raj,Email Marketing,Bangalore,233474
2067,Veer Rama,Atwal Group,Email Marketing,Pune,49468
2068,Nandini Pai,"Bal, Varty and Om",Meta Ads,Delhi,183118
2069,Brijesh Mittal,Bains Group,Content Marketing,Mumbai,294876
2070,Harinakshi Sodhi,Wable PLC,SEO,Mumbai,121063
2071,Harsh Ganesan,"Bumb, Baral and Suri",Website Development,Jaipur,150804
2072,Isha Mammen,Saxena LLC,SEO,Kolkata,46507
2073,Chaman Tiwari,Mitter Ltd,Social Media Marketing,Bangalore,163643
2074,Megha Varty,Kashyap-Saran,Social Media Marketing,Kolkata,284831
2075,Laban Prashad,Kala-Narain,Content Marketing,Delhi,36023
2076,Nathan Som,Pai Inc,Website Development,Pune,276265
2077,Hardik Kalita,"More, Nagarajan and Pant",Email Marketing,Mumbai,268817
2078,Samaksh Seth,"Sura, Mody and Dass",Social Media Marketing,Pune,105728
2079,Hardik Dara,"Bhatt, Sood and Buch",AI Chatbot Development,Delhi,169458
2080,Saanvi Ghosh,"Suri, Doshi and Dash",SEO,Ahmedabad,46031
2081,Gaurangi Goswami,"Acharya, Yohannan and Sarin",Meta Ads,Bangalore,136051
2082,Mugdha Sahota,Garde Group,Website Development,Bangalore,161077
2083,Elijah Garde,Kumer-Dube,Content Marketing,Jaipur,24665
2084,Max Shere,Seth-Pradhan,Email Marketing,Mumbai,110807
2085,Teerth Chand,Raman-Kapadia,SEO,Bangalore,152325
2086,Wakeeta Chaudhry,"Agrawal, Pingle and Sani",AI Chatbot Development,Hyderabad,242196
2087,Hiral Toor,Chahal-Rajagopalan,Content Marketing,Pune,260647
2088,Yauvani Grover,"Loke, Shenoy and Kadakia",AI Chatbot Development,Bangalore,264684
2089,Darika Gupta,"Toor, Master and Nadig",AI Chatbot Development,Ahmedabad,73641
2090,Kevin Raja,Hans-Chatterjee,SEO,Pune,168204
2091,Wriddhish Arora,Kade-Balan,AI Chatbot Development,Delhi,272569
2092,Ucchal Sankaran,"Malhotra, Pillai and Kulkarni",Google Ads,Pune,164956
2093,Tripti Bhandari,Puri Group,Social Media Marketing,Hyderabad,156916
2094,Dalaja Shankar,Thaker-Varughese,AI Chatbot Development,Bangalore,98606
2095,Chandani Brar,Mangat-Devi,Website Development,Jaipur,231863
2096,Aadhya Ramanathan,"Rao, Borra and Khare",Social Media Marketing,Mumbai,33345
2097,Harsh Parsa,Tripathi Group,Email Marketing,Hyderabad,156014
2098,Balveer Kothari,Balasubramanian Inc,Content Marketing,Ahmedabad,223567
2099,Vaishnavi Hora,Misra LLC,SEO,Bangalore,199918
2100,Daksha Wagle,"Deo, Shroff and Prabhu",Website Development,Kolkata,207955
2101,Wakeeta Naik,Bala-Desai,AI Chatbot Development,Mumbai,114967
2102,Samesh Savant,Narasimhan Ltd,AI Chatbot Development,Delhi,266824
2103,Rudra Sachdeva,Baria-Narasimhan,Meta Ads,Hyderabad,115980
2104,Zaitra Bala,"Bhat, Chaudhari and Bains",Social Media Marketing,Delhi,136524
2105,Anay Srivastava,Das-Koshy,Social Media Marketing,Bangalore,181001
2106,Darpan Rajan,Suresh Group,Content Marketing,Pune,214868
2107,Yutika Sura,"Shankar, Kohli and Mand",AI Chatbot Development,Hyderabad,263144
2108,Ayushman Rege,"Bali, Lall and Chopra",Google Ads,Kolkata,48142
2109,Raghav Karpe,"Mital, Khalsa and Naidu",Google Ads,Kolkata,121996
2110,Zayan Majumdar,Deshmukh PLC,Google Ads,Ahmedabad,297787
2111,Charles Gola,"Nori, Vaidya and Bir",AI Chatbot Development,Ahmedabad,48344
2112,Bhavya Chandra,"Chad, Menon and Nanda",Meta Ads,Mumbai,125013
2113,Neel Maharaj,Trivedi PLC,Social Media Marketing,Ahmedabad,259899
2114,Ansh Deep,Khare-Banerjee,Meta Ads,Pune,114558
2115,Lila Murthy,"Behl, Tailor and Swamy",Google Ads,Kolkata,194393
2116,Jhalak Wason,Butala-Ray,Meta Ads,Pune,50415
2117,Guneet Gokhale,Chanda-Som,SEO,Kolkata,163407
2118,Aayush Khanna,"Lal, Narasimhan and Agate",Website Development,Mumbai,103065
2119,Upasna Kumer,"Krishnan, Bedi and Dasgupta",Email Marketing,Delhi,87845
2120,Parth Raju,Ghose-Gulati,Content Marketing,Ahmedabad,231494
2121,Pallavi Choudhury,"Kapur, Chaudhari and Ganesan",Content Marketing,Kolkata,220968
2122,Indali Guha,Thakkar Ltd,SEO,Jaipur,299855
2123,Harsh Issac,Bath Inc,Website Development,Pune,27380
2124,Warhi Ahuja,Mohan Group,Social Media Marketing,Bangalore,29393
2125,Baljiwan Mangat,Mitter Ltd,SEO,Bangalore,138628
2126,Vanya Mangat,Narain-Karan,Social Media Marketing,Hyderabad,87596
2127,Christopher Banik,"Upadhyay, Sethi and Mand",Google Ads,Ahmedabad,283893
2128,Lopa Ram,Sule-Suresh,AI Chatbot Development,Mumbai,54229
2129,Tarak Comar,Naidu LLC,SEO,Hyderabad,172477
2130,Sachi Cherian,"Shan, Nath and Saran",Email Marketing,Pune,247365
2131,Isaiah Parekh,"Choudhry, Vasa and Sheth",Meta Ads,Pune,276994
2132,Advika Mohanty,Singh-Sunder,Social Media Marketing,Bangalore,106446
2133,Jasmit Agrawal,Magar and Sons,Content Marketing,Jaipur,139756
2134,Chandani Kapoor,"Ben, Panchal and Majumdar",Website Development,Mumbai,130724
2135,Onkar Kumer,Kala-Dhar,SEO,Mumbai,84572
2136,Harini Subramaniam,Menon and Sons,Social Media Marketing,Jaipur,216708
2137,Logan Srivastava,"Bora, Sen and Johal",AI Chatbot Development,Jaipur,45145
2138,Ekantika Brar,"Varughese, Bahri and Hans",Google Ads,Jaipur,45289
2139,Ojas Ratta,Nadkarni-Buch,Google Ads,Ahmedabad,252948
2140,Arya Khare,Bora-Bansal,Content Marketing,Delhi,152507
2141,Jonathan Kala,Kar and Sons,Email Marketing,Mumbai,127738
2142,Jonathan Salvi,Wali LLC,SEO,Hyderabad,240657
2143,Tarak Lad,"Aggarwal, Mahajan and Mahal",Google Ads,Hyderabad,91913
2144,Pushti Kanda,Peri and Sons,Content Marketing,Delhi,288217
2145,Xavier Hayer,Kashyap PLC,Google Ads,Hyderabad,79775
2146,Frederick Bhavsar,Tiwari and Sons,Google Ads,Kolkata,124148
2147,Ekantika Chana,Rana-Narayanan,Website Development,Hyderabad,294279
2148,Anthony Solanki,"Chauhan, Khanna and Sarraf",Website Development,Pune,234830
2149,Dakshesh Roy,Khatri Ltd,AI Chatbot Development,Mumbai,40659
2150,Ishita Kibe,"Raju, Butala and Prashad",Email Marketing,Bangalore,272006
2151,Orinder Buch,Johal-Karan,Social Media Marketing,Bangalore,21435
2152,Samar Sawhney,Pingle LLC,SEO,Delhi,77897
2153,Baljiwan Choudhry,"Sha, Joshi and Rattan",Email Marketing,Mumbai,67229
2154,Hema Bawa,Saini Group,Google Ads,Delhi,154161
2155,Hiral Jani,"Dhaliwal, Deep and Vaidya",Website Development,Kolkata,175200
2156,Panini Kurian,Wali-Rao,AI Chatbot Development,Kolkata,46256
2157,Naksh Acharya,Saraf Inc,Google Ads,Mumbai,40680
2158,Ojas Mishra,Acharya Ltd,AI Chatbot Development,Pune,183948
2159,Noah Merchant,Sachar and Sons,Content Marketing,Delhi,69806
2160,Nihal Khalsa,Andra-Agate,SEO,Jaipur,92558
2161,Advika Shankar,Kala-Nayak,Meta Ads,Pune,207447
2162,Warhi Bhat,Sant-Nagar,Email Marketing,Hyderabad,68733
2163,Yashawini Dora,"Keer, Goyal and Murty",Social Media Marketing,Pune,115876
2164,Advika Palla,"Kala, Sem and Ben",Google Ads,Ahmedabad,229846
2165,Elijah Pai,Deo-Bhandari,Email Marketing,Hyderabad,222226
2166,Chandran Pant,"Kumar, Sethi and Uppal",Email Marketing,Ahmedabad,107440
2167,Yadavi Jhaveri,Lal-Khare,Google Ads,Mumbai,50747
2168,Maanas Baral,Dyal LLC,Meta Ads,Delhi,238118
2169,Devansh Saha,Dara and Sons,Email Marketing,Kolkata,115032
2170,Avni Chana,"Bhatnagar, Gaba and Hayre",Content Marketing,Pune,35108
2171,Aarav Patil,Venkatesh-Toor,Meta Ads,Kolkata,275916
2172,Panini Chand,Sur Group,Google Ads,Ahmedabad,251047
2173,Hritik Anand,Lad PLC,SEO,Delhi,157160
2174,Jairaj Yadav,"Bose, Rege and Bora",Social Media Marketing,Jaipur,295155
2175,Advaith Puri,Chanda Ltd,Website Development,Pune,292157
2176,Yamini Anand,Hans and Sons,Google Ads,Ahmedabad,150325
2177,Upkaar Patla,Doctor-Sangha,Email Marketing,Pune,221786
2178,Christopher Upadhyay,Chatterjee and Sons,Meta Ads,Jaipur,26105
2179,Naveen Oak,"Ben, Bains and Varty",Meta Ads,Kolkata,279960
2180,Sathvik Bala,Sagar-Varkey,Meta Ads,Delhi,277765
2181,Karan Bhavsar,Bhargava-Muni,Social Media Marketing,Bangalore,193484
2182,Chandresh Sunder,"Padmanabhan, Natarajan and Swaminathan",AI Chatbot Development,Jaipur,285776
2183,Yahvi Choudhury,Kale PLC,Website Development,Ahmedabad,231433
2184,Tanish Barad,Naik-Pai,Website Development,Delhi,260697
2185,Aahana Walla,Gaba and Sons,Email Marketing,Kolkata,66147
2186,Chameli Soman,"Golla, Bhalla and Mody",Email Marketing,Kolkata,185707
2187,Imaran Loyal,Gill Group,Google Ads,Kolkata,29316
2188,Zaitra Iyer,Lal-Setty,Google Ads,Ahmedabad,236184
2189,Eshana Kadakia,Golla PLC,SEO,Jaipur,67655
2190,Krish Peri,Kota-Bains,AI Chatbot Development,Bangalore,259184
2191,Ekaraj Amble,Soman-Iyer,Social Media Marketing,Pune,48455
2192,Balveer Chawla,Mahajan Ltd,Website Development,Kolkata,194049
2193,Gayathri Patla,"Bhalla, Saini and Khare",Email Marketing,Pune,257257
2194,Gavin Minhas,Wadhwa-Biswas,Google Ads,Delhi,136259
2195,Arunima Natarajan,Dua PLC,SEO,Pune,206195
2196,Hredhaan Kohli,Kanda LLC,AI Chatbot Development,Pune,75743
2197,Anjali Karpe,Varughese-Garde,SEO,Mumbai,278171
2198,William Yadav,Khurana and Sons,Meta Ads,Ahmedabad,76078
2199,Upkaar Narayanan,Yadav PLC,AI Chatbot Development,Bangalore,118326
2200,Wyatt Iyengar,"Sabharwal, Dugar and Bhasin",Google Ads,Ahmedabad,133030
2201,Sanya Iyengar,Konda Inc,Email Marketing,Bangalore,197174
2202,Abhimanyu Mammen,"Dayal, Nanda and Dass",Google Ads,Ahmedabad,44379
2203,Yamini Parsa,Chana Group,Google Ads,Kolkata,259802
2204,Chameli Din,"Bhat, Issac and Basu",Meta Ads,Kolkata,22274
2205,Aashi Gill,Nanda-Agrawal,SEO,Ahmedabad,273195
2206,Ria Chahal,Yohannan Inc,Meta Ads,Mumbai,87309
2207,Nimrat Nadkarni,"Gola, Sethi and Luthra",Google Ads,Ahmedabad,188738
2208,Ishani Ganesh,"Sheth, Mutti and Dixit",Content Marketing,Ahmedabad,150148
2209,Azaan Mane,Varghese LLC,AI Chatbot Development,Ahmedabad,199756
2210,Onveer Sule,Wason-Lal,AI Chatbot Development,Kolkata,89925
2211,Hredhaan Nair,Bhasin-Natarajan,Meta Ads,Ahmedabad,288589
2212,Chanakya Padmanabhan,Morar PLC,AI Chatbot Development,Pune,133950
2213,Forum Gara,Peri-Sarna,Website Development,Bangalore,172347
2214,Ryan Lanka,Ray-Dayal,Social Media Marketing,Mumbai,113225
2215,Pallavi Warrior,Sha Inc,Social Media Marketing,Delhi,204674
2216,Chaitaly Parsa,Dhar-Mahajan,Email Marketing,Ahmedabad,299918
2217,Priya Ratta,"Borah, Prasad and Konda",AI Chatbot Development,Ahmedabad,26695
2218,Zansi Mander,Sachdev Group,Google Ads,Jaipur,219685
2219,Kashish Acharya,Naik-Morar,Meta Ads,Jaipur,49677
2220,Raghav Lall,Minhas-Bhatt,Website Development,Hyderabad,104376
2221,Nidra Karnik,Doctor LLC,AI Chatbot Development,Hyderabad,96770
2222,Anya Pradhan,Srivastava-Das,SEO,Hyderabad,126955
2223,Ansh Mitter,Agrawal-Desai,SEO,Pune,257289
2224,Jagdish Ramachandran,"Khatri, Tailor and Lad",Google Ads,Bangalore,223888
2225,Hema Butala,Sampath LLC,Website Development,Hyderabad,44630
2226,Zansi Issac,Magar-Wable,Content Marketing,Ahmedabad,238400
2227,Fariq Sehgal,Lad Group,Social Media Marketing,Jaipur,26797
2228,Zansi Prakash,Sidhu-Narayanan,AI Chatbot Development,Bangalore,252293
2229,Banjeet Gulati,Mall and Sons,Website Development,Pune,123006
2230,Ekani Shetty,Prakash-Murthy,Website Development,Hyderabad,255308
2231,Farhan Sachdev,Brar-Mukherjee,Meta Ads,Delhi,118029
2232,Aachal Nanda,Arya and Sons,Meta Ads,Delhi,217760
2233,Vedhika Baral,Bora Inc,SEO,Ahmedabad,166335
2234,Jagat Chopra,Viswanathan-Sama,AI Chatbot Development,Mumbai,104373
2235,Rachita Sabharwal,Acharya Inc,AI Chatbot Development,Jaipur,193310
2236,Damini Raj,Iyer-Cheema,Email Marketing,Mumbai,40940
2237,Tanvi Parekh,Bhattacharyya Inc,Meta Ads,Pune,46662
2238,Patrick Om,"Kalla, Chakraborty and Saran",AI Chatbot Development,Kolkata,207739
2239,Isaac Andra,Gola-Hari,Google Ads,Pune,295458
2240,Faraj Kaul,Srivastava-Sule,Website Development,Mumbai,292947
2241,Tanay Munshi,Chaudry-Shukla,Google Ads,Mumbai,238067
2242,Zayyan Sheth,Chaudhry and Sons,Content Marketing,Delhi,203187
2243,Vrinda Pai,"Tella, Boase and Dass",Website Development,Bangalore,194002
2244,Dev Ganguly,Pal-Randhawa,Social Media Marketing,Pune,173917
2245,Tarak Sabharwal,"Iyer, Varghese and Rattan",Website Development,Kolkata,24615
2246,Fariq Rajagopalan,Chacko LLC,Google Ads,Pune,253657
2247,Tristan Datta,Randhawa-Mukherjee,Website Development,Bangalore,40907
2248,Udarsh Sankar,"Pal, Johal and Arora",Social Media Marketing,Ahmedabad,79440
2249,Maanas Hans,Thaman Inc,Content Marketing,Hyderabad,168283
2250,Fiyaz Chadha,Kaul-Suresh,SEO,Pune,289646
2251,Lucky Naidu,Char LLC,Email Marketing,Kolkata,42990
2252,Abhiram Sachdeva,Setty Ltd,AI Chatbot Development,Bangalore,187936
2253,Aahana Rajan,Reddy Group,Google Ads,Delhi,107763
2254,Simon Mammen,"Kala, Luthra and Mall",SEO,Delhi,130510
2255,Kiaan Saini,Chaudhari-Balan,Website Development,Ahmedabad,74487
2256,Gautam Bhatia,Basu PLC,Website Development,Ahmedabad,57811
2257,Jeet Sodhi,"Som, Patla and Bhavsar",Meta Ads,Jaipur,260766
2258,Balendra Venkatesh,Grover Group,Social Media Marketing,Jaipur,65886
2259,Aadhya Baral,"Ahuja, Shere and Keer",Google Ads,Jaipur,113319
2260,Rajeshri Patel,Gole Ltd,AI Chatbot Development,Delhi,139351
2261,Vasana Deo,Tella-Manda,AI Chatbot Development,Ahmedabad,223440
2262,Vasatika Lad,Issac-Karan,Email Marketing,Ahmedabad,247029
2263,Indrajit Wagle,Soman-Krish,Social Media Marketing,Jaipur,224211
2264,Manan Modi,Dua PLC,Google Ads,Jaipur,53154
2265,Darika Rajagopalan,"Garg, Seth and Krishna",SEO,Delhi,207537
2266,Nikita Sekhon,"Jaggi, Deshmukh and Parmar",Google Ads,Hyderabad,177994
2267,Hiral Wagle,Acharya-Sen,Google Ads,Hyderabad,249468
2268,Lekha Sachdev,Tandon Group,Content Marketing,Ahmedabad,36158
2269,Reyansh Zachariah,Sen Group,Email Marketing,Mumbai,299690
2270,Anusha Venkatesh,Sani-Parekh,Website Development,Mumbai,224992
2271,Bachittar Salvi,"Dewan, Verma and Balakrishnan",AI Chatbot Development,Mumbai,176267
2272,Ubika Apte,Peri-Barad,Social Media Marketing,Jaipur,94120
2273,Ekalinga Bera,"Patil, Loke and Vasa",Google Ads,Jaipur,22637
2274,Oscar Dey,Dash LLC,Content Marketing,Delhi,179745
2275,Yagnesh Dani,Borde-Ramesh,Website Development,Pune,131011
2276,Andrew Dube,"Nanda, Som and Chand",Content Marketing,Mumbai,104386
2277,Lavanya Chawla,Kumer-Baral,Meta Ads,Bangalore,152509
2278,Libni Goyal,Nagarajan-Zacharia,Website Development,Delhi,115083
2279,Edhitha Wagle,Dhar PLC,SEO,Kolkata,58348
2280,Ekantika Gala,"Lall, Amble and Toor",AI Chatbot Development,Delhi,151432
2281,Lakshmi Bora,Raj-Sampath,Google Ads,Bangalore,275428
2282,Wakeeta Sampath,Deol-Kade,Social Media Marketing,Pune,87221
2283,Vihaan Sura,Raval Group,Website Development,Delhi,169493
2284,Nidhi Nanda,"Narang, Virk and Lanka",Google Ads,Bangalore,186611
2285,Triya Biswas,"Wagle, Kurian and Bava",Email Marketing,Kolkata,192147
2286,Sathvik Nair,Chaudry LLC,AI Chatbot Development,Mumbai,211099
2287,Anusha Kala,Lata-Virk,Social Media Marketing,Ahmedabad,108415
2288,Faris Lal,"Shankar, Master and Gera",SEO,Pune,149066
2289,Mitali Kalita,Murty LLC,Website Development,Ahmedabad,165059
2290,Ikbal Badami,Mittal PLC,Social Media Marketing,Mumbai,193834
2291,Abhimanyu Yadav,Kanda Ltd,Email Marketing,Kolkata,253495
2292,Ikbal Shenoy,"Chaudry, Char and Kashyap",Social Media Marketing,Hyderabad,275313
2293,Lavanya Batra,"Salvi, Wagle and Sami",Google Ads,Mumbai,62977
2294,Tarak Patel,Kumar Inc,AI Chatbot Development,Mumbai,122986
2295,Xalak Swaminathan,Sastry and Sons,AI Chatbot Development,Delhi,59531
2296,Ishanvi Walla,Natt PLC,SEO,Jaipur,232407
2297,Manthan Nadig,Bali-Wadhwa,Website Development,Jaipur,156638
2298,Naksh Bera,"Bhagat, Ramesh and Wable",Email Marketing,Mumbai,211794
2299,Ekani Chana,Minhas Group,Content Marketing,Bangalore,172567
2300,Dipta Lalla,Arora Group,Meta Ads,Kolkata,282732
2301,Lohit Loke,Bajwa Inc,Google Ads,Ahmedabad,210770
2302,Turvi Zachariah,Yadav-Shankar,SEO,Bangalore,106949
2303,Tanmayi Gade,"Karpe, Shroff and Dani",Meta Ads,Kolkata,103478
2304,Anthony Goda,Sur-Kant,Meta Ads,Mumbai,273495
2305,Neelima Bhatti,Samra LLC,Social Media Marketing,Jaipur,134724
2306,Gaurangi Nori,Gara Group,Email Marketing,Bangalore,52957
2307,Dev Shenoy,"Doctor, Madan and Wason",AI Chatbot Development,Pune,142693
2308,Bina Agarwal,"Choudhury, Pathak and Bath",SEO,Bangalore,291521
2309,Hamsini Virk,Pau-Ahluwalia,Social Media Marketing,Ahmedabad,266244
2310,Raagini Bhatti,Kapoor Group,Email Marketing,Jaipur,40921
2311,Dalaja Bhat,Krishnan-Gole,Social Media Marketing,Delhi,293349
2312,Maanas Chana,Sarna-Kunda,AI Chatbot Development,Hyderabad,111147
2313,Rushil Muni,Misra-Solanki,Content Marketing,Ahmedabad,211520
2314,Nilima Kothari,"Sahni, Bumb and Kashyap",Google Ads,Hyderabad,217304
2315,Yochana Kulkarni,Saran PLC,Website Development,Ahmedabad,205020
2316,Zashil Sane,"Bal, Khalsa and Pal",Social Media Marketing,Kolkata,272764
2317,Veda Chahal,Kothari PLC,SEO,Mumbai,250633
2318,Shaurya Bhatti,Arora PLC,Meta Ads,Bangalore,60416
2319,Priya Tailor,Karan-Rout,AI Chatbot Development,Bangalore,98769
2320,Vaishnavi Kaur,Dayal-Das,Meta Ads,Mumbai,209909
2321,Atharv Ahluwalia,Pau Inc,Google Ads,Bangalore,237376
2322,Jack Bath,Rege and Sons,Social Media Marketing,Delhi,272453
2323,Advik Samra,Pingle LLC,Email Marketing,Kolkata,130469
2324,Benjamin Gill,Hegde-Sabharwal,Meta Ads,Ahmedabad,31768
2325,Rehaan Kala,"More, Mishra and Sarna",Website Development,Jaipur,87048
2326,Chakradhar Chopra,"Rana, Desai and Rege",Meta Ads,Mumbai,288772
2327,Krishna Dhaliwal,Pandey-Narayanan,SEO,Mumbai,49313
2328,Wishi Bhatt,Arya-Kibe,Meta Ads,Hyderabad,114391
2329,Tanish Srinivas,"Kade, Krishna and Baral",Content Marketing,Jaipur,168611
2330,Triveni Grewal,Sarraf Inc,Google Ads,Bangalore,255511
2331,Samarth Ahluwalia,Kala PLC,Email Marketing,Kolkata,109426
2332,Chakradev Bumb,Kale LLC,Website Development,Ahmedabad,94822
2333,Henry Babu,Patla-Pandit,Meta Ads,Hyderabad,107934
2334,Pushti Edwin,"Parekh, Mani and Dhawan",Social Media Marketing,Kolkata,56093
2335,Charan Malhotra,Babu-Bhagat,Website Development,Ahmedabad,222093
2336,Upasna Bedi,"Kumer, Dass and Prashad",Meta Ads,Delhi,28683
2337,Joshua Prakash,Sampath-Dara,Website Development,Ahmedabad,98413
2338,Falak Sahota,"Pau, Nath and Mandal",Google Ads,Mumbai,269492
2339,Zinal Karpe,"Bhalla, Dave and Krishnamurthy",SEO,Delhi,68858
2340,Ria Morar,Krishna and Sons,Email Marketing,Mumbai,20629
2341,Libni Rajagopal,"Goyal, Seshadri and Halder",Content Marketing,Ahmedabad,214184
2342,Ria Brahmbhatt,Suri-Bora,SEO,Ahmedabad,140316
2343,Ishanvi Palla,Narain Ltd,Email Marketing,Ahmedabad,203772
2344,Omya Rout,Devan and Sons,Google Ads,Ahmedabad,90193
2345,Owen Chand,Pandey-Madan,AI Chatbot Development,Kolkata,141903
2346,Chaitaly Swaminathan,Chowdhury-Kurian,Google Ads,Hyderabad,234248
2347,Onkar Parikh,Sinha-Basu,AI Chatbot Development,Bangalore,22867
2348,Charles Karpe,"Sem, Kapadia and Memon",SEO,Delhi,292504
2349,Ayaan Chaudhuri,Gupta Group,SEO,Ahmedabad,127698
2350,Dayamai Sarma,"Narain, Bath and Mane",Social Media Marketing,Ahmedabad,209933
2351,Jeremiah Mitra,"Mangat, Master and Hayer",Google Ads,Mumbai,243384
2352,Alka Dara,"Krishnan, Jaggi and Khurana",AI Chatbot Development,Hyderabad,242068
2353,Vasana Naidu,Shah Group,Social Media Marketing,Hyderabad,228380
2354,Ucchal Srinivasan,Bawa Inc,Website Development,Ahmedabad,272952
2355,Vrishti Mistry,"Guha, Choudhary and Lad",Meta Ads,Pune,273629
2356,Upasna Menon,Thakkar Ltd,AI Chatbot Development,Hyderabad,200541
2357,Simon Dani,"Zacharia, Wali and Chad",Content Marketing,Mumbai,82435
2358,Samaksh Sahota,Lal LLC,Website Development,Kolkata,104827
2359,Champak Borah,Setty and Sons,Google Ads,Bangalore,286518
2360,Kabir Sama,Rau-Dyal,Content Marketing,Pune,47290
2361,Faqid Kata,"Purohit, Narasimhan and Mane",Meta Ads,Ahmedabad,22773
2362,Amruta Srinivas,"Sanghvi, Chokshi and Sura",Google Ads,Mumbai,267290
2363,Devika Kannan,"Agarwal, Dhawan and Bedi",Content Marketing,Delhi,53596
2364,Ikbal Sheth,Sanghvi Group,AI Chatbot Development,Bangalore,214424
2365,Gaurika Khanna,Pai PLC,Google Ads,Jaipur,221497
2366,Kabir Saha,Date-Ben,Content Marketing,Hyderabad,50127
2367,Vrinda Sarma,Muni PLC,Meta Ads,Kolkata,250147
2368,Kai Dar,"Dash, Soman and Batra",SEO,Bangalore,291661
2369,Ronith Vyas,Andra and Sons,AI Chatbot Development,Bangalore,37620
2370,Benjamin Majumdar,"Chauhan, Bail and Bansal",Website Development,Mumbai,38906
2371,Rehaan Batra,Bala LLC,Social Media Marketing,Bangalore,20150
2372,Ira Narain,"Narula, Randhawa and Panchal",Meta Ads,Delhi,164670
2373,Rishi Parsa,"Vala, Babu and Dyal",Content Marketing,Pune,227168
2374,Luke Dugal,Luthra PLC,Content Marketing,Bangalore,291446
2375,Tara Varma,Acharya Group,SEO,Delhi,67272
2376,Balendra Sani,Narasimhan PLC,AI Chatbot Development,Pune,202177
2377,Widisha Nagar,"Hora, Boase and Sarin",AI Chatbot Development,Bangalore,121987
2378,Harsh Nayak,Choudhury Group,Email Marketing,Ahmedabad,22438
2379,Yashodhara Bajaj,Parekh Group,AI Chatbot Development,Mumbai,233455
2380,Teerth Agarwal,"Ghosh, Shan and Amble",Google Ads,Delhi,283805
2381,Rohan Sarna,"Rege, Lal and Raman",AI Chatbot Development,Pune,81346
2382,Eiravati Bahl,Bhakta-Chada,AI Chatbot Development,Hyderabad,252138
2383,Abhimanyu Ramanathan,"Bumb, Kala and Agarwal",Content Marketing,Kolkata,147545
2384,Karan Mall,Pillai-Hans,Social Media Marketing,Kolkata,261550
2385,Zayyan Ray,"Mital, Atwal and Bajaj",SEO,Kolkata,80958
2386,Udarsh Vohra,Bassi Inc,AI Chatbot Development,Delhi,220630
2387,Tanveer Bajaj,Iyengar PLC,Website Development,Bangalore,185533
2388,Hiral Bandi,"Wason, Chatterjee and Bir",Content Marketing,Pune,290796
2389,Owen Bose,Oza and Sons,SEO,Hyderabad,150158
2390,Sanaya Soni,"Sundaram, Sura and Hari",AI Chatbot Development,Delhi,229154
2391,Advay Badami,"Varty, Prashad and Dada",Social Media Marketing,Delhi,113577
2392,Kamya Upadhyay,"Ram, Talwar and Randhawa",Email Marketing,Pune,205355
2393,Upkaar Mani,"Sengupta, Dhar and Mahajan",Website Development,Hyderabad,115831
2394,Zayyan Bawa,"Dhaliwal, Bajwa and Peri",Website Development,Kolkata,124682
2395,Rohan Sethi,Uppal LLC,Website Development,Bangalore,159148
2396,Balvan Boase,"Master, Nigam and Bhattacharyya",Website Development,Bangalore,126308
2397,Matthew Rastogi,Brahmbhatt LLC,Website Development,Pune,101786
2398,Hitesh Kaur,Dora Inc,Google Ads,Delhi,61150
2399,Vasatika Sood,Murthy-Goswami,Email Marketing,Jaipur,42158
2400,Indrajit Sant,"Minhas, Bhat and Thaman",Email Marketing,Pune,185369
2401,Kritika Lalla,Kota Inc,Email Marketing,Hyderabad,277323
2402,Eiravati Naidu,Dutta LLC,Meta Ads,Hyderabad,228603
2403,Edhitha Kala,Lad Ltd,Website Development,Mumbai,48389
2404,Yadavi Srinivas,"Gopal, Raval and Nath",Content Marketing,Kolkata,37072
2405,Gautam Sankaran,"Nagi, Rastogi and Muni",Social Media Marketing,Ahmedabad,111645
2406,Upasna Dash,Prabhu Ltd,Email Marketing,Delhi,291688
2407,Arjun Din,"Reddy, Kari and Gade",Email Marketing,Pune,24413
2408,Nachiket Ramesh,Morar Ltd,SEO,Bangalore,218929
2409,Abha Brahmbhatt,Salvi-Roy,Google Ads,Pune,209583
2410,Tanay Madan,Halder-Subramaniam,AI Chatbot Development,Mumbai,157808
2411,Garima Kulkarni,"Choudhry, Peri and Bhatnagar",Website Development,Hyderabad,267120
2412,Yashasvi Sani,Dar Group,Social Media Marketing,Pune,116423
2413,Vedant Aurora,Balakrishnan PLC,Email Marketing,Ahmedabad,130379
2414,Harrison Sethi,Parikh-Prabhakar,Content Marketing,Pune,211406
2415,Zehaan Minhas,Kamdar-Chand,Content Marketing,Hyderabad,256311
2416,Kamya Bajaj,Sha Inc,Meta Ads,Mumbai,139834
2417,Chandresh Sane,Sood Inc,Google Ads,Hyderabad,143629
2418,Amara Srivastava,Mutti-Dalal,Content Marketing,Ahmedabad,122793
2419,Darpan Bajaj,Saraf-Bassi,Meta Ads,Mumbai,267981
2420,Henry Devi,"Mammen, Chhabra and Barad",SEO,Mumbai,240998
2421,Neha Parmar,Bir PLC,Email Marketing,Mumbai,291060
2422,Chakradev Vig,Jain-Dada,Social Media Marketing,Kolkata,177304
2423,Vrishti Bhattacharyya,Bora Group,AI Chatbot Development,Jaipur,228877
2424,Falan Kapoor,"Som, Barad and Lad",Google Ads,Mumbai,51476
2425,Abha Ramakrishnan,"Aggarwal, Bala and Yadav",Website Development,Hyderabad,269843
2426,Ayaan Choudhry,Hayre-Jani,Google Ads,Kolkata,195456
2427,Shravya Sane,Sura Group,AI Chatbot Development,Pune,208904
2428,Aarini Pandey,Lad-Gandhi,AI Chatbot Development,Pune,30399
2429,Dipta Khosla,Natarajan-Mann,Content Marketing,Delhi,204072
2430,Shivani Dhar,"Joshi, Tank and Karnik",Website Development,Mumbai,169216
2431,Omkaar Sarraf,Bhakta-Acharya,Social Media Marketing,Pune,287619
2432,Zaid Devi,Raja LLC,Email Marketing,Kolkata,61108
2433,Zilmil Loyal,"Chaudhary, Tiwari and Banik",Content Marketing,Hyderabad,263139
2434,Dominic Sachdeva,"Oak, Pradhan and Mody",Meta Ads,Mumbai,196888
2435,Yadavi Dubey,Minhas LLC,Content Marketing,Ahmedabad,57404
2436,Kashvi Mani,Ramachandran and Sons,Google Ads,Mumbai,200158
2437,Vanya Loyal,"Madan, Rastogi and Deshmukh",Website Development,Pune,186135
2438,Urvashi Randhawa,"Oommen, Sharaf and Sinha",AI Chatbot Development,Hyderabad,227332
2439,Sudiksha Issac,Tara Ltd,AI Chatbot Development,Kolkata,210402
2440,Ekanta Sandhu,"Suri, Bhalla and Jaggi",Email Marketing,Ahmedabad,107722
2441,Zilmil Patil,Bedi Inc,Meta Ads,Jaipur,85556
2442,Garima Mukherjee,Buch Ltd,Website Development,Hyderabad,61976
2443,Bhavya Reddy,Wable-Hans,Website Development,Mumbai,228166
2444,Urvi Lad,Gade-Sundaram,Google Ads,Delhi,53445
2445,Unnati Dhar,"Kapoor, Bhavsar and Ravi",Email Marketing,Jaipur,33822
2446,Timothy Thaker,Oza Group,Content Marketing,Delhi,74488
2447,Priya Kala,"Date, Bakshi and Dixit",AI Chatbot Development,Mumbai,64203
2448,Charita Saraf,"Brar, Palla and Agate",Content Marketing,Hyderabad,140248
2449,Pavani Basu,Dewan Ltd,Website Development,Hyderabad,252343
2450,Frado Mandal,"Pant, Wagle and Wali",Meta Ads,Mumbai,296164
2451,Frederick Guha,Sachdeva-Kumer,Meta Ads,Jaipur,38431
2452,Avi Kata,"Kar, Sandhu and Raval",Social Media Marketing,Pune,269642
2453,Dominic Soni,Mandal-Ganguly,Email Marketing,Hyderabad,253226
2454,Ridhi Sahota,Mangat-Ben,Meta Ads,Mumbai,259360
2455,Ranveer Lal,Mallick-Balakrishnan,Content Marketing,Hyderabad,202016
2456,Chaaya Nadig,Roy PLC,Email Marketing,Bangalore,66952
2457,Samaksh Subramanian,"Lad, Patla and Dugal",Email Marketing,Hyderabad,211775
2458,Charles Garde,"Mani, Shanker and Mangal",Content Marketing,Hyderabad,101640
2459,Gopal Maharaj,Chaudhari PLC,AI Chatbot Development,Jaipur,20048
2460,Omya Chahal,Prasad-Vohra,Meta Ads,Pune,170346
2461,Advika Tara,Das PLC,Email Marketing,Jaipur,277913
2462,Ati Sarma,Khurana Inc,Email Marketing,Hyderabad,24788
2463,Xiti Borra,"Bali, Murthy and Mall",Content Marketing,Hyderabad,141223
2464,Pavani Sem,"Sundaram, Yohannan and Shenoy",SEO,Pune,118865
2465,Ronith Dhaliwal,Nori-Chaudhary,Content Marketing,Ahmedabad,226963
2466,Mohini Saran,Bhatia-Behl,Website Development,Mumbai,224327
2467,Damini Biswas,Sinha-Vig,Content Marketing,Bangalore,157877
2468,Jai Deep,Mohanty-Mangal,Google Ads,Ahmedabad,145599
2469,Irya Dube,Suri-Sagar,AI Chatbot Development,Hyderabad,298891
2470,Chandran Mand,Raju Ltd,AI Chatbot Development,Ahmedabad,118566
2471,Aachal Acharya,Vasa-Sastry,Google Ads,Mumbai,91630
2472,Abeer Ganesan,"Nair, Bumb and Das",AI Chatbot Development,Delhi,258730
2473,Zilmil Mammen,"Divan, Bhargava and Nayak",Email Marketing,Hyderabad,277947
2474,Vinaya Iyer,Tara Group,Website Development,Pune,30168
2475,Gaurav Chaudhari,Shan-Borra,Meta Ads,Jaipur,31602
2476,Nihal Narayan,"Hegde, Ganguly and Savant",Meta Ads,Delhi,167909
2477,Madhavi Parsa,Nazareth LLC,AI Chatbot Development,Mumbai,249856
2478,Pallavi Goel,Anand LLC,SEO,Bangalore,67289
2479,Bachittar Mani,"Narula, Gera and Issac",Meta Ads,Jaipur,278777
2480,Mugdha Gopal,Dyal-Nair,Website Development,Pune,240328
2481,Ekaja Kapur,Chopra LLC,AI Chatbot Development,Kolkata,214719
2482,Damyanti Joshi,Sem-Kohli,Email Marketing,Jaipur,193145
2483,Ayush Char,Choudhary Ltd,Google Ads,Mumbai,49380
2484,Nitara Nagarajan,De-Pandya,AI Chatbot Development,Ahmedabad,57426
2485,Jagvi Rama,Bhargava-Bajwa,Email Marketing,Mumbai,120764
2486,Tristan Sodhi,Biswas LLC,AI Chatbot Development,Ahmedabad,26614
2487,Faraj Nagi,Minhas Group,Google Ads,Bangalore,221744
2488,Harini Gala,Nazareth and Sons,Email Marketing,Bangalore,37569
2489,Omya Chhabra,Aurora Group,Website Development,Kolkata,69262
2490,Manthan Basak,Ratti LLC,Website Development,Kolkata,224012
2491,Kamala Acharya,Cheema Inc,AI Chatbot Development,Pune,103158
2492,Lajita Johal,Mallick-Grover,SEO,Delhi,152808
2493,Krish Dugar,Sarraf-Bir,Email Marketing,Hyderabad,124188
2494,Chanchal Desai,"Char, Parmar and Kurian",Social Media Marketing,Jaipur,134183
2495,Darsh Batra,Saraf and Sons,Google Ads,Bangalore,247625
2496,Chakrika Khurana,Garg Ltd,Social Media Marketing,Jaipur,107745
2497,Noah Sarkar,Merchant-Lad,AI Chatbot Development,Delhi,227517
2498,Mugdha Swamy,Gour-Lall,Website Development,Jaipur,42016
2499,Pranit Kala,Lala and Sons,Email Marketing,Mumbai,214719
2500,Falak Devi,Sarma-Dugal,Google Ads,Bangalore,102679
2501,Bimala Chauhan,"Kapoor, Bumb and Dada",Email Marketing,Delhi,197430
2502,Liam Walla,Mangal-Behl,SEO,Jaipur,206393
2503,Ekiya Rao,"Dara, Karpe and Maharaj",Meta Ads,Delhi,85969
2504,Omisha Saran,"Pant, Tailor and Parmer",Email Marketing,Bangalore,186062
2505,Viraj Ramaswamy,"Parekh, Oommen and Ramachandran",Social Media Marketing,Kolkata,121169
2506,Chandani Sehgal,Sarraf-Prabhakar,SEO,Ahmedabad,207782
2507,Dayamai Raj,Samra Group,Meta Ads,Hyderabad,40703
2508,David Srinivasan,"Virk, Doshi and Hans",Email Marketing,Kolkata,174515
2509,Vamakshi Basak,Dixit-Chowdhury,Email Marketing,Bangalore,117846
2510,Gopal Dube,Naik Inc,Social Media Marketing,Pune,265573
2511,Yash Upadhyay,"Munshi, Nagi and Khalsa",AI Chatbot Development,Mumbai,56111
2512,Ishwar Dhingra,Rama Ltd,Meta Ads,Kolkata,175017
2513,Yochana Dass,Palan Ltd,AI Chatbot Development,Pune,258068
2514,Max Madan,Guha LLC,SEO,Ahmedabad,117273
2515,Chakradev Goswami,"Prabhakar, Kanda and Seshadri",SEO,Pune,145192
2516,Yatan Singh,Murty-Minhas,Social Media Marketing,Delhi,223156
2517,Niharika Din,Bala-Aggarwal,Website Development,Kolkata,100809
2518,Arjun Jain,Mital-Pall,AI Chatbot Development,Pune,234855
2519,Jagat Chakraborty,Bobal-Pal,Social Media Marketing,Delhi,70466
2520,Abhiram Handa,"Sem, Vala and Dave",Google Ads,Jaipur,88039
2521,Guneet Chatterjee,Halder-Ahluwalia,Meta Ads,Jaipur,125947
2522,Ekaraj Subramanian,"Sane, Sama and Natt",Google Ads,Kolkata,120462
2523,Rehaan Pradhan,"Som, Parmar and Edwin",Google Ads,Jaipur,223737
2524,Bishakha Gera,Loke-Naik,Email Marketing,Hyderabad,45735
2525,Chaitanya Kumer,Magar and Sons,Social Media Marketing,Bangalore,57158
2526,Wishi Roy,"Misra, Sarkar and Desai",SEO,Bangalore,277638
2527,Aachal Bava,"Iyengar, Sinha and Seshadri",Google Ads,Kolkata,51824
2528,Chakradhar Amble,Anand-Kar,Social Media Marketing,Ahmedabad,213498
2529,Vritti Kanda,Pradhan LLC,SEO,Hyderabad,297359
2530,Chatura Parmer,"Sahni, Bali and Dyal",SEO,Delhi,179333
2531,Yahvi Kar,"Bail, Bail and Gaba",Google Ads,Bangalore,292359
2532,Yasti Shetty,Bahl-Kunda,Google Ads,Delhi,141119
2533,Vanya Mohanty,"Nagi, Ravi and Oza",Content Marketing,Bangalore,121250
2534,Pranav Rau,Narayan LLC,Website Development,Mumbai,237676
2535,Arunima Bajwa,Mishra PLC,Google Ads,Pune,260501
2536,Zarna Chana,Wable-Bhatt,Content Marketing,Delhi,107456
2537,Chaman Gandhi,Ghosh-Dixit,Meta Ads,Ahmedabad,284604
2538,Pahal Hayre,"Jha, Basu and Behl",Social Media Marketing,Mumbai,299917
2539,Ethan Sama,Randhawa Inc,Email Marketing,Pune,185231
2540,Riya Parekh,"Chhabra, Raju and Mallick",Social Media Marketing,Pune,236186
2541,Harshil Viswanathan,Bir-Taneja,Content Marketing,Pune,146207
2542,Lekha Baria,Sampath Ltd,Website Development,Ahmedabad,153215
2543,Kamala Agarwal,Sura-Sule,Social Media Marketing,Kolkata,254618
2544,Upma Chandran,Deshpande-Nagi,Content Marketing,Jaipur,38173
2545,Yachana Bhalla,Rao Inc,AI Chatbot Development,Jaipur,291376
2546,Timothy Saini,"Patla, Kar and Peri",Meta Ads,Hyderabad,23443
2547,Tristan Desai,Mohanty-Soni,AI Chatbot Development,Bangalore,132629
2548,Ridhi Master,"Parsa, Shanker and Lala",Social Media Marketing,Jaipur,164681
2549,Aarna Dutta,Shenoy PLC,Meta Ads,Delhi,39784
2550,Manthan Nadkarni,Bhagat Inc,Email Marketing,Pune,101845
2551,Ronith Master,"Wagle, Vora and Shukla",Meta Ads,Hyderabad,212457
2552,Neelima Gola,Mammen-Rattan,Website Development,Bangalore,154345
2553,Isaac Chakraborty,Hans PLC,AI Chatbot Development,Delhi,229609
2554,Geetika Behl,Hora Ltd,Website Development,Delhi,190232
2555,Aadi Varghese,"Gulati, Sur and Jani",Email Marketing,Mumbai,275997
2556,Patrick Sathe,Vohra-Desai,Google Ads,Hyderabad,39593
2557,Ucchal Yohannan,Cherian Group,Content Marketing,Delhi,49319
2558,Nakul Luthra,Ray-Chanda,Social Media Marketing,Pune,247700
2559,Jagrati Dar,Pai-Raja,Content Marketing,Delhi,138865
2560,Kala Dubey,Kumar-Chopra,SEO,Ahmedabad,48378
2561,Advika Grewal,Bawa-Chahal,AI Chatbot Development,Jaipur,187413
2562,Mitali Murthy,"Konda, Mangat and Vora",Meta Ads,Pune,283403
2563,Arjun Golla,Narula Group,Website Development,Mumbai,46486
2564,Madhav Narayanan,"Chander, Jaggi and Joshi",Content Marketing,Kolkata,284623
2565,Eta Batra,Chauhan-Amble,Google Ads,Bangalore,246458
2566,Saumya Solanki,Malhotra-Ramakrishnan,AI Chatbot Development,Ahmedabad,97601
2567,Qadim Menon,Bhattacharyya-More,Meta Ads,Pune,63277
2568,Ubika Ganguly,Dora-Saraf,Email Marketing,Jaipur,229291
2569,Ekaraj Hayre,Ray-Dutta,AI Chatbot Development,Delhi,228942
2570,Triya Dutta,Sagar-Kapur,Content Marketing,Mumbai,90711
2571,Chakradev Dhawan,"Roy, Mammen and Nath",Email Marketing,Bangalore,275779
2572,Joshua Sankar,Gandhi-Ben,Content Marketing,Bangalore,294856
2573,Warinder Devan,Radhakrishnan-Krish,Website Development,Bangalore,57562
2574,Parth Sule,Das-Deol,AI Chatbot Development,Ahmedabad,189560
2575,Balvan Rattan,Radhakrishnan Ltd,Google Ads,Delhi,236836
2576,Orinder Patla,Master PLC,Content Marketing,Pune,202613
2577,Janaki Keer,Solanki-Sathe,Website Development,Pune,200630
2578,Falak Vasa,"Borra, Devan and Ganesan",SEO,Hyderabad,108738
2579,Dalbir Krishnamurthy,Kala-Shanker,Social Media Marketing,Kolkata,96450
2580,Aditya Sandhu,Kaur-Bhandari,Email Marketing,Jaipur,142415
2581,Ishani Chada,"Deshpande, Rout and Palan",Website Development,Pune,101784
2582,Dayamai Vig,Yogi PLC,Google Ads,Delhi,48593
2583,Girik Kothari,"Sibal, Nagar and Dass",Website Development,Mumbai,170829
2584,Yagnesh Dyal,Nayar PLC,SEO,Pune,78341
2585,Daniel Ramakrishnan,"Misra, Taneja and Hora",AI Chatbot Development,Kolkata,267039
2586,Harsh Ramaswamy,Muni LLC,SEO,Pune,129581
2587,Utkarsh Kanda,Hans-Toor,Website Development,Bangalore,294342
2588,Zansi Bose,Palan-Panchal,AI Chatbot Development,Kolkata,94106
2589,Kashish Bali,D’Alia Group,SEO,Ahmedabad,296194
2590,Faraj Saxena,Mittal-Biswas,SEO,Hyderabad,109296
2591,Qasim Tella,Sampath Inc,SEO,Hyderabad,125222
2592,Urishilla Nazareth,"Arya, Roy and Johal",AI Chatbot Development,Jaipur,263773
2593,Ikshita Balakrishnan,"Goyal, Nanda and Baral",SEO,Delhi,223761
2594,Mekhala Chhabra,Minhas-Khanna,AI Chatbot Development,Pune,76566
2595,Triya Sem,Ramesh-Dhaliwal,SEO,Hyderabad,222649
2596,Jagdish Pillai,Raju and Sons,Website Development,Ahmedabad,286621
2597,Mahika Dugar,Khare-Sodhi,Google Ads,Pune,274102
2598,Reyansh Narayanan,"Kannan, Panchal and Chaudhry",Google Ads,Mumbai,124267
2599,Harshil Mitra,"Kadakia, Kashyap and Karnik",Email Marketing,Jaipur,40841
2600,Lila Bhatt,"Vasa, Bansal and Manda",Website Development,Hyderabad,194886
2601,Yashoda Banerjee,Saran-Chaudry,Email Marketing,Ahmedabad,102315
2602,Laban Gole,"Uppal, Shroff and Nagar",SEO,Pune,204503
2603,Jagvi Barad,Varughese and Sons,Social Media Marketing,Hyderabad,143839
2604,Omya Mital,"Banerjee, Kara and Mand",AI Chatbot Development,Jaipur,155098
2605,Pushti D’Alia,Nair-Kannan,Content Marketing,Jaipur,166902
2606,Meghana Goyal,Jani-Badami,Website Development,Mumbai,199194
2607,Girish Issac,"Sibal, Khanna and Mahajan",Content Marketing,Mumbai,66029
2608,Vamakshi Palan,Dada LLC,Content Marketing,Bangalore,238802
2609,Luke Narayanan,Chandra PLC,Website Development,Mumbai,243590
2610,Yuvraj Maharaj,Grewal Ltd,AI Chatbot Development,Pune,255494
2611,Jeevika Thaker,Kuruvilla and Sons,Meta Ads,Bangalore,92654
2612,Ranbir Kara,Mital Inc,Website Development,Mumbai,182004
2613,Darpan Jain,Madan Inc,Meta Ads,Ahmedabad,96101
2614,Darika Modi,Walla-Khanna,Meta Ads,Pune,55554
2615,Oscar Palan,Vyas-Kata,Google Ads,Mumbai,186512
2616,Ucchal Natt,Kulkarni-Nayak,Meta Ads,Jaipur,187084
2617,Gaurangi Rama,Palan PLC,Content Marketing,Ahmedabad,179041
2618,Suhani Nair,Jani Ltd,Email Marketing,Hyderabad,99669
2619,Vamakshi Hayer,Dass PLC,Website Development,Delhi,88967
2620,Lopa Keer,Setty-Yohannan,Meta Ads,Jaipur,159912
2621,Agastya Grewal,Sharma Group,Website Development,Bangalore,141064
2622,Brijesh Gaba,"Sagar, Arora and Aggarwal",SEO,Pune,61668
2623,Gautam Loyal,"Kamdar, Dube and Pau",Email Marketing,Mumbai,283362
2624,Daniel Mitra,"Krish, Nair and Nayar",Email Marketing,Pune,116456
2625,Shivani Dani,Dhar-Patla,Content Marketing,Kolkata,268432
2626,Yauvani Dave,"Hans, Bal and Ramachandran",Meta Ads,Mumbai,121323
2627,Nitesh Nagar,Tella PLC,Website Development,Jaipur,234218
2628,Reyansh Mann,Sani Inc,SEO,Hyderabad,236554
2629,Vedika Brahmbhatt,Pandey Ltd,Website Development,Bangalore,127249
2630,Manbir Salvi,"Sridhar, Rai and Khalsa",Google Ads,Mumbai,250311
2631,Xavier Babu,"Sanghvi, Khalsa and Chaudhuri",Email Marketing,Pune,259885
2632,Ekani Kumer,Kapadia-Cheema,Website Development,Ahmedabad,232266
2633,Reva Mittal,Venkataraman-Butala,SEO,Ahmedabad,184048
2634,Samuel Pai,Borde-Wali,Content Marketing,Jaipur,292970
2635,Forum Pillai,Thakur-Divan,Google Ads,Kolkata,259547
2636,Fiyaz Sura,Edwin-Chokshi,SEO,Bangalore,291949
2637,Vaishnavi Varma,Sarraf-Kapadia,Content Marketing,Jaipur,223108
2638,Ojasvi Dada,"Sarma, Raval and Gopal",SEO,Bangalore,172661
2639,Alexander Raja,Sridhar-Atwal,Email Marketing,Ahmedabad,179674
2640,Nirja Pillay,Raj-Singhal,AI Chatbot Development,Kolkata,107286
2641,Ekapad Raja,"Wali, Bera and Choudhury",Content Marketing,Hyderabad,48598
2642,Jacob Atwal,"Khalsa, Dhawan and Om",Meta Ads,Kolkata,256819
2643,Triya Dugar,Doctor PLC,Google Ads,Delhi,114251
2644,Janya Rana,Peri Group,Meta Ads,Ahmedabad,236824
2645,Advik Shenoy,Madan-Chatterjee,Social Media Marketing,Kolkata,33061
2646,Harita Srinivas,"Chandra, Oza and Oommen",Meta Ads,Kolkata,125870
2647,Leela Mangat,Iyer Inc,Email Marketing,Delhi,151115
2648,Arunima Deo,Verma Group,Social Media Marketing,Mumbai,84772
2649,Joshua Kapoor,Dash Group,Google Ads,Delhi,255614
2650,Abhiram Guha,"Yohannan, Rana and Vala",Social Media Marketing,Delhi,294631
2651,Oeshi Kakar,Peri PLC,Content Marketing,Mumbai,218536
2652,Sathvik Brahmbhatt,"Rout, Basu and Batra",Content Marketing,Jaipur,109592
2653,Ekavir Joshi,"Andra, Singh and Vasa",Social Media Marketing,Mumbai,104999
2654,Dakshesh Raju,"Kala, Kurian and Naidu",Meta Ads,Mumbai,46901
2655,Saanvi Loyal,Kala Group,Content Marketing,Hyderabad,182276
2656,Sudiksha Subramanian,Khare Group,Email Marketing,Hyderabad,114736
2657,Jagvi Vala,Doctor-Chana,Google Ads,Mumbai,126352
2658,Ekalinga Mital,Shenoy Group,SEO,Hyderabad,26400
2659,Ekaraj Mand,"Nagi, Shukla and Mody",Email Marketing,Kolkata,281432
2660,Manbir Talwar,Rege LLC,SEO,Kolkata,144716
2661,Yashvi Sinha,Joshi and Sons,Website Development,Kolkata,257889
2662,Balhaar Chada,Varty and Sons,Content Marketing,Kolkata,61631
2663,Charan Mammen,Mohan-Shenoy,SEO,Bangalore,165811
2664,Yuvraj Jani,Kulkarni LLC,Website Development,Jaipur,116909
2665,Ridhi Sarraf,Shah-Rana,Meta Ads,Jaipur,202986
2666,Bhavna Balasubramanian,Kari-Bakshi,SEO,Mumbai,37003
2667,Forum Basu,Bansal-Hora,AI Chatbot Development,Pune,65981
2668,Ishwar Kalla,Saran Group,SEO,Delhi,238605
2669,Lucky Rajagopalan,Tara Ltd,Meta Ads,Mumbai,169097
2670,Panini Kala,Saran-Brahmbhatt,Meta Ads,Kolkata,208842
2671,Ridhi Koshy,"Pai, Kamdar and Sant",SEO,Delhi,176916
2672,Veer Raju,Rao-Kapoor,Social Media Marketing,Pune,218673
2673,Eiravati Ganesh,"Butala, Rattan and Walia",Google Ads,Ahmedabad,54039
2674,Dev Sachdeva,Acharya-Krish,AI Chatbot Development,Kolkata,90540
2675,Tanveer Gaba,"Patla, Kibe and Kapoor",Google Ads,Hyderabad,192600
2676,Dhruv Oak,"Hayer, Bala and Oza",Content Marketing,Bangalore,129602
2677,Tamanna More,Bawa-Chacko,SEO,Delhi,297320
2678,Aditya Chaudry,"Tak, Pathak and Atwal",Google Ads,Kolkata,170568
2679,Manbir Palla,Magar-Jhaveri,Content Marketing,Pune,156136
2680,Sudiksha Dayal,"Issac, Tiwari and Shetty",Social Media Marketing,Mumbai,280254
2681,Hamsini Aggarwal,"Baral, Sodhi and Gokhale",Email Marketing,Kolkata,114323
2682,Simon Deol,Bail Ltd,Website Development,Hyderabad,121478
2683,Yashica Gour,Bhalla Ltd,SEO,Delhi,32575
2684,Harini Kaul,Korpal-Wable,Email Marketing,Delhi,128701
2685,Vrinda Setty,Kalla LLC,Content Marketing,Ahmedabad,43851
2686,Warhi Ramaswamy,Kuruvilla PLC,Social Media Marketing,Pune,131326
2687,Jagrati Vyas,Desai Inc,SEO,Bangalore,167653
2688,Mohini Kadakia,Pradhan-Prabhakar,AI Chatbot Development,Delhi,181361
2689,Gaurangi Suri,Savant-Chand,AI Chatbot Development,Pune,23214
2690,Garima Mander,Uppal-Sethi,Google Ads,Pune,198971
2691,Rehaan Patil,Chaudry-Sangha,Content Marketing,Jaipur,112080
2692,Pallavi Chaudry,Chandran PLC,Website Development,Pune,197176
2693,Zashil Barad,Dar Group,Email Marketing,Kolkata,38642
2694,Reva Dash,Agate-Ghosh,Meta Ads,Kolkata,101467
2695,Chatura Pingle,Viswanathan Inc,Email Marketing,Pune,262467
2696,Hritik Bansal,Kashyap-Dash,Content Marketing,Jaipur,293192
2697,Andrew Dutta,"Parmer, Narayanan and Sundaram",AI Chatbot Development,Pune,29813
2698,Damini Sankar,Bava-Palla,Website Development,Pune,205385
2699,Chandani Kumar,Bedi-Modi,Google Ads,Mumbai,167041
2700,Upasna Nazareth,"Bera, Rege and Balasubramanian",SEO,Pune,216734
2701,Nisha Mital,Grover-Jani,Meta Ads,Ahmedabad,118240
2702,Laban Sunder,"Nagi, Andra and Sandhu",Google Ads,Hyderabad,184888
2703,Girindra Kaur,Garde Inc,SEO,Hyderabad,236986
2704,Divya Kulkarni,Subramaniam-Kanda,Google Ads,Kolkata,144592
2705,Jasmit Aggarwal,Lala Group,Social Media Marketing,Kolkata,178664
2706,Mitali Wadhwa,"Shankar, Bawa and Gour",Website Development,Hyderabad,111757
2707,Omaja Doshi,"Sethi, Barman and Dugal",Google Ads,Pune,39605
2708,Barkha Zacharia,"Karpe, Bajwa and Lad",Website Development,Delhi,252665
2709,Yash Kapadia,"Dhar, Sundaram and Baral",SEO,Kolkata,282172
2710,Vasudha Yadav,"Prabhu, Bhatt and Saraf",Meta Ads,Bangalore,198318
2711,Ekantika Dutt,Mitra-Bala,Email Marketing,Hyderabad,191619
2712,Sneha Venkataraman,"Kannan, Wali and Nadig",Meta Ads,Delhi,290609
2713,Bimala Oak,Madan PLC,Meta Ads,Bangalore,39164
2714,Henry Dhar,Pall-Modi,Email Marketing,Ahmedabad,293859
2715,Henry Naidu,Bains-Setty,Google Ads,Jaipur,183043
2716,Sanya Iyengar,Dani PLC,SEO,Delhi,194739
2717,Xiti Barad,Modi Group,Email Marketing,Jaipur,74055
2718,Ira Muni,"Wason, Master and Dixit",AI Chatbot Development,Jaipur,183652
2719,Jasmit Rout,Som PLC,Website Development,Pune,125148
2720,Nitara Ravel,Mani-Walla,Website Development,Hyderabad,165044
2721,Yashodhara Mody,Bhatia Inc,Social Media Marketing,Kolkata,81682
2722,Oni Baria,"Choudhary, Raval and Chadha",AI Chatbot Development,Mumbai,102573
2723,Priya Mann,Rout and Sons,AI Chatbot Development,Delhi,27998
2724,Robert Chana,"Dara, Viswanathan and Patla",Google Ads,Bangalore,203667
2725,Vinaya Setty,Vala-Parekh,Social Media Marketing,Hyderabad,94216
2726,Amol Sekhon,Tara-Parekh,AI Chatbot Development,Bangalore,109797
2727,Tripti Saxena,Naik-Chaudhary,Google Ads,Hyderabad,197596
2728,Netra Som,Jain and Sons,Email Marketing,Jaipur,88196
2729,Siya Om,Tiwari Inc,SEO,Kolkata,46453
2730,Harinakshi Sen,"Kanda, Mohan and Rai",Google Ads,Ahmedabad,48206
2731,Meera Pingle,Mandal-Ravel,Google Ads,Ahmedabad,225477
2732,Dhriti Sarraf,Rastogi-Ahluwalia,Meta Ads,Kolkata,206449
2733,Hitesh Kadakia,Varma Inc,AI Chatbot Development,Pune,123886
2734,Leena Bhasin,Kakar Inc,Google Ads,Kolkata,89098
2735,Om Chadha,Gopal-Choudhary,Google Ads,Kolkata,70993
2736,Harinakshi Lanka,"Magar, Varughese and Baral",Email Marketing,Hyderabad,264001
2737,Yachana Brahmbhatt,"Pillai, Ratti and Gade",Email Marketing,Bangalore,137332
2738,Tanmayi Oak,Bumb LLC,Meta Ads,Hyderabad,210552
2739,Rehaan Subramaniam,Rana LLC,Content Marketing,Mumbai,193186
2740,Raksha Rai,Balan-Bir,Social Media Marketing,Kolkata,275593
2741,Varenya Gopal,"Goel, Hegde and Shroff",SEO,Delhi,269212
2742,Yadavi Wable,Gera-Varkey,Google Ads,Pune,270951
2743,Ayush Bhatt,Sant-Thakur,Email Marketing,Mumbai,167984
2744,Andrew Pandya,Khalsa Ltd,Social Media Marketing,Mumbai,286311
2745,Karan Ratta,"Narain, Kapur and Chawla",Google Ads,Ahmedabad,76089
2746,Nidra Walla,Ahuja-Date,Social Media Marketing,Delhi,178396
2747,Bhavya Kari,Muni-Banerjee,Email Marketing,Ahmedabad,236762
2748,Jackson Vyas,Bains Group,Website Development,Bangalore,103372
2749,Qushi Bhandari,"Buch, Kibe and Sawhney",Email Marketing,Ahmedabad,54634
2750,Hitesh Bhattacharyya,"Purohit, Prasad and Bedi",Social Media Marketing,Bangalore,246045
2751,Triya Aurora,"Bajaj, Guha and Arya",Content Marketing,Pune,143812
2752,Pahal Krish,Goel-Yogi,Meta Ads,Delhi,275134
2753,Anya Balan,Som Ltd,Google Ads,Kolkata,190591
2754,Robert Bhakta,"Bhalla, Acharya and Sodhi",Google Ads,Kolkata,112365
2755,Fiyaz Aurora,Sampath-Mannan,AI Chatbot Development,Ahmedabad,56494
2756,Harish Walla,Chaudhuri LLC,Google Ads,Ahmedabad,191656
2757,Pushti Kohli,Kaul-Kar,Email Marketing,Jaipur,67465
2758,Lajita Tailor,Sami and Sons,Website Development,Mumbai,20096
2759,Gautam Palla,"Madan, Dave and Sarna",Meta Ads,Mumbai,257489
2760,Chatresh Dara,Venkatesh LLC,AI Chatbot Development,Ahmedabad,254440
2761,Aarush Tak,"More, Ganguly and Patel",Website Development,Bangalore,185988
2762,Rehaan Hegde,"Ramaswamy, Bedi and Arora",AI Chatbot Development,Hyderabad,247922
2763,Zinal Ganesh,Singhal LLC,Social Media Marketing,Delhi,24256
2764,Suhani Karpe,Wable Inc,Content Marketing,Mumbai,174237
2765,Victor Kumer,Mody Group,SEO,Pune,47854
2766,Utkarsh Dayal,Nigam-Seshadri,SEO,Pune,77513
2767,Jeevika Kapur,"Prabhakar, Sehgal and Doshi",AI Chatbot Development,Jaipur,143334
2768,Vansha Bera,Krishna Ltd,Content Marketing,Ahmedabad,186790
2769,Chaaya Sant,"Sem, Kohli and Ravi",Content Marketing,Ahmedabad,220049
2770,Dominic Jain,Bala-Bala,Content Marketing,Bangalore,110916
2771,Falan Khatri,Shukla-Dayal,Email Marketing,Mumbai,118685
2772,Jai Mann,"Shan, Parmer and Dhaliwal",Content Marketing,Pune,238751
2773,Sanaya Sridhar,Tara PLC,Meta Ads,Hyderabad,85823
2774,Liam Gaba,Taneja-Mani,Meta Ads,Jaipur,57615
2775,Banjeet Kata,"Ray, Mital and Sarna",SEO,Mumbai,275171
2776,Odika Dubey,Bhalla Group,Content Marketing,Mumbai,64388
2777,Andrew Tiwari,"Khosla, Narayan and Dora",Meta Ads,Ahmedabad,259090
2778,Laban Yohannan,"Manne, Baral and Uppal",Content Marketing,Mumbai,258233
2779,Nachiket Bir,Sarkar Group,Content Marketing,Kolkata,221701
2780,Joshua Wali,Singhal PLC,Social Media Marketing,Bangalore,117408
2781,Onveer Dugal,Bajaj-Kulkarni,Content Marketing,Jaipur,281177
2782,Jhalak Kumar,Solanki-Viswanathan,Website Development,Hyderabad,235397
2783,Oviya Sule,Seshadri PLC,Social Media Marketing,Jaipur,39852
2784,Januja Gill,Devi-Nair,Email Marketing,Pune,79330
2785,Imaran Sami,"Deshpande, Rout and Yohannan",Email Marketing,Delhi,94494
2786,Fitan Varughese,"Ramanathan, Shah and Saini",AI Chatbot Development,Kolkata,291030
2787,Anya Keer,Sachar Group,Google Ads,Delhi,148571
2788,Darpan Dara,"Sagar, Chada and Sunder",Email Marketing,Delhi,183839
2789,Liam Rai,Pau and Sons,SEO,Pune,25653
2790,Nandini Bassi,Bedi PLC,Email Marketing,Kolkata,288783
2791,Ekbal Chana,"Sen, Swamy and Nadkarni",Email Marketing,Pune,240733
2792,Chatresh Memon,Batra-Ganguly,Social Media Marketing,Hyderabad,171628
2793,Zansi Tandon,Kanda-Ganguly,Meta Ads,Jaipur,179420
2794,Indrajit Sanghvi,"Apte, Devi and De",AI Chatbot Development,Jaipur,268072
2795,Madhavi Ramesh,"Edwin, Zacharia and Joshi",Meta Ads,Jaipur,172962
2796,Unnati Agarwal,"Patla, Cherian and Contractor",SEO,Hyderabad,274153
2797,Abhimanyu Doctor,Chana-Prashad,Google Ads,Mumbai,285077
2798,Jai Mitter,Ramachandran Group,Google Ads,Hyderabad,152147
2799,Owen Gaba,"Sehgal, Varma and Mishra",Meta Ads,Hyderabad,164293
2800,Reyansh Bakshi,Dugal Inc,AI Chatbot Development,Jaipur,78484
2801,Umang Sampath,"Varma, Biswas and Mandal",Meta Ads,Mumbai,254174
2802,Edhitha Kaul,"Magar, Brahmbhatt and Morar",Social Media Marketing,Mumbai,156971
2803,Jairaj Narang,"Rajagopal, Randhawa and Mitra",Website Development,Kolkata,114796
2804,Gaurav Ramachandran,Thaker Group,SEO,Pune,64250
2805,Mohammed Varma,Viswanathan Inc,Meta Ads,Mumbai,280019
2806,Krishna Kannan,Hayer-Nayak,Content Marketing,Ahmedabad,144752
2807,Chakradev Solanki,Ganesh Group,Email Marketing,Mumbai,130549
2808,Lopa Malhotra,Magar-Sawhney,Social Media Marketing,Jaipur,158619
2809,Jeevika Venkatesh,Deep-Garde,Google Ads,Jaipur,107870
2810,Qasim Bose,"Sur, Sami and Reddy",Email Marketing,Ahmedabad,269682
2811,Charles Bhattacharyya,Wali-Kadakia,AI Chatbot Development,Kolkata,299194
2812,Jairaj Sanghvi,Devan-Balasubramanian,Website Development,Ahmedabad,224509
2813,Vinaya Bal,"Chopra, Sule and Balakrishnan",Email Marketing,Hyderabad,96100
2814,Devika Kale,Koshy Inc,Content Marketing,Jaipur,171410
2815,Xiti Sha,"Misra, Puri and Manda",Email Marketing,Ahmedabad,185511
2816,Utkarsh Tank,Kashyap-Suri,SEO,Delhi,298550
2817,Nachiket Behl,Manne and Sons,Social Media Marketing,Ahmedabad,162915
2818,Rehaan Varma,"Solanki, Luthra and Som",Social Media Marketing,Hyderabad,160030
2819,Aadi D’Alia,"Pall, Sarma and Sharaf",Google Ads,Hyderabad,225077
2820,Brinda Lata,"Prashad, Menon and Bhatt",Email Marketing,Bangalore,122197
2821,Sathvik Karpe,Bajaj and Sons,Social Media Marketing,Mumbai,184243
2822,Nidra Kalita,Prabhakar-Yohannan,SEO,Jaipur,55626
2823,Sneha Ben,"Uppal, Gara and Palan",SEO,Ahmedabad,71222
2824,Qasim Bakshi,"Barman, Kuruvilla and Sathe",Google Ads,Kolkata,204295
2825,Unni Chatterjee,"Wason, Ravel and Kumer",Website Development,Hyderabad,152066
2826,Chasmum Mukherjee,Bail Ltd,Website Development,Jaipur,32425
2827,Odika Johal,Pingle-Jaggi,Google Ads,Jaipur,133678
2828,Yash Chaudhari,Palan and Sons,Google Ads,Delhi,65291
2829,Inaya Dugal,Raju LLC,Meta Ads,Ahmedabad,116871
2830,Keya Bhagat,Golla-Kar,Google Ads,Mumbai,152820
2831,Shivani Madan,"Oza, Samra and Sheth",AI Chatbot Development,Kolkata,59696
2832,Dalaja Setty,"Goyal, Walla and Saini",Email Marketing,Hyderabad,243862
2833,Rajata Master,Sur-Chawla,Social Media Marketing,Hyderabad,104916
2834,Ekapad Wagle,"Sathe, Som and Modi",Google Ads,Hyderabad,52708
2835,Darika Pillai,Prabhakar-Balakrishnan,Content Marketing,Ahmedabad,194406
2836,Falak Sha,Joshi-Sunder,SEO,Hyderabad,158760
2837,Adweta Bala,Ravi-Patla,Meta Ads,Kolkata,56384
2838,Kiaan Gokhale,Ram-Choudhury,Email Marketing,Bangalore,225853
2839,Jairaj Apte,Tata Group,Meta Ads,Kolkata,76848
2840,Aarnav Karnik,Srinivasan and Sons,Meta Ads,Ahmedabad,134497
2841,Aditya Hari,Dalal-D’Alia,Google Ads,Kolkata,155788
2842,Adweta Iyer,Bhattacharyya LLC,Google Ads,Jaipur,58230
2843,Abhimanyu Basu,"Bail, Uppal and Raval",Google Ads,Hyderabad,253770
2844,Dakshesh Panchal,Khosla Group,SEO,Kolkata,98042
2845,Kai Sharaf,Bandi Ltd,SEO,Jaipur,224725
2846,Abhiram Khalsa,Yadav-Sarin,AI Chatbot Development,Mumbai,192926
2847,Anmol Chanda,Ganguly Inc,Content Marketing,Jaipur,290209
2848,Darsh Mallick,Badami-Kale,Email Marketing,Kolkata,248619
2849,Nitara Vyas,Ramachandran and Sons,Content Marketing,Delhi,138408
2850,Jagrati Sane,"Dubey, Batta and Dada",SEO,Ahmedabad,272741
2851,Raghav Mammen,Subramaniam and Sons,Google Ads,Pune,194818
2852,Om Saraf,"Sridhar, Walia and Pillay",AI Chatbot Development,Ahmedabad,48937
2853,Ekbal Sinha,Borah PLC,Google Ads,Pune,198290
2854,Rachana Koshy,Char-Raja,Google Ads,Kolkata,172021
2855,Nitara Parmer,Som and Sons,Website Development,Mumbai,40620
2856,Isaac Ramakrishnan,Pingle LLC,Content Marketing,Bangalore,176694
2857,Vedhika Choudhry,"Datta, Karan and Barad",Content Marketing,Delhi,208356
2858,Nathaniel Din,"Narain, Zacharia and Guha",Email Marketing,Delhi,249629
2859,Jasmit Chand,Sarraf-Oak,Website Development,Mumbai,38716
2860,Abhiram Kanda,Vaidya-Pal,Website Development,Jaipur,145034
2861,Hema Memon,Narasimhan Ltd,Email Marketing,Ahmedabad,53026
2862,Ekaraj Varty,Sarma-Sachdev,AI Chatbot Development,Kolkata,299938
2863,Inaya Wadhwa,Ray Ltd,Email Marketing,Jaipur,39421
2864,Arin Mukhopadhyay,Ramaswamy-Zacharia,Social Media Marketing,Jaipur,197061
2865,Pratyush Trivedi,Pillay-Gole,SEO,Ahmedabad,81964
2866,Atharv Kadakia,Dar-Subramanian,Website Development,Kolkata,98094
2867,Atharv Chowdhury,"Peri, Mukherjee and Pandit",Website Development,Delhi,39334
2868,Mitali Chandra,"Dhawan, Batta and Guha",Meta Ads,Kolkata,29994
2869,Nachiket Lal,"Andra, Ghosh and Chaudhari",Email Marketing,Jaipur,147235
2870,Bhavna Vohra,"Lanka, Gera and Sen",Meta Ads,Jaipur,110308
2871,Nandini Edwin,"Saini, Puri and Dora",SEO,Hyderabad,71009
2872,Aradhana Biswas,"Lall, Kala and Sule",Email Marketing,Mumbai,53532
2873,Vrishti Sampath,Gulati-Narayanan,Google Ads,Delhi,280646
2874,Kai Kashyap,Luthra Group,Website Development,Delhi,126242
2875,Kashvi Divan,Halder Group,Content Marketing,Pune,230768
2876,Rachana Chana,Natarajan Group,Social Media Marketing,Delhi,92000
2877,Shravya Uppal,Dutta Group,Social Media Marketing,Bangalore,43900
2878,Dhriti Kata,Bhatia-Bhasin,Meta Ads,Pune,53146
2879,Om Jhaveri,"Shere, Banerjee and Chaudry",Google Ads,Hyderabad,94048
2880,Fiyaz Thakkar,Krishna-Madan,Content Marketing,Mumbai,213948
2881,Radhika Ram,"Sachdev, Varkey and Ravel",Meta Ads,Kolkata,147739
2882,Libni Bajaj,"Bala, Kade and Mane",SEO,Mumbai,72411
2883,Ati Ray,Pingle Group,Content Marketing,Mumbai,28194
2884,Samesh Bahri,"Sarraf, Bora and Sridhar",Email Marketing,Delhi,23329
2885,Garima Seth,"Mane, Divan and Tak",SEO,Mumbai,66735
2886,Laban Gala,Thaman LLC,AI Chatbot Development,Ahmedabad,269567
2887,Henry Din,Khosla Group,Meta Ads,Bangalore,95019
2888,Anthony Reddy,Raman and Sons,AI Chatbot Development,Kolkata,236023
2889,Timothy Dubey,"Ganguly, Naidu and Loke",Website Development,Mumbai,39724
2890,Baghyawati Sha,"Ramesh, Murty and Raj",Meta Ads,Kolkata,66148
2891,Chaman Nath,"Gulati, Sha and Sawhney",AI Chatbot Development,Pune,239564
2892,Reyansh Palan,"Srinivas, Gera and Balan",SEO,Bangalore,120612
2893,Divya Badami,Dora Group,Google Ads,Delhi,209740
2894,Vaishnavi Bajaj,Tiwari-Kalla,Website Development,Kolkata,129108
2895,Brijesh Jain,Chhabra LLC,AI Chatbot Development,Jaipur,121564
2896,Hardik Gokhale,"Chandra, Kala and Tella",Google Ads,Mumbai,268728
2897,Inaya Parmer,Raval-Purohit,Email Marketing,Mumbai,103760
2898,Lakshit Wadhwa,Radhakrishnan LLC,SEO,Jaipur,210942
2899,Inaya Palan,"Dixit, Doshi and Malhotra",AI Chatbot Development,Bangalore,247893
2900,Maanas Varghese,Aggarwal Ltd,AI Chatbot Development,Pune,257579
2901,Frado Naidu,Sarraf PLC,SEO,Delhi,47502
2902,Ekta Sankaran,Manda-Sangha,Meta Ads,Mumbai,35238
2903,Diya Comar,Padmanabhan-Suri,Email Marketing,Delhi,57150
2904,Gautami Sengupta,Merchant-Swaminathan,Website Development,Kolkata,190903
2905,Xalak Chhabra,Bajwa-Bansal,Content Marketing,Bangalore,190752
2906,Daksha Kunda,Bedi and Sons,Website Development,Delhi,190987
2907,Rajeshri Ray,Modi-Arora,Website Development,Delhi,144318
2908,Gauri Pandya,Doctor-Devi,Content Marketing,Bangalore,216887
2909,Ishita Sabharwal,Jha LLC,Website Development,Delhi,266934
2910,Adya Chaudhuri,Sharma-Rajagopalan,Email Marketing,Jaipur,248518
2911,Liam Basak,Devi Group,Meta Ads,Bangalore,258546
2912,Brinda Ray,Vohra-Srivastava,Meta Ads,Ahmedabad,215813
2913,Fitan Rau,Sangha and Sons,Meta Ads,Kolkata,121793
2914,Radha Lall,Raval Group,Social Media Marketing,Hyderabad,126016
2915,Daksh Gupta,Om-Sharaf,Social Media Marketing,Mumbai,36826
2916,Victor Dutt,Mohanty Ltd,SEO,Hyderabad,91566
2917,Aadi Nayar,Dubey-Karnik,Google Ads,Kolkata,260427
2918,Harita Bajwa,Parmer-Mohan,Content Marketing,Mumbai,200132
2919,Ijaya Devi,Doctor LLC,Website Development,Hyderabad,102202
2920,Krishna Mital,Sinha-Char,Meta Ads,Bangalore,65337
2921,Chatresh Srinivas,Mani Ltd,Content Marketing,Kolkata,133478
2922,Manya Bala,"Din, Vohra and Bobal",Email Marketing,Kolkata,166365
2923,Meghana Saini,Rama Ltd,SEO,Ahmedabad,149317
2924,Pushti Brar,Srivastava-Butala,Website Development,Pune,247671
2925,Ranveer Sarkar,Behl-Sangha,Website Development,Mumbai,22662
2926,Michael Sarma,Nadig-Sandal,Content Marketing,Jaipur,41002
2927,George Buch,Dutta-Suresh,Email Marketing,Jaipur,243188
2928,Ijaya Singhal,Vig PLC,Content Marketing,Kolkata,71379
2929,Ikbal Basak,Hari-Sastry,Email Marketing,Kolkata,146097
2930,Dayamai Chana,Nair Inc,Google Ads,Jaipur,233184
2931,Manbir Din,"Grover, Mann and Ray",Website Development,Mumbai,207907
2932,Warhi Jayaraman,Bedi and Sons,AI Chatbot Development,Bangalore,67568
2933,Ansh Dubey,"Dass, Johal and Loyal",SEO,Kolkata,179822
2934,Ridhi Majumdar,Raghavan and Sons,Meta Ads,Kolkata,32799
2935,Chatresh Krishnamurthy,Chadha-Seth,Email Marketing,Kolkata,92678
2936,Benjamin Rana,Das-Narula,Content Marketing,Mumbai,214207
2937,Vritti Gola,Murty and Sons,Email Marketing,Jaipur,57066
2938,Faqid Parikh,Boase-Palla,Content Marketing,Pune,298355
2939,Arjun Sarma,Sha-Bahri,SEO,Hyderabad,243295
2940,Zayan Bahri,Sethi Group,AI Chatbot Development,Bangalore,62445
2941,Wakeeta Narula,Dugar-Narang,Social Media Marketing,Jaipur,289870
2942,Brinda Kumer,"Date, Sen and Bhatia",Social Media Marketing,Jaipur,78178
2943,Advika Joshi,Palla-Mander,Content Marketing,Pune,263978
2944,Meghana Dada,"Kurian, Oza and Atwal",SEO,Pune,212116
2945,Jatin Kari,"Sinha, Balan and Balay",Meta Ads,Delhi,127328
2946,Udarsh Mahal,Banik-Rai,Meta Ads,Pune,145112
2947,Ijaya Chaudhary,Sachdev Group,Google Ads,Kolkata,129992
2948,Arjun Karnik,"Sarraf, Sridhar and Prabhu",Website Development,Pune,204922
2949,Naveen Chacko,Bhavsar-Chandran,AI Chatbot Development,Ahmedabad,165303
2950,Alka Badami,Sarma LLC,SEO,Delhi,215461
2951,Upadhriti Chand,Shroff-Misra,Social Media Marketing,Kolkata,274922
2952,Varenya Mitra,Parmar-Shan,Google Ads,Kolkata,298871
2953,Avi Shankar,Sarraf-Zachariah,AI Chatbot Development,Kolkata,213014
2954,Arunima Vig,Sachdev PLC,Google Ads,Bangalore,260057
2955,Gagan Ramakrishnan,Sharaf PLC,Google Ads,Delhi,224830
2956,Rachit Purohit,"Shanker, Nadig and Agrawal",Meta Ads,Hyderabad,60342
2957,Jagrati Bora,Nagar-Ramachandran,Google Ads,Mumbai,164673
2958,Dev Bhargava,Banerjee Ltd,Google Ads,Mumbai,280219
2959,Faraj Parmer,Badami and Sons,Meta Ads,Bangalore,292990
2960,Idika Mannan,Devan-Nadig,SEO,Hyderabad,238385
2961,Hredhaan Rattan,Deol-Soman,Meta Ads,Kolkata,201770
2962,Warda Sahota,Rout and Sons,Content Marketing,Kolkata,31262
2963,Bhavna Seth,Brahmbhatt and Sons,AI Chatbot Development,Bangalore,53003
2964,Bhavika Bahri,Ganesh and Sons,SEO,Bangalore,292430
2965,Nathan Kumar,"Bir, Manne and Gopal",Social Media Marketing,Ahmedabad,199721
2966,Bhavna Malhotra,Virk Inc,Social Media Marketing,Kolkata,297959
2967,Wridesh Ramakrishnan,Aurora-Karpe,Email Marketing,Kolkata,179426
2968,Ekiya Balasubramanian,Sachdev-Joshi,Meta Ads,Hyderabad,110039
2969,Irya Dayal,Pai PLC,AI Chatbot Development,Bangalore,273882
2970,Hemani Ahluwalia,"Warrior, Varkey and Deshmukh",Social Media Marketing,Hyderabad,44808
2971,Aarush Mistry,Swaminathan LLC,Meta Ads,Pune,169098
2972,Zarna Tata,Dada LLC,Email Marketing,Mumbai,104300
2973,Riya Agrawal,Palan Ltd,AI Chatbot Development,Mumbai,111938
2974,Avi Mahal,"Sen, Pingle and Ganguly",Meta Ads,Mumbai,144730
2975,Fariq Atwal,Singhal-Mangal,Google Ads,Jaipur,186003
2976,Chanchal Nagarajan,Shan-Parekh,Meta Ads,Kolkata,156528
2977,Kalpit Ratta,Narasimhan Inc,Social Media Marketing,Mumbai,127560
2978,Pavani Dhar,Murty and Sons,SEO,Pune,200274
2979,Bimala Kamdar,Ahuja Ltd,Meta Ads,Pune,255105
2980,Aarna Nagi,Kakar Inc,Meta Ads,Hyderabad,83695
2981,Harshil Walia,Lanka-Pandey,SEO,Ahmedabad,281838
2982,Bina Bajaj,Patil-Grover,Meta Ads,Kolkata,187886
2983,Xavier Dada,Bose Inc,Meta Ads,Jaipur,286028
2984,Krishna Chad,Amble Inc,Social Media Marketing,Hyderabad,268465
2985,Nidra Walla,Yohannan LLC,AI Chatbot Development,Mumbai,251790
2986,Krish Morar,Saran-Nori,Social Media Marketing,Delhi,271124
2987,Bakhshi Kara,Memon-Taneja,SEO,Mumbai,81276
2988,Pratyush Ravi,"Tripathi, Wagle and Buch",AI Chatbot Development,Jaipur,230569
2989,Daniel Gera,Rout and Sons,Website Development,Kolkata,207377
2990,Triya Gupta,Talwar-Chad,Google Ads,Pune,48853
2991,Onkar Shan,"Merchant, Kaur and Sant",Website Development,Bangalore,165713
2992,Dakshesh Bhakta,"Dua, Trivedi and Rau",Website Development,Jaipur,63824
2993,Lopa Sunder,Kade-Mukherjee,Email Marketing,Delhi,288324
2994,Bahadurjit Randhawa,Karpe-Ramachandran,Content Marketing,Bangalore,277145
2995,Udant Chawla,"Mittal, Jha and Devi",Social Media Marketing,Jaipur,209301
2996,Gaurang Sant,"Arya, Murty and Kamdar",Content Marketing,Mumbai,244206
2997,Isha Kannan,Grewal Group,Social Media Marketing,Ahmedabad,215470
2998,Aradhana Aggarwal,Sastry Inc,SEO,Hyderabad,200837
2999,Falan Khosla,"Saraf, Rattan and Handa",Social Media Marketing,Hyderabad,253610
3000,Sara Tara,"Walla, Joshi and Dass",Google Ads,Bangalore,252899
3001,Netra Nanda,"Vala, Cheema and Patel",Content Marketing,Kolkata,171327
3002,Ryan Kade,"Patla, Saha and Rama",Meta Ads,Ahmedabad,237156
3003,Jai Mann,"Dutta, Borde and Warrior",Meta Ads,Delhi,95308
3004,Shivani Rajagopal,Cheema Inc,Website Development,Hyderabad,268833
3005,Jacob Sathe,Warrior-Jain,Social Media Marketing,Delhi,217012
3006,Anthony Sethi,Behl Inc,Google Ads,Jaipur,234675
3007,Meera Bhandari,Shah LLC,AI Chatbot Development,Ahmedabad,111694
3008,Chakrika Narain,Vig PLC,Email Marketing,Mumbai,124468
3009,Qadim Zacharia,"Tak, Bala and Desai",Meta Ads,Ahmedabad,171762
3010,Atharv Ganesh,Manda PLC,Email Marketing,Jaipur,178331
3011,Ira Gupta,Varma-Manne,AI Chatbot Development,Kolkata,262982
3012,Rayaan Upadhyay,"Rao, Badal and Banik",Website Development,Jaipur,21282
3013,Nidra Suri,Mandal Ltd,Meta Ads,Hyderabad,177375
3014,Manbir Agarwal,"Jhaveri, Soman and Bhargava",Email Marketing,Delhi,170831
3015,Yauvani Lanka,Loke-Bajaj,Content Marketing,Mumbai,277890
3016,Eta Rau,Dewan-Chopra,Website Development,Jaipur,82576
3017,Aditya Mitra,Jhaveri-Shankar,AI Chatbot Development,Kolkata,54983
3018,Ekani Varghese,"Rege, Ray and Keer",Social Media Marketing,Kolkata,248625
3019,Abeer Bora,"Salvi, Memon and Tak",AI Chatbot Development,Kolkata,82696
3020,Damini Pall,Balay Inc,Social Media Marketing,Jaipur,156072
3021,Deepa Ratti,Prasad Group,Meta Ads,Jaipur,96617
3022,Patrick Srivastava,"Baria, Toor and Mani",Social Media Marketing,Kolkata,91039
3023,Vrinda Chahal,Nazareth LLC,Social Media Marketing,Mumbai,47728
3024,Urishilla Uppal,Andra Ltd,AI Chatbot Development,Pune,239946
3025,Vanya Choudhry,"Samra, Borde and Mani",Social Media Marketing,Jaipur,171968
3026,Jackson Kant,Jain-Chatterjee,AI Chatbot Development,Delhi,289414
3027,Viraj Mitra,Dani-Kaur,Website Development,Mumbai,69549
3028,Yauvani Bains,Iyengar-Khurana,Meta Ads,Pune,185785
3029,Dayamai Hans,Mody Inc,AI Chatbot Development,Hyderabad,210066
3030,Praneel Narasimhan,Bose-Nazareth,Google Ads,Pune,95349
3031,Udant Biswas,Dugal Group,SEO,Mumbai,291670
3032,Kabir Rama,Narayan LLC,AI Chatbot Development,Pune,274226
3033,Ethan Shah,"Sahota, Datta and Koshy",Content Marketing,Pune,105474
3034,Laksh Dara,Padmanabhan-Wagle,Google Ads,Bangalore,101031
3035,Vasudha Comar,Chandra-Dhaliwal,Website Development,Bangalore,295593
3036,Theodore Kade,Hora Inc,Google Ads,Ahmedabad,261430
3037,Saanvi Krishnamurthy,Mand Inc,Google Ads,Delhi,88803
3038,George Kumer,Sen LLC,SEO,Kolkata,202562
3039,Utkarsh Kamdar,Din-Sastry,AI Chatbot Development,Pune,92883
3040,Oviya Padmanabhan,Kaur-Master,Email Marketing,Pune,110286
3041,Xalak Sridhar,Ahuja-Trivedi,AI Chatbot Development,Jaipur,82178
3042,Zansi Borah,Shukla Inc,Website Development,Mumbai,94637
3043,Aarna Pau,"Cherian, Bains and Sathe",Website Development,Hyderabad,85716
3044,Veda Kakar,Shere Group,Website Development,Mumbai,61211
3045,Krisha Pathak,Sethi-Shah,Content Marketing,Delhi,60755
3046,Widisha Nagar,Mane and Sons,SEO,Kolkata,246097
3047,Rachit Contractor,Parikh-Kara,SEO,Bangalore,76527
3048,Reyansh Shanker,"Ahluwalia, Ahluwalia and Sridhar",SEO,Jaipur,265934
3049,Nimrat Verma,Jani PLC,Google Ads,Hyderabad,42691
3050,Urmi Agarwal,Raju-Devi,Google Ads,Hyderabad,25385
3051,Yash Nagar,Seshadri Group,Google Ads,Delhi,127689
3052,William Johal,"Wason, Mall and Borra",Website Development,Mumbai,204304
3053,Janaki Garg,Hans-Mittal,SEO,Delhi,96313
3054,Xiti Mittal,"Prabhu, Chander and Soni",AI Chatbot Development,Pune,204655
3055,Zansi Balasubramanian,Kannan-Cheema,Meta Ads,Bangalore,284717
3056,Krishna Kala,"Choudhury, Loke and Dugar",Google Ads,Delhi,27331
3057,Onkar Seth,Chahal-Bhavsar,Website Development,Bangalore,167774
3058,Girindra Brahmbhatt,Menon-Subramaniam,Meta Ads,Jaipur,71739
3059,Jasmit Kumer,Deshmukh and Sons,Website Development,Kolkata,212132
3060,Fitan Verma,Lanka Ltd,Meta Ads,Kolkata,76268
3061,Widisha Radhakrishnan,Ratta Inc,Meta Ads,Pune,219027
3062,Hemang Sem,Mane and Sons,Content Marketing,Bangalore,289615
3063,Michael Deol,Bhagat-Chandra,Website Development,Ahmedabad,79163
3064,Amol Dalal,Sura Group,Social Media Marketing,Delhi,264266
3065,Jeet Dass,Varughese PLC,Google Ads,Mumbai,279950
3066,Warhi Viswanathan,Jhaveri PLC,Social Media Marketing,Hyderabad,41290
3067,Gautami Kulkarni,Hayer Inc,Google Ads,Pune,278847
3068,Sai Jani,Krish Inc,Google Ads,Ahmedabad,168694
3069,Chakradev Lanka,Shan-Bajwa,Email Marketing,Hyderabad,252760
3070,Eshana Dave,Khosla and Sons,Website Development,Ahmedabad,172352
3071,Yuvraj Khalsa,Ramakrishnan-Muni,Content Marketing,Bangalore,56495
3072,Triya Singhal,Bhat Inc,Email Marketing,Pune,114003
3073,Champak Yogi,Tank Group,SEO,Kolkata,75140
3074,Hemal Sampath,Kant-Ben,Content Marketing,Kolkata,294025
3075,Vasana Golla,Sarraf-Jain,Google Ads,Delhi,95165
3076,Ekaraj Bhagat,"Sandal, Brar and Gopal",Content Marketing,Ahmedabad,73331
3077,Vidhi Dhar,"Randhawa, Lal and Chaudhary",Meta Ads,Delhi,210688
3078,Anjali Vala,Cheema-Sarma,Website Development,Pune,124995
3079,Balvan Shah,"Rastogi, Madan and Taneja",Content Marketing,Delhi,142090
3080,Champak Gera,Patil-Yohannan,Content Marketing,Kolkata,166023
3081,Tanvi Bumb,Khosla-Mann,AI Chatbot Development,Ahmedabad,206697
3082,Aadhya Aurora,Sethi-Saraf,Email Marketing,Ahmedabad,274034
3083,Avni Kohli,"Krishnamurthy, Parmer and Dutta",AI Chatbot Development,Mumbai,258359
3084,Imaran Arya,Sandal Group,Google Ads,Delhi,151433
3085,Chaman Bhatt,"Atwal, Panchal and Mahajan",Email Marketing,Kolkata,141017
3086,Dayamai Puri,"Prasad, Parikh and Dhaliwal",Meta Ads,Jaipur,72220
3087,Ranveer Ganguly,Malhotra Ltd,SEO,Delhi,281166
3088,Faras Swamy,Nori-Majumdar,SEO,Mumbai,220609
3089,Daniel Loke,Hans Ltd,Social Media Marketing,Mumbai,178729
3090,Abeer Sura,"Mody, Sahota and Tak",Google Ads,Delhi,292602
3091,Oviya Nagi,Pau-Baral,Email Marketing,Kolkata,125870
3092,Ladli Prashad,"Sanghvi, Ravi and Banerjee",AI Chatbot Development,Kolkata,277032
3093,Fitan Balay,Dutta-Viswanathan,AI Chatbot Development,Pune,29264
3094,Ubika Bali,Sodhi-Baral,SEO,Ahmedabad,82460
3095,Peter Gandhi,Pall Inc,Content Marketing,Kolkata,184919
3096,Gunbir Suri,"Palla, Brar and Gupta",Content Marketing,Kolkata,260992
3097,Owen Nazareth,"Bakshi, Choudhary and Chad",SEO,Jaipur,112730
3098,Chaaya Pillay,Bhakta LLC,AI Chatbot Development,Mumbai,277676
3099,Zashil Suresh,Saini-Kumer,Content Marketing,Mumbai,183818
3100,Bishakha Konda,"Samra, Dugal and Mammen",Content Marketing,Kolkata,77347
3101,Jalsa Sant,"Sur, Saraf and Grewal",Email Marketing,Kolkata,269514
3102,Harrison Borde,Yadav-Tella,Meta Ads,Jaipur,225198
3103,Harshil Sarma,Lall LLC,AI Chatbot Development,Kolkata,218074
3104,Ethan Das,"Halder, Choudhary and Sachar",Social Media Marketing,Hyderabad,188025
3105,Hema Hayer,Kalla LLC,SEO,Jaipur,43655
3106,Aarini Atwal,"Pai, Issac and Karpe",Meta Ads,Pune,202911
3107,Hamsini Chad,"Devan, Chaudhari and Mishra",SEO,Pune,219530
3108,Wishi Korpal,"Suri, Sunder and Master",Google Ads,Ahmedabad,200954
3109,Jasmit Kothari,Malhotra-Bains,Social Media Marketing,Ahmedabad,204166
3110,Jagvi Solanki,"Talwar, Palla and Kuruvilla",SEO,Bangalore,149821
3111,Suhani Singhal,Memon LLC,Website Development,Hyderabad,64533
3112,Veda Dey,Chawla and Sons,Google Ads,Hyderabad,80015
3113,Ekansh Som,Menon PLC,Social Media Marketing,Mumbai,30334
3114,Faqid Ram,Om PLC,Social Media Marketing,Jaipur,261649
3115,Kabir Gupta,Dugal Ltd,Content Marketing,Ahmedabad,159785
3116,Gautami Parekh,Bahri Inc,SEO,Kolkata,31658
3117,Lipika Soni,Swamy LLC,Social Media Marketing,Ahmedabad,224630
3118,Chandran Memon,Pillai-Sheth,Social Media Marketing,Delhi,276040
3119,Saksham Bir,Dhingra-Hora,Google Ads,Bangalore,196143
3120,Bina Lalla,Sandhu-Babu,Email Marketing,Pune,107360
3121,Baghyawati Morar,"Khatri, Randhawa and Balasubramanian",AI Chatbot Development,Pune,248584
3122,Jack Dhar,Shanker and Sons,Website Development,Kolkata,59489
3123,Azad Mital,Wali-Mohanty,Website Development,Hyderabad,159017
3124,Kai Ganesan,"Kurian, Prabhakar and Murty",SEO,Hyderabad,230778
3125,Ethan Parmar,"Bhasin, Kohli and Keer",Website Development,Delhi,69667
3126,Chatura Joshi,Deshmukh Inc,Social Media Marketing,Hyderabad,55268
3127,Reyansh Mahajan,"Babu, Ganesan and Lal",Email Marketing,Ahmedabad,129963
3128,Advika Kibe,"Chahal, Swamy and Rana",Social Media Marketing,Delhi,178254
3129,Viraj Brahmbhatt,Kothari-Contractor,AI Chatbot Development,Ahmedabad,184287
3130,Charles Cherian,"Kakar, Gaba and Pai",Website Development,Ahmedabad,230921
3131,Pratyush Dora,Som-Singh,AI Chatbot Development,Kolkata,114686
3132,Madhavi Dugar,Varghese and Sons,SEO,Mumbai,281726
3133,Lopa Bajaj,"Dyal, Rama and Maharaj",Website Development,Kolkata,160475
3134,Devansh Sawhney,Baria Group,Content Marketing,Jaipur,293819
3135,Raksha Agrawal,Randhawa-Mangat,Website Development,Pune,262476
3136,Benjamin Mitra,"Garde, Kata and Prasad",Meta Ads,Bangalore,98891
3137,Benjamin Srinivasan,"Kohli, Sandal and Vora",AI Chatbot Development,Ahmedabad,235094
3138,Upadhriti Shetty,Pandit Inc,Social Media Marketing,Delhi,126723
3139,Faraj Bal,Srivastava Inc,Content Marketing,Hyderabad,170494
3140,Reva Nath,Date Ltd,Meta Ads,Hyderabad,143800
3141,Teerth Nayak,Kota and Sons,Content Marketing,Bangalore,79537
3142,Aarnav Gala,Bajwa-Chandra,Meta Ads,Bangalore,34524
3143,Dayamai Kari,Chad-Kar,Website Development,Hyderabad,263353
3144,Balendra Sachdev,"Raman, Kata and Hayer",Email Marketing,Ahmedabad,241259
3145,Abhiram Shankar,"Maharaj, Wadhwa and Seshadri",SEO,Bangalore,103549
3146,Zashil Kashyap,Yogi-Golla,AI Chatbot Development,Mumbai,35278
3147,Xalak Dugar,Kari-Kota,AI Chatbot Development,Hyderabad,112266
3148,Aarini Thaman,"Sule, Shenoy and Dhingra",SEO,Kolkata,30437
3149,Wahab Comar,"Uppal, Saini and Rao",SEO,Delhi,184576
3150,Yashvi Arya,"Venkatesh, Date and Sahota",AI Chatbot Development,Delhi,233388
3151,Gunbir Sharaf,Lad-Behl,Social Media Marketing,Delhi,228087
3152,Ekanta Sheth,Sethi-Amble,Meta Ads,Bangalore,78684
3153,Avi Bhattacharyya,Murty and Sons,Google Ads,Hyderabad,280283
3154,Nihal Palla,Divan-Konda,Google Ads,Bangalore,84108
3155,Nirja Mane,Saran and Sons,Social Media Marketing,Pune,224446
3156,Pratyush Sant,"Sundaram, Kota and Rout",Website Development,Ahmedabad,134299
3157,Rajata Pall,Walia and Sons,Meta Ads,Delhi,111831
3158,Arjun Devi,"Majumdar, Nagarajan and Raghavan",Website Development,Hyderabad,250411
3159,Upkaar Singhal,Raman PLC,Content Marketing,Hyderabad,49321
3160,Urmi Rajagopal,"Manne, Chana and Saini",Email Marketing,Pune,79224
3161,Mohammed Bora,"Pandey, Dalal and Chaudhari",Social Media Marketing,Ahmedabad,268960
3162,Lipika Rajagopal,"Kaul, Borde and Handa",Website Development,Hyderabad,95975
3163,Amara Dalal,Sunder-Nanda,Social Media Marketing,Kolkata,212801
3164,Zaitra Goswami,Munshi Group,AI Chatbot Development,Jaipur,38250
3165,Omaja Murty,"Subramanian, Kakar and Mani",SEO,Bangalore,152635
3166,Saksham Chhabra,"Chopra, Goyal and Dhar",Content Marketing,Hyderabad,210240
3167,Jeremiah Tara,Kapur-Lanka,Google Ads,Bangalore,251946
3168,Indali Mishra,Sibal-Chowdhury,Content Marketing,Jaipur,226032
3169,Kashvi Yohannan,"Bansal, Srinivas and Golla",AI Chatbot Development,Hyderabad,67317
3170,Ekbal Tandon,Krishnan-Chaudry,Website Development,Hyderabad,130303
3171,Rajeshri Bir,Kuruvilla Group,Meta Ads,Kolkata,186295
3172,Shravya Sha,Kalita-Dugar,Content Marketing,Jaipur,163674
3173,Chandran Varkey,"Vig, Chacko and Golla",Google Ads,Kolkata,266987
3174,Ekbal Subramanian,"Vyas, Vohra and Bajwa",Content Marketing,Pune,241441
3175,Tejas Lalla,"Dyal, Cheema and Bora",Google Ads,Mumbai,156823
3176,Diya Bahl,Pau PLC,Google Ads,Pune,240657
3177,Kashvi Prabhakar,"Sami, Kar and Magar",Social Media Marketing,Kolkata,34339
3178,Vedhika Kala,Bala-Agarwal,SEO,Mumbai,252471
3179,Bhavna Chadha,Kaul LLC,Meta Ads,Jaipur,230062
3180,Barkha Sehgal,Hans-Kamdar,Website Development,Hyderabad,184480
3181,Lopa Bhandari,"Mukherjee, Mohanty and Trivedi",Google Ads,Delhi,102744
3182,Zashil Oommen,Ahuja Inc,Website Development,Mumbai,235123
3183,Darika Sawhney,Rastogi-Thakur,Social Media Marketing,Kolkata,270801
3184,Balvan Solanki,"Bhasin, Shetty and Dayal",Meta Ads,Hyderabad,110952
3185,Tanay Sawhney,Krishnamurthy and Sons,Social Media Marketing,Hyderabad,124157
3186,Priya Loke,Madan Ltd,Google Ads,Ahmedabad,212728
3187,Ethan Bhagat,Acharya-Sridhar,Meta Ads,Ahmedabad,217824
3188,Ranbir Chawla,Madan-Radhakrishnan,Website Development,Jaipur,32042
3189,Hiral Dugar,Magar-Karnik,Website Development,Delhi,262443
3190,Balveer Maharaj,Kamdar-Sarin,Website Development,Hyderabad,108476
3191,Edhitha Zachariah,Wali-Modi,SEO,Ahmedabad,244868
3192,Oliver Borra,"Patel, Kamdar and Thakur",AI Chatbot Development,Mumbai,66693
3193,Chaitanya Parekh,Lata-Rao,Social Media Marketing,Mumbai,81525
3194,Henry Dash,Guha-Keer,SEO,Ahmedabad,257873
3195,Akshay Acharya,Sastry Ltd,Email Marketing,Delhi,137694
3196,Arunima Dar,Chandra-Guha,Website Development,Bangalore,159566
3197,Rudra Shanker,Goyal Inc,AI Chatbot Development,Kolkata,220316
3198,Viraj Gandhi,Kumar-Yohannan,Meta Ads,Ahmedabad,128321
3199,Wahab Kaur,"Chacko, Modi and Bose",Website Development,Hyderabad,119280
3200,Samarth Hans,"Pradhan, Chandran and Atwal",Content Marketing,Mumbai,234184
3201,Manbir Vora,Dhar Ltd,Meta Ads,Jaipur,172144
3202,Odika Chanda,"Nadkarni, Ramanathan and Magar",AI Chatbot Development,Bangalore,256441
3203,Ladli Ghose,Kunda Group,Website Development,Pune,260209
3204,Gavin Tripathi,Palla LLC,Google Ads,Jaipur,265829
3205,Arunima Sarraf,"Pandey, Reddy and Nanda",Meta Ads,Pune,228433
3206,Damini Mistry,Sehgal-Varughese,Website Development,Ahmedabad,241926
3207,Garima Karpe,Varughese Group,AI Chatbot Development,Delhi,69953
3208,Balhaar Kaul,Tandon PLC,SEO,Jaipur,194515
3209,Zansi Bajaj,"Ben, Ratta and Pal",Website Development,Kolkata,205756
3210,Manthan Raval,Bahl PLC,SEO,Jaipur,152989
3211,Yashoda Banerjee,"Sarna, Ramesh and Thakur",Content Marketing,Hyderabad,226934
3212,Omkaar Narayanan,Narang PLC,Social Media Marketing,Mumbai,41561
3213,Yauvani Sanghvi,Zacharia PLC,Meta Ads,Hyderabad,109058
3214,Chakrika Deo,"Brahmbhatt, Thaman and Dhar",Email Marketing,Pune,265411
3215,Lila Kannan,"Barad, Deol and Kaul",Meta Ads,Delhi,186365
3216,Arya Garg,Kaul-Prakash,Content Marketing,Mumbai,156527
3217,Nicholas Oak,Shanker PLC,Google Ads,Pune,43153
3218,Alka Bera,Rau Inc,Meta Ads,Kolkata,167325
3219,Frederick Nori,Chowdhury and Sons,Social Media Marketing,Ahmedabad,168334
3220,Charles Bedi,Bala-Pai,AI Chatbot Development,Hyderabad,291042
3221,Nakul Raval,Chaudhuri Inc,Social Media Marketing,Ahmedabad,106499
3222,Tanish Nagi,Dada Group,Social Media Marketing,Kolkata,99306
3223,Kavya Arya,"Luthra, Keer and Choudhry",Email Marketing,Jaipur,119048
3224,Ayush Vora,Viswanathan-Ramaswamy,Meta Ads,Jaipur,140513
3225,Rudra Pandya,"Konda, Thakur and Nigam",Meta Ads,Jaipur,266545
3226,Januja Swaminathan,"Sura, Parsa and Sodhi",AI Chatbot Development,Mumbai,264912
3227,Alka Ratta,"Kibe, Kade and Hora",Content Marketing,Delhi,279475
3228,Chaman Rai,"Keer, Patla and Karnik",SEO,Kolkata,206919
3229,Kamya Chaudhari,"Pandey, Ranganathan and Magar",Email Marketing,Kolkata,278467
3230,Chandran Pandit,Keer Inc,Google Ads,Mumbai,84830
3231,Luke Bose,Tank-Dada,Social Media Marketing,Delhi,126815
3232,Oviya Edwin,Kade-Agarwal,AI Chatbot Development,Mumbai,108235
3233,Nimrat Kamdar,Kaul-Gill,AI Chatbot Development,Bangalore,22163
3234,Warinder Yadav,"Vala, Pillay and Khurana",Meta Ads,Ahmedabad,60283
3235,Krish Rai,"Parmar, Malhotra and Ahluwalia",Website Development,Kolkata,69443
3236,Zinal Murthy,Balakrishnan-Gara,Social Media Marketing,Jaipur,169045
3237,Tarak Swamy,Mannan Group,Google Ads,Ahmedabad,215852
3238,Victor Chawla,"Manne, Murthy and Mistry",Google Ads,Pune,100622
3239,Dayita Purohit,Hans-Munshi,SEO,Delhi,261294
3240,Lakshit Dyal,Sehgal-Murty,Email Marketing,Kolkata,161200
3241,Urvi Gole,Nanda-Lala,SEO,Pune,42988
3242,Tripti Jain,Lalla-Aggarwal,Email Marketing,Pune,87801
3243,Rajeshri Suresh,Wadhwa-Kalla,Website Development,Jaipur,168349
3244,Dayita Bahri,Dalal PLC,Social Media Marketing,Jaipur,57079
3245,Priya Jani,"Tara, Muni and Shroff",Content Marketing,Delhi,229116
3246,Vrishti Acharya,Kaul-Sagar,AI Chatbot Development,Mumbai,145871
3247,Ayush Khosla,Dhar LLC,Content Marketing,Delhi,30754
3248,Netra Walla,"Mangal, Devi and Verma",Website Development,Mumbai,223687
3249,Theodore Shroff,"Pal, Nadkarni and Sethi",Content Marketing,Hyderabad,100810
3250,Ojasvi Randhawa,Babu and Sons,Google Ads,Hyderabad,277344
3251,Zilmil Jha,Sawhney-Nazareth,Content Marketing,Hyderabad,88832
3252,Turvi Narula,"Rau, Chauhan and Babu",Social Media Marketing,Delhi,212653
3253,Kalpit Kata,Shankar Ltd,Website Development,Kolkata,253540
3254,Chakrika Tara,"Dar, Ratti and Menon",Content Marketing,Kolkata,160760
3255,Banjeet Singhal,Nayar-Prakash,Content Marketing,Delhi,241530
3256,Yahvi Ramaswamy,Venkataraman LLC,Social Media Marketing,Mumbai,247596
3257,Janya Raval,Wali and Sons,Content Marketing,Delhi,41201
3258,Baljiwan Dua,"Chhabra, Dey and Shere",Social Media Marketing,Kolkata,137561
3259,Hiral Chander,Acharya-Mangal,Meta Ads,Kolkata,296445
3260,Isaiah Cherian,"Baria, Kari and Gill",Google Ads,Hyderabad,265481
3261,Damyanti Chand,"Wagle, Rajagopal and Nanda",Content Marketing,Delhi,270405
3262,Wahab Mangal,"Chaudhary, Bhatnagar and Ravi",AI Chatbot Development,Mumbai,86998
3263,Shivansh Oak,Wason and Sons,AI Chatbot Development,Bangalore,294250
3264,Ryan Pal,Bir-Din,Content Marketing,Hyderabad,45023
3265,Balvan Deol,"Kaur, Thaker and Khare",Google Ads,Jaipur,289177
3266,Akshay Bal,"Babu, Maharaj and Sampath",Google Ads,Ahmedabad,236541
3267,Jack Bhatt,Vig-Mani,Google Ads,Kolkata,152844
3268,Yashica Shan,Naidu Ltd,Social Media Marketing,Hyderabad,62870
3269,Zarna Uppal,"Bail, Vohra and Deshpande",SEO,Delhi,262681
3270,Arunima Dugar,Mody-Peri,Meta Ads,Mumbai,226022
3271,Pahal Deshmukh,Tripathi Ltd,SEO,Delhi,238235
3272,Damini Sehgal,"Cherian, Kakar and Chaudhary",AI Chatbot Development,Pune,258550
3273,Ekanta Yadav,Tandon-Dubey,Email Marketing,Hyderabad,198957
3274,Triya Soman,Johal LLC,Meta Ads,Bangalore,117039
3275,Jagdish Gala,"Dora, Thakur and Raval",Google Ads,Hyderabad,75747
3276,Udyati Thakur,"Soni, Sastry and Keer",Content Marketing,Jaipur,23065
3277,Rayaan Mane,"Sha, Chaudhari and Sama",Content Marketing,Delhi,26975
3278,Kamala Krish,Tank-Prabhu,Meta Ads,Kolkata,261257
3279,Saksham Balan,Dhingra-Luthra,Content Marketing,Kolkata,178754
3280,Jatin Verma,"Goda, Master and Dani",Social Media Marketing,Ahmedabad,178679
3281,Samuel Sha,Chander-Dara,Google Ads,Mumbai,90838
3282,Nisha Jani,"Keer, Lala and Shroff",SEO,Bangalore,78674
3283,Viraj Agarwal,Bir-Dalal,SEO,Bangalore,34058
3284,Owen Raman,Raju-Shetty,Website Development,Kolkata,96102
3285,Anvi Babu,"Ratta, Mannan and Tak",Website Development,Ahmedabad,120094
3286,Oscar Chand,"Rattan, Devi and Jani",Google Ads,Hyderabad,262968
3287,Unni Bajwa,Grover LLC,Meta Ads,Kolkata,241186
3288,Peter Kakar,"Dhar, Mall and Anand",SEO,Delhi,107087
3289,Farhan Pandey,"Rao, Mane and Yogi",Meta Ads,Kolkata,274304
3290,Isaac Pingle,"Lanka, Khatri and Pillay",Email Marketing,Jaipur,255675
3291,Jasmit Naidu,"Grover, Dhawan and Dara",Website Development,Bangalore,174576
3292,Yoshita Shah,"Balasubramanian, Raju and Hayre",Content Marketing,Jaipur,195033
3293,Abha Virk,Kohli-Bhatt,SEO,Delhi,246381
3294,Fiyaz Madan,Mangat-Master,Content Marketing,Kolkata,172449
3295,Ekapad Pingle,Sharma-Aurora,SEO,Kolkata,229547
3296,Azaan Dora,Krishnan LLC,Email Marketing,Kolkata,141585
3297,Udant Bala,Baria Ltd,SEO,Jaipur,241251
3298,Harinakshi Bhasin,Sekhon LLC,Social Media Marketing,Delhi,160429
3299,Ridhi Yohannan,Gulati PLC,Content Marketing,Kolkata,81310
3300,David Char,Ravi LLC,Email Marketing,Pune,255051
3301,Madhavi Ahluwalia,Biswas-Chauhan,Content Marketing,Jaipur,104585
3302,Prisha Barad,Kibe-Pandey,AI Chatbot Development,Bangalore,266017
3303,Udant Chaudhry,"Vaidya, Din and Khanna",Social Media Marketing,Kolkata,141688
3304,Rishi Modi,Garde PLC,Website Development,Pune,265611
3305,Falan Sahni,"Bansal, Master and Deo",Meta Ads,Hyderabad,224666
3306,Charvi Edwin,Nanda Ltd,Content Marketing,Pune,267634
3307,Hemal Saraf,"Wadhwa, Sundaram and Kalita",Meta Ads,Bangalore,168088
3308,Sai Patla,Tailor-Bose,Google Ads,Kolkata,87683
3309,Vansha Chaudhary,Dhingra and Sons,Meta Ads,Bangalore,101953
3310,Aarav Dayal,Jayaraman-Rao,Email Marketing,Delhi,238095
3311,Saumya Khatri,Viswanathan-Barman,Email Marketing,Hyderabad,143060
3312,Daksh Bhatnagar,"Muni, Bhatti and Shan",Website Development,Jaipur,29505
3313,Adya Gole,Kaul-Mani,Social Media Marketing,Hyderabad,207193
3314,Warinder Sha,Sanghvi LLC,Meta Ads,Mumbai,283967
3315,Qarin Garg,Wable-Sahota,SEO,Delhi,197070
3316,Ekta Purohit,Chokshi-Anne,Content Marketing,Delhi,138850
3317,Timothy Walla,Gole-Mitra,Google Ads,Bangalore,274995
3318,Noah Batta,Mani PLC,AI Chatbot Development,Pune,206248
3319,Udyati Bhagat,Madan LLC,SEO,Hyderabad,99261
3320,Samaksh Gulati,Vig-Choudhary,Google Ads,Jaipur,249547
3321,Ishanvi Nagi,D’Alia PLC,Email Marketing,Delhi,75517
3322,Quincy Bhatnagar,Chad Group,Google Ads,Jaipur,285974
3323,Adweta Anne,Aurora-Bakshi,Google Ads,Mumbai,81897
3324,Eiravati Barad,Ramanathan PLC,Website Development,Pune,102330
3325,Jacob Balakrishnan,Gokhale-Sur,AI Chatbot Development,Kolkata,285235
3326,Pranav Gola,Talwar PLC,Email Marketing,Delhi,100895
3327,Qasim Pal,Shanker-Wagle,Social Media Marketing,Pune,92232
3328,Isaiah Gola,Wadhwa Ltd,Google Ads,Bangalore,250219
3329,Amruta Dalal,Swamy-Kade,Content Marketing,Jaipur,148616
3330,Isha Iyer,Korpal Inc,Email Marketing,Pune,170343
3331,Warhi Wable,Thaman PLC,Meta Ads,Delhi,159468
3332,Jatin Ahluwalia,Salvi-Handa,Social Media Marketing,Ahmedabad,209081
3333,Teerth Rajan,"Purohit, Subramanian and Dyal",Website Development,Mumbai,297689
3334,Yashawini Dalal,Choudhry PLC,Content Marketing,Bangalore,92348
3335,Falguni Chaudhari,"Ram, Sarraf and Narayanan",Content Marketing,Ahmedabad,234595
3336,Timothy Kata,"Lall, Chaudhari and Sathe",Email Marketing,Pune,35604
3337,Aryan Venkatesh,Mann-Sachdeva,Email Marketing,Mumbai,25215
3338,Anika Bandi,Madan-Chaudhry,Google Ads,Delhi,197368
3339,Priya Grover,"Sharma, Devan and Saha",Social Media Marketing,Ahmedabad,106153
3340,Eesha Hegde,Sani-Bora,Content Marketing,Jaipur,226184
3341,Edhitha Lata,Khare and Sons,SEO,Mumbai,50308
3342,Eiravati Mani,Om-Sawhney,AI Chatbot Development,Ahmedabad,230765
3343,Neha Kala,Kumar-Deshpande,AI Chatbot Development,Pune,200437
3344,Sathvik Dhawan,Wagle-Bhalla,SEO,Hyderabad,296714
3345,Mekhala Lanka,Radhakrishnan Ltd,Meta Ads,Ahmedabad,253931
3346,Devika Kadakia,Soni and Sons,Website Development,Kolkata,201010
3347,Jagat Kurian,"Banerjee, Narasimhan and Sandal",Content Marketing,Bangalore,178089
3348,Faqid Nori,Naidu-Randhawa,Google Ads,Jaipur,195370
3349,Harini Narang,Nadig Inc,Content Marketing,Mumbai,292876
3350,Qabil Dugar,"Char, More and Kapur",AI Chatbot Development,Bangalore,68664
3351,Ishita Sarna,Patla Group,AI Chatbot Development,Pune,103900
3352,Laban Rao,"Khanna, Sachar and Kant",SEO,Jaipur,155628
3353,Shivansh Wason,Bose LLC,Website Development,Hyderabad,241640
3354,Vincent Nadkarni,"Keer, Pau and Hora",Google Ads,Jaipur,215548
3355,Lavanya Saini,"Dey, Mand and Varkey",AI Chatbot Development,Pune,84913
3356,Warda Dass,Agate Group,SEO,Delhi,255267
3357,Ronith Palla,Mander Inc,AI Chatbot Development,Jaipur,257579
3358,Victor Sachdeva,Ratta Group,Social Media Marketing,Bangalore,299596
3359,Maya Vig,"Batta, Soni and Panchal",Website Development,Pune,176867
3360,Urvi Hegde,Nagarajan-Butala,AI Chatbot Development,Mumbai,218005
3361,Leena Sankar,Goyal-Lata,Website Development,Delhi,191886
3362,Bhavna Dani,Gokhale-Koshy,Website Development,Pune,258189
3363,Chakradhar Vyas,Nagi Ltd,Google Ads,Mumbai,243185
3364,Ronith Nagarajan,Varty LLC,Content Marketing,Delhi,68364
3365,Timothy Lall,Kaul PLC,SEO,Ahmedabad,88190
3366,Nathan Sur,Konda PLC,Email Marketing,Bangalore,253918
3367,Divya Dugar,"Bir, Mall and Ganesan",Google Ads,Pune,295909
3368,Nikita Karan,Desai LLC,Content Marketing,Ahmedabad,158251
3369,Rehaan Doshi,Swaminathan and Sons,Email Marketing,Ahmedabad,250728
3370,Hemal Varty,Kapadia-Edwin,Email Marketing,Ahmedabad,105376
3371,Nakul Kashyap,Munshi Inc,Meta Ads,Mumbai,274156
3372,Lavanya Behl,"Nigam, Banerjee and Sami",Email Marketing,Mumbai,289056
3373,Bimala Devan,"Sarraf, Thakur and Karpe",Google Ads,Bangalore,258777
3374,Urvashi Halder,Radhakrishnan PLC,Email Marketing,Jaipur,102229
3375,Nimrat Gera,Subramanian-Date,Social Media Marketing,Delhi,234234
3376,Abhiram Vaidya,Bal-Nayak,Google Ads,Delhi,213769
3377,Mason Wason,"Barman, Krish and Sahota",AI Chatbot Development,Jaipur,294085
3378,Arjun Guha,"Rout, Khosla and Mann",Meta Ads,Delhi,214755
3379,Brijesh Kibe,"Boase, Chandra and Dash",AI Chatbot Development,Pune,178995
3380,Maanas Hora,"Kibe, Kibe and Prabhu",AI Chatbot Development,Kolkata,34668
3381,Nicholas Keer,Jani and Sons,Meta Ads,Mumbai,241122
3382,Mugdha Yohannan,Lala-Behl,SEO,Hyderabad,168626
3383,Mohini Lall,Parmer-Sathe,Website Development,Mumbai,276268
3384,Theodore Dayal,Walla LLC,SEO,Delhi,202792
3385,Yashoda Gole,Krish-Agarwal,Google Ads,Jaipur,238929
3386,Vedant Srivastava,"Rama, Raj and Ganguly",Email Marketing,Hyderabad,257174
3387,Gopal Bhandari,"Nayar, Dube and Reddy",Social Media Marketing,Ahmedabad,269156
3388,Wridesh Gopal,Hans-Kuruvilla,Meta Ads,Mumbai,284641
3389,Manbir Zachariah,Parsa LLC,Email Marketing,Kolkata,255444
3390,Abhiram Hora,"Loyal, Samra and Palan",Meta Ads,Pune,66826
3391,Saanvi Gera,Bora-Issac,Content Marketing,Ahmedabad,142065
3392,Madhav Dhar,"Singhal, Oak and Sandhu",Content Marketing,Pune,44022
3393,Chaaya Subramanian,Saran-Ganguly,Email Marketing,Hyderabad,66415
3394,Reva Kashyap,Viswanathan-Luthra,Meta Ads,Jaipur,181925
3395,Samaksh Bala,"Dhillon, Bath and Sahota",Google Ads,Delhi,120887
3396,Jairaj Roy,Dara and Sons,SEO,Bangalore,269474
3397,Netra Pingle,Chacko Inc,SEO,Delhi,298847
3398,Jagvi Gulati,"Choudhury, Taneja and Sarin",Meta Ads,Jaipur,164159
3399,Urishilla Sankar,Sen-Karnik,Website Development,Bangalore,252904
3400,Kavya Roy,Sheth Group,Google Ads,Pune,230657
3401,Hemal Iyengar,Bansal LLC,SEO,Kolkata,32196
3402,Chameli Karan,Ben and Sons,Social Media Marketing,Ahmedabad,114638
3403,Balendra Kala,"Kashyap, Mohanty and Desai",Content Marketing,Jaipur,296772
3404,Zinal Bose,"Balakrishnan, Rajan and Nayar",Social Media Marketing,Ahmedabad,154835
3405,Nilima Keer,Bala LLC,Google Ads,Delhi,72079
3406,Gagan Prabhu,Bassi-Guha,Meta Ads,Hyderabad,95515
3407,Tripti Lata,"Sanghvi, Singh and Chandra",Meta Ads,Hyderabad,66991
3408,Nimrat Radhakrishnan,Andra-Konda,Meta Ads,Hyderabad,233530
3409,Adya Virk,"Bansal, Kale and D’Alia",Meta Ads,Jaipur,190546
3410,Avni Chowdhury,Ganesh-Sule,Meta Ads,Jaipur,50671
3411,Radhika Butala,Sarkar-Palan,AI Chatbot Development,Ahmedabad,71770
3412,Manbir Amble,Narayan Inc,Social Media Marketing,Mumbai,236438
3413,Pranav Arora,Bhavsar-Saraf,Social Media Marketing,Hyderabad,216877
3414,Rachita Anand,Peri-Mann,Google Ads,Jaipur,126199
3415,Christopher Gola,Bhasin PLC,Website Development,Bangalore,278463
3416,Wriddhish Taneja,Raja Ltd,Content Marketing,Delhi,161184
3417,Dayita Bora,"Thakur, Dua and Shroff",SEO,Pune,263701
3418,Gavin Kunda,Krishnamurthy Inc,Content Marketing,Delhi,273845
3419,Sai Bhandari,Parikh PLC,SEO,Ahmedabad,142547
3420,Ubika Narayan,Mand Inc,SEO,Hyderabad,73220
3421,Bhavna Goda,Srinivas-Doshi,Website Development,Mumbai,179704
3422,Yug Bakshi,"Narain, Kalla and Varghese",Content Marketing,Kolkata,63992
3423,Ekansh Jhaveri,Mahajan Ltd,Website Development,Mumbai,215719
3424,Alka Chanda,Vyas-Vohra,Meta Ads,Bangalore,242168
3425,Hiral Gour,Naik-Mann,Email Marketing,Jaipur,20524
3426,Rayaan Bala,Konda-Tandon,Email Marketing,Hyderabad,107756
3427,Garima Memon,Dass-Chada,SEO,Jaipur,272804
3428,Oeshi Kulkarni,Chahal Ltd,AI Chatbot Development,Hyderabad,219309
3429,Zayan Chopra,Sehgal-Deshpande,Social Media Marketing,Bangalore,287559
3430,Girish Buch,"Oak, Bal and Yadav",AI Chatbot Development,Jaipur,104628
3431,Suhani Gola,Acharya LLC,Google Ads,Hyderabad,67036
3432,Jairaj Rajan,"Sidhu, Bora and Sarraf",Content Marketing,Delhi,93216
3433,Bishakha Tella,Nadig Inc,AI Chatbot Development,Ahmedabad,130546
3434,Wazir Goel,Tank-Ben,Social Media Marketing,Pune,157028
3435,Tanveer Bal,Agate-Mutti,Email Marketing,Hyderabad,148937
3436,Dayamai Sanghvi,"Raju, Sheth and Buch",Social Media Marketing,Pune,130427
3437,Chaitaly Bajwa,Bhandari Group,Email Marketing,Pune,28322
3438,Kai Chander,Nagi PLC,Meta Ads,Jaipur,269838
3439,Yoshita Sachdeva,Master-Trivedi,SEO,Jaipur,110982
3440,Samaksh Purohit,Garde-Chana,Content Marketing,Kolkata,225935
3441,Rishi Tank,Ganguly and Sons,Google Ads,Delhi,36225
3442,Kamya Comar,Nath-Chander,Email Marketing,Delhi,205070
3443,Ucchal Wable,"Bumb, Kota and Pal",Content Marketing,Pune,222768
3444,Ekansh Deshmukh,Tak Group,Meta Ads,Jaipur,85412
3445,Vihaan Kar,Nigam-Prabhakar,Email Marketing,Pune,121182
3446,Wahab Balan,Shetty-Wason,Email Marketing,Jaipur,136140
3447,Samuel Dyal,"Jhaveri, Bala and Nazareth",SEO,Hyderabad,207601
3448,Bhavya Anand,"Kade, Gour and Srinivasan",Website Development,Delhi,178952
3449,Isaac Garg,"Babu, Sami and Prakash",Website Development,Bangalore,278897
3450,Charles Dhingra,Dyal LLC,Social Media Marketing,Jaipur,167197
3451,Radha Kashyap,Dugal Group,Email Marketing,Bangalore,23741
3452,Vihaan Bora,"Hans, Jhaveri and Patla",Website Development,Ahmedabad,78167
3453,Tara Bedi,"Khurana, Pal and Tiwari",AI Chatbot Development,Kolkata,109379
3454,Aadi Badal,Lad LLC,Website Development,Mumbai,54267
3455,Chakradev Issac,"Varghese, Dutta and Dubey",Meta Ads,Delhi,86810
3456,Atharv Mane,Lata PLC,AI Chatbot Development,Bangalore,294244
3457,Bachittar Naik,"Varty, Rai and Vasa",AI Chatbot Development,Bangalore,32120
3458,Waida Dugal,Pingle LLC,AI Chatbot Development,Kolkata,21024
3459,Anthony Mallick,"Nagarajan, Joshi and Chad",Content Marketing,Jaipur,189344
3460,Aayush Prasad,Jain-Sarma,Content Marketing,Ahmedabad,163673
3461,Amara Chahal,"Banerjee, Subramanian and Gulati",Google Ads,Kolkata,279823
3462,Jai Sankaran,"Nori, Bath and Gade",Social Media Marketing,Jaipur,137727
3463,Rajata Kaul,"Parekh, Sur and Sem",SEO,Hyderabad,240233
3464,Hema Kota,Narasimhan LLC,Email Marketing,Pune,22704
3465,Lila Baral,"Raghavan, Krishnamurthy and Anne",Content Marketing,Bangalore,195482
3466,Jalsa Minhas,"Ravel, Seth and Mandal",Google Ads,Jaipur,138294
3467,Hema Sahni,Narang Ltd,Content Marketing,Delhi,151063
3468,Anita Gola,Shere-Sharaf,Website Development,Mumbai,192608
3469,Jackson Deshpande,"Mand, Parmer and Das",AI Chatbot Development,Delhi,70712
3470,Odika Gopal,"Korpal, Gill and Sura",SEO,Kolkata,246465
3471,Onkar Sura,Lalla Ltd,SEO,Pune,151286
3472,Tanay Pandey,Nazareth LLC,Website Development,Delhi,268290
3473,Amrita Dara,"Sharaf, Sahota and Kannan",Website Development,Pune,48538
3474,Udant Lalla,Mital Inc,Social Media Marketing,Bangalore,58226
3475,Aashi Sabharwal,Sani Inc,Email Marketing,Delhi,254071
3476,Veda Radhakrishnan,"Bava, Ramachandran and Malhotra",Google Ads,Delhi,51817
3477,Shaurya Mannan,"Nazareth, Mall and Sane",SEO,Ahmedabad,184248
3478,Radha Nori,Sen Ltd,Google Ads,Mumbai,52507
3479,Siya Chana,"Shenoy, Randhawa and Prasad",Email Marketing,Jaipur,178057
3480,Liam Dey,"Kohli, Srinivas and Kalita",Content Marketing,Delhi,73386
3481,Samar Ramakrishnan,Gola-Sahota,SEO,Jaipur,174621
3482,Daksha Deo,Pingle-Prakash,Content Marketing,Ahmedabad,70242
3483,Oscar Sastry,Suri-Merchant,Content Marketing,Bangalore,25560
3484,Bhavini Chanda,Raghavan and Sons,Email Marketing,Ahmedabad,263379
3485,Urvashi Edwin,Sami LLC,Content Marketing,Delhi,198056
3486,Ekaraj Kulkarni,"Sant, Parekh and Lanka",SEO,Kolkata,291168
3487,Mitesh Hegde,Nath Inc,Social Media Marketing,Bangalore,76626
3488,Aditya D’Alia,"Kohli, Ganesan and Tiwari",Google Ads,Jaipur,55412
3489,Hemangini Buch,Balakrishnan Ltd,Website Development,Mumbai,286809
3490,Samaksh Luthra,Gala-Rajagopal,AI Chatbot Development,Pune,240728
3491,Onkar Apte,Hari-Bains,Email Marketing,Kolkata,117477
3492,Ikbal Sodhi,"Borra, Mangal and Chada",Website Development,Mumbai,43105
3493,Faras Parikh,"Anne, Butala and D’Alia",SEO,Mumbai,183403
3494,Gaurav Saran,"Kade, Pant and Palla",Content Marketing,Pune,183152
3495,Lajita Ravel,Mani Ltd,Meta Ads,Mumbai,266165
3496,Vanya Shah,Ratta and Sons,AI Chatbot Development,Pune,172601
3497,Matthew Panchal,"Tank, Rajan and Thakkar",Social Media Marketing,Jaipur,291413
3498,Daksh Trivedi,"Basak, Ganesh and Ramaswamy",Meta Ads,Jaipur,144459
3499,Priya Agarwal,Master-Varughese,SEO,Ahmedabad,200258
3500,Amaira Mane,"Garde, Bandi and Mandal",Website Development,Bangalore,125518
3501,Zinal Parmer,"Nori, Babu and Banerjee",Google Ads,Pune,119276
3502,Mitali Balay,Parsa PLC,Email Marketing,Kolkata,193615
3503,Girish Bhalla,Savant-Keer,Social Media Marketing,Hyderabad,239516
3504,Zilmil Oza,Parsa Inc,Social Media Marketing,Mumbai,74970
3505,Krishna Soman,"Shroff, Chopra and Sharaf",Email Marketing,Jaipur,280010
3506,Yadavi Rajagopal,Grover LLC,Website Development,Jaipur,136929
3507,Sachi Kamdar,Pandey Ltd,Website Development,Kolkata,131745
3508,Anjali Virk,"De, Dyal and Goyal",Website Development,Kolkata,193809
3509,Amara Varma,"Sule, Johal and Parmar",Content Marketing,Bangalore,229879
3510,Bhavani Bora,Banik-Chander,Meta Ads,Jaipur,210220
3511,Panini Krishnamurthy,Rajagopalan LLC,SEO,Delhi,207635
3512,Yasti Sur,"Nagar, Raja and Agrawal",SEO,Delhi,94659
3513,Jalsa Shankar,"Pall, Dhar and Dada",AI Chatbot Development,Kolkata,121923
3514,Hemani Sarraf,Bhagat-Wable,Social Media Marketing,Jaipur,35563
3515,Ronith Sem,Varughese and Sons,Website Development,Bangalore,168950
3516,Devika Bhatt,Talwar and Sons,Meta Ads,Bangalore,157362
3517,Viraj Morar,Khosla-Sathe,Meta Ads,Pune,148956
3518,Zehaan Mukhopadhyay,Reddy-Banik,Meta Ads,Bangalore,31268
3519,Gautami Rajagopalan,Panchal-Mukherjee,Meta Ads,Hyderabad,73052
3520,Girik Mani,"Kohli, Rai and Magar",SEO,Mumbai,218664
3521,Darsh Kanda,Mahal-Kata,Google Ads,Pune,130224
3522,Umang Bhargava,Sundaram-Shan,AI Chatbot Development,Kolkata,145907
3523,Jalsa Gopal,Choudhry-Radhakrishnan,Social Media Marketing,Pune,109841
3524,Janya Ramakrishnan,"Mallick, Maharaj and Kaur",Content Marketing,Delhi,82124
3525,Luke Saxena,"Banik, Viswanathan and Narasimhan",Meta Ads,Mumbai,119426
3526,Nachiket Barad,"Sha, Sidhu and Jhaveri",Website Development,Ahmedabad,216217
3527,Unni Din,Chandra-Sood,Social Media Marketing,Ahmedabad,148214
3528,Netra Pal,Palla-Pandey,SEO,Bangalore,174236
3529,Yash Sridhar,Swamy PLC,Meta Ads,Pune,149589
3530,Robert Madan,Mall-Bajaj,SEO,Hyderabad,86300
3531,Warjas Pradhan,Pradhan-Kara,Email Marketing,Bangalore,62681
3532,Fariq Sane,Sachar-Chada,Email Marketing,Delhi,107783
3533,Tamanna Bhatt,"Ramesh, Buch and Bhandari",Content Marketing,Pune,281403
3534,Sai Khosla,Wali PLC,Email Marketing,Mumbai,188728
3535,Chakradhar Devi,Sarma-Sura,Social Media Marketing,Kolkata,279413
3536,Ladli Mital,Ramesh Group,Email Marketing,Hyderabad,230211
3537,Aadhya Mukherjee,Char Ltd,SEO,Bangalore,135094
3538,Jagat Parsa,"Dixit, Gola and Kakar",Website Development,Kolkata,142885
3539,Jairaj Ramaswamy,"Oza, Suri and Parsa",Content Marketing,Bangalore,180431
3540,Ekapad Dubey,Nagar and Sons,Content Marketing,Ahmedabad,102422
3541,Ubika Kala,Narang-Bajaj,Social Media Marketing,Hyderabad,64438
3542,Jhalak Sule,Ravi PLC,Meta Ads,Delhi,174690
3543,Falguni Khare,Bhardwaj-Tandon,Email Marketing,Pune,140679
3544,William Loyal,"Panchal, Dada and Bhatia",SEO,Kolkata,288572
3545,Ekansh Magar,Ben-Dora,Social Media Marketing,Ahmedabad,256533
3546,Jairaj Iyengar,Dash Ltd,Email Marketing,Ahmedabad,234409
3547,Harinakshi Mohan,Dugal-Grover,Social Media Marketing,Kolkata,186210
3548,Yasti Chandran,"Sur, Bandi and Doctor",AI Chatbot Development,Ahmedabad,32959
3549,Isaac Barman,Khalsa Group,Meta Ads,Kolkata,142573
3550,Shivani Rama,Mangat-Chopra,AI Chatbot Development,Delhi,208268
3551,Saanvi Ghosh,Bobal Group,Google Ads,Hyderabad,283069
3552,Varenya Issac,Bava and Sons,Google Ads,Hyderabad,139402
3553,Meghana Parmer,Pant Group,Google Ads,Delhi,57407
3554,Rajata Malhotra,"Vora, Krish and Ratta",Social Media Marketing,Jaipur,125018
3555,Vedant Patel,Jayaraman-Shanker,Social Media Marketing,Bangalore,192617
3556,Jagrati Parsa,"Kara, Hegde and Hora",AI Chatbot Development,Hyderabad,163898
3557,Libni Nagar,Guha-Brahmbhatt,Website Development,Mumbai,156910
3558,Krishna Virk,Bhatti-Tank,SEO,Hyderabad,167768
3559,Ekbal Parsa,Chaudhary-Singh,Social Media Marketing,Ahmedabad,232734
3560,Anika Bhasin,Shankar-Mohanty,SEO,Kolkata,288774
3561,Laksh Nayar,Kadakia Ltd,Meta Ads,Ahmedabad,139316
3562,Frederick Sahota,Sathe-Kapadia,Website Development,Bangalore,268742
3563,Triveni Ratti,"Goswami, Sabharwal and Srivastava",Website Development,Kolkata,261907
3564,Nidhi Jaggi,Nadkarni-Balakrishnan,Social Media Marketing,Delhi,184141
3565,Nihal Raval,Chana Ltd,Website Development,Ahmedabad,238988
3566,Tarak Pathak,"Devi, Kapoor and Jain",Website Development,Kolkata,255914
3567,Ekalinga Lad,Nagy LLC,SEO,Pune,92849
3568,Azad Sunder,"Gour, Dhillon and Kaul",Meta Ads,Hyderabad,25075
3569,Anusha Varughese,Swaminathan-Muni,Email Marketing,Pune,198164
3570,Ubika Gandhi,Vaidya-Om,Website Development,Ahmedabad,243199
3571,Naveen Modi,"Comar, Naidu and Vasa",Content Marketing,Hyderabad,190959
3572,Chasmum Saini,Panchal-Sane,SEO,Jaipur,92946
3573,Rajata Hegde,Mall LLC,Meta Ads,Pune,224936
3574,Nakul Korpal,"Dube, Raj and Chauhan",Content Marketing,Bangalore,224805
3575,Yashawini Acharya,"Bhavsar, Mody and Gara",Google Ads,Ahmedabad,118743
3576,Ishanvi Deshmukh,Dutt-Brar,Email Marketing,Delhi,192407
3577,Owen Walia,Raju-Pandya,Email Marketing,Hyderabad,68885
3578,Gabriel Nayar,"Pathak, Ramanathan and Sahni",Meta Ads,Delhi,113132
3579,Reva Bava,Lad Ltd,SEO,Kolkata,34071
3580,Balendra Agate,"Thakur, Savant and Dhawan",Meta Ads,Bangalore,56433
3581,Upkaar Kulkarni,Kamdar and Sons,Content Marketing,Hyderabad,127946
3582,Lucky Srivastava,Shukla-Pall,Website Development,Hyderabad,294934
3583,Gaurangi Misra,Deshmukh-Mani,Google Ads,Kolkata,50122
3584,Rachana Chhabra,Parekh PLC,Social Media Marketing,Jaipur,110086
3585,Kalpit Dass,Gade Inc,Social Media Marketing,Ahmedabad,225051
3586,Utkarsh Chakraborty,"Golla, Iyer and Bawa",Meta Ads,Delhi,87705
3587,Isaiah Kala,Kothari Ltd,Content Marketing,Kolkata,56051
3588,Megha Gour,"Kota, Bir and Kamdar",Content Marketing,Bangalore,88121
3589,Wahab Karan,Pai-Dua,Website Development,Hyderabad,246597
3590,Brinda Vaidya,Sinha Inc,Email Marketing,Mumbai,182693
3591,Christopher Kapur,"Boase, Vohra and Mani",Website Development,Kolkata,164410
3592,Rachit Mitra,Chawla-Tank,Website Development,Jaipur,94811
3593,Hiral Lal,"Natt, Bhandari and Bhagat",Email Marketing,Delhi,229315
3594,Omaja Dua,Puri-Patil,Website Development,Pune,277403
3595,Priya Shere,"Sahni, Shanker and Vyas",Email Marketing,Kolkata,40491
3596,Ayaan Date,"Rama, Bajaj and Anne",Google Ads,Hyderabad,259236
3597,Dev Sandhu,"Kala, Dalal and Joshi",Social Media Marketing,Hyderabad,225043
3598,Brijesh Dugar,"Nori, Sunder and Chandran",Meta Ads,Ahmedabad,150618
3599,Damyanti Sami,Nadkarni-Deshpande,Meta Ads,Ahmedabad,260033
3600,Anjali Anand,Kuruvilla PLC,Content Marketing,Mumbai,70087
3601,Praneel Sengupta,Patla Group,Content Marketing,Jaipur,145669
3602,Chaaya Atwal,Randhawa and Sons,Meta Ads,Hyderabad,173034
3603,Azad Manne,Nori Inc,Google Ads,Bangalore,278729
3604,Oviya Parikh,Batta-Nayar,Content Marketing,Delhi,213321
3605,Xavier Toor,"Prakash, Gera and Gara",Google Ads,Delhi,284448
3606,Robert Vora,Boase-Kala,Social Media Marketing,Ahmedabad,256420
3607,Garima Sekhon,Tara-Bir,Meta Ads,Hyderabad,128722
3608,Gauri Modi,Agate-Grewal,SEO,Kolkata,34007
3609,Dayita Dubey,Wason PLC,Google Ads,Kolkata,219835
3610,Faras Murty,Jayaraman PLC,Social Media Marketing,Ahmedabad,121923
3611,Xiti Dora,"Kalla, Mane and Apte",Content Marketing,Jaipur,25629
3612,Arya Cherian,"Mukherjee, Hans and Bala",AI Chatbot Development,Delhi,91555
3613,Atharv Viswanathan,"Bhagat, Shukla and Dar",Social Media Marketing,Kolkata,274153
3614,Jhalak Kara,"Soni, Borra and Issac",Email Marketing,Delhi,63279
3615,Samarth Rama,Ben and Sons,Website Development,Kolkata,93534
3616,Krishna Ghosh,Ratti-Goyal,Email Marketing,Hyderabad,104602
3617,Frado Gala,"Devi, Krish and Ahluwalia",Meta Ads,Jaipur,72698
3618,Vrishti Gopal,Mann-Singh,Meta Ads,Hyderabad,85091
3619,Forum Iyer,"Raval, Gera and Parikh",Content Marketing,Mumbai,60677
3620,Jasmit Korpal,Peri-Gala,SEO,Hyderabad,100476
3621,Anita Sabharwal,Yohannan-Aurora,Email Marketing,Pune,113291
3622,Vinaya Magar,"Hayer, Amble and Shenoy",Website Development,Jaipur,299077
3623,Darpan Dhillon,Prashad Ltd,Website Development,Kolkata,45037
3624,Hiral Shah,Bhakta-Mohan,Google Ads,Ahmedabad,181650
3625,Yauvani Dave,"Joshi, Palla and Mangal",Email Marketing,Jaipur,22446
3626,Wazir Goswami,Bali Ltd,SEO,Ahmedabad,125768
3627,Abhimanyu Banik,Chaudry Ltd,Website Development,Pune,145063
3628,Abdul Nigam,"Merchant, Patla and Bhalla",Website Development,Delhi,28408
3629,Indali Jhaveri,"Dua, Keer and Bobal",Content Marketing,Jaipur,27633
3630,Yahvi Loyal,Trivedi-Chaudhari,Social Media Marketing,Bangalore,53120
3631,Jackson Thakkar,Hayer Inc,Website Development,Delhi,108018
3632,Girish Kalita,Mitra Inc,Meta Ads,Jaipur,237936
3633,Saumya Borde,"Pandit, Das and Chaudhary",Google Ads,Pune,189177
3634,Jairaj Pall,Chaudhary LLC,Website Development,Bangalore,227127
3635,Turvi Cherian,Dash-Mani,Content Marketing,Delhi,141848
3636,Nitesh Chand,Oza PLC,Website Development,Delhi,206948
3637,Ekantika Arya,Lalla-Kothari,Social Media Marketing,Mumbai,27861
3638,Bishakha Bassi,Bobal and Sons,Content Marketing,Pune,26281
3639,Chandran Chaudry,Kohli Group,Content Marketing,Bangalore,260530
3640,Lajita Brar,Yohannan-Nath,Website Development,Delhi,165991
3641,Chandran Agrawal,Bhargava Ltd,Social Media Marketing,Jaipur,55300
3642,Vasudha Murty,"Swamy, Mannan and Sama",Website Development,Ahmedabad,178090
3643,Rachit Bajwa,Shan Inc,Email Marketing,Delhi,109893
3644,Jeet Tiwari,"Bhatia, Mammen and Dhaliwal",AI Chatbot Development,Delhi,190055
3645,Aarini Arora,"Mammen, Maharaj and Randhawa",Content Marketing,Mumbai,194088
3646,Unnati Pillay,Dewan-Soman,Meta Ads,Pune,272775
3647,Oeshi Bath,Prakash-Wali,Google Ads,Pune,29253
3648,Jatin Ratti,Pall PLC,Email Marketing,Ahmedabad,287924
3649,Ishani Ramaswamy,"Vasa, Balasubramanian and Hegde",Website Development,Jaipur,141952
3650,Finn Goel,Kala-Krishnan,SEO,Delhi,181925
3651,Jack Bandi,"Pandya, Bora and Karan",Website Development,Ahmedabad,147688
3652,Nisha Choudhary,Pandya-Rajagopalan,Google Ads,Jaipur,92118
3653,Jagrati Srivastava,Mammen-Mander,Social Media Marketing,Kolkata,175511
3654,Vyanjana Chowdhury,Roy-Chaudhry,Website Development,Mumbai,217000
3655,Triya Deol,Chandra-Goyal,Website Development,Jaipur,144814
3656,Arin Baria,Vig-Bir,Email Marketing,Pune,90394
3657,Ronith Mammen,"Balay, Thakur and Tailor",AI Chatbot Development,Pune,40765
3658,Eshana Bali,"Din, Vasa and Sura",Content Marketing,Hyderabad,32422
3659,Chatresh Goswami,Bedi and Sons,Website Development,Pune,199688
3660,Edhitha More,Kapur PLC,Website Development,Bangalore,48350
3661,Hemani Shenoy,"Mallick, Virk and Badal",Website Development,Bangalore,220008
3662,Ira Korpal,Dixit Inc,Social Media Marketing,Mumbai,251924
3663,Vedika Dalal,Hari Ltd,SEO,Delhi,277762
3664,Nakul Soni,Khosla-Pathak,Google Ads,Bangalore,47319
3665,Yash Ghosh,Roy Ltd,Meta Ads,Bangalore,85830
3666,Gaurika Soman,Krishnamurthy-Kala,Google Ads,Mumbai,127150
3667,Jacob Ravel,Chowdhury Inc,Website Development,Delhi,243472
3668,Lohit Comar,"Sibal, Lall and Gaba",Email Marketing,Hyderabad,106066
3669,Faras Randhawa,Agarwal-Kalla,Website Development,Bangalore,242306
3670,Chanakya Saraf,"Mishra, Bhatt and Soman",Meta Ads,Bangalore,178912
3671,Zayyan Dash,Bakshi-Nigam,AI Chatbot Development,Kolkata,125592
3672,Abhimanyu Korpal,"Bajwa, Tripathi and Choudhry",AI Chatbot Development,Kolkata,61951
3673,Qarin Tiwari,Ratta Ltd,Social Media Marketing,Ahmedabad,218032
3674,Matthew Kumar,"Din, Raghavan and Jani",Meta Ads,Kolkata,251408
3675,Umang Hayer,"Konda, Misra and Walia",Content Marketing,Ahmedabad,101725
3676,Qasim Gade,Sahota Group,Email Marketing,Jaipur,219973
3677,Indrajit Narayanan,"Pall, Agate and Jain",Content Marketing,Delhi,177407
3678,Faqid Kari,"Korpal, Mohan and Lanka",Meta Ads,Mumbai,154894
3679,Forum Tiwari,Chowdhury-Chaudhuri,Content Marketing,Kolkata,180352
3680,Diya Garg,Hayre Group,Email Marketing,Hyderabad,216685
3681,Arya Gupta,Minhas Group,Email Marketing,Delhi,194710
3682,Charvi Kar,"Mutti, Shah and Wable",Meta Ads,Kolkata,122611
3683,Manbir Mahajan,Sabharwal LLC,Meta Ads,Bangalore,22191
3684,Bhavani Raghavan,Manne Inc,SEO,Pune,277663
3685,Krishna Mandal,Varughese Inc,Content Marketing,Ahmedabad,226910
3686,Vamakshi Butala,Varkey-Sachdeva,Social Media Marketing,Ahmedabad,276665
3687,Janani Palla,"Kara, Taneja and Nayar",AI Chatbot Development,Delhi,234322
3688,Yahvi Dewan,Kala and Sons,SEO,Delhi,221759
3689,Manthan Parikh,"Sarma, Iyengar and Narain",Meta Ads,Bangalore,248745
3690,Sachi Kala,Karan LLC,AI Chatbot Development,Pune,287181
3691,Anika Krishnan,"Thakur, Garg and Grover",Email Marketing,Pune,50253
3692,Madhavi Narain,"Rajan, Yogi and Ahuja",Content Marketing,Ahmedabad,149389
3693,Jeet Sehgal,"Kashyap, Desai and Rajagopalan",Website Development,Kolkata,38091
3694,Megha Buch,Jain Inc,Social Media Marketing,Jaipur,97533
3695,Janya Reddy,Arora and Sons,AI Chatbot Development,Kolkata,97262
3696,Girish Vohra,"Tank, Doshi and Das",AI Chatbot Development,Bangalore,104634
3697,Brijesh Salvi,Sane-Bhasin,SEO,Delhi,68394
3698,Aarna Pandit,"Mann, Cheema and Jha",Content Marketing,Ahmedabad,62125
3699,Megha Chandran,"Vala, Roy and Narayanan",Website Development,Ahmedabad,106939
3700,Ekani Badal,Wable-Konda,Content Marketing,Hyderabad,178450
3701,Kamala Tandon,"Lata, Basak and Prashad",Content Marketing,Hyderabad,235801
3702,Zinal Singhal,"Nagarajan, Dara and Bava",Google Ads,Delhi,200561
3703,Divya Kapoor,"Tara, Swamy and Agate",Meta Ads,Hyderabad,129851
3704,Jatin Vala,"Batra, Handa and Mahajan",Content Marketing,Hyderabad,23366
3705,Isha Kapur,Goswami Ltd,Meta Ads,Kolkata,20827
3706,Riya Ganguly,"Savant, Bahl and Choudhury",Google Ads,Delhi,239068
3707,Bhavani Zacharia,"Aurora, Shenoy and Savant",Content Marketing,Hyderabad,245941
3708,Ishani Lanka,"Ratta, Bhatt and Sachar",Meta Ads,Mumbai,216425
3709,Jatin Sachdeva,"Puri, Gokhale and Oommen",Meta Ads,Mumbai,123819
3710,Lakshmi Kapur,Sengupta Ltd,Email Marketing,Mumbai,283514
3711,Anthony Palan,Bali-Yadav,Google Ads,Kolkata,131449
3712,Yasti Jha,Khanna Ltd,Meta Ads,Bangalore,50923
3713,Forum Ramachandran,"Dara, Trivedi and Krishna",Meta Ads,Bangalore,155975
3714,Tanvi Nagy,"Sabharwal, Bora and Rana",Content Marketing,Kolkata,77249
3715,Divya Sidhu,Kannan PLC,Meta Ads,Delhi,173682
3716,Widisha Dutt,"Chad, Kapoor and Vala",Google Ads,Ahmedabad,85369
3717,Samarth Saxena,Vohra and Sons,AI Chatbot Development,Delhi,199386
3718,Azad Nayar,Pillay-Basak,SEO,Bangalore,270555
3719,Wakeeta Tata,"Parsa, Mital and Mann",Email Marketing,Delhi,24984
3720,Jackson Guha,Lal-Narang,SEO,Hyderabad,23788
3721,Jagdish Sha,"Doctor, Prashad and Dewan",SEO,Delhi,130660
3722,Naksh Sawhney,Walla Inc,SEO,Ahmedabad,292668
3723,Rachana Wali,Sarma-Lalla,AI Chatbot Development,Kolkata,268109
3724,Kiaan Khalsa,"Murty, Sood and Ravi",Social Media Marketing,Ahmedabad,196449
3725,Turvi Jain,"Pall, Gour and Menon",Social Media Marketing,Pune,185268
3726,Abhiram Khare,Saha LLC,Website Development,Pune,228913
3727,Adweta Johal,Dhaliwal Group,Content Marketing,Jaipur,206661
3728,Nachiket Sengupta,"Som, Deshmukh and Vora",Social Media Marketing,Delhi,21617
3729,Adya Kurian,Nagi-Munshi,Email Marketing,Ahmedabad,92804
3730,Yashoda Chand,"Bakshi, Dash and Raja",SEO,Delhi,298202
3731,Isha Bora,"Hegde, Wable and Parmer",AI Chatbot Development,Bangalore,213163
3732,Zashil Sibal,Palla-Rama,Email Marketing,Kolkata,289963
3733,Bakhshi Sodhi,Mannan-Master,Content Marketing,Bangalore,21640
3734,Jeremiah Kibe,"Lal, Behl and Nagar",Social Media Marketing,Jaipur,208851
3735,Chavvi Purohit,Deol PLC,SEO,Pune,252944
3736,Nathaniel Prasad,"Mangal, Thakkar and Biswas",Website Development,Kolkata,229801
3737,Aarini Varughese,"Dora, Parekh and Kannan",Google Ads,Pune,244351
3738,Tejas Bassi,Contractor-Chacko,Email Marketing,Delhi,221776
3739,Anmol Vala,Karan PLC,AI Chatbot Development,Bangalore,95057
3740,Indrajit Kapur,Pingle-Suresh,SEO,Mumbai,281056
3741,Bhanumati Sandhu,"Parmar, Zacharia and Saxena",Google Ads,Hyderabad,264739
3742,Warinder Chandra,"Narayan, Bajaj and Dugal",Meta Ads,Kolkata,80648
3743,Qasim Dara,Baria-Tailor,Email Marketing,Bangalore,147588
3744,Sachi Thaman,"Deo, Sem and Sethi",Website Development,Mumbai,66888
3745,Gabriel Rajagopal,Dugar Group,Google Ads,Ahmedabad,35320
3746,Bhavini Pradhan,"Ganesh, Sen and Sridhar",Meta Ads,Pune,221059
3747,Krisha Brar,"Master, Sarma and Khosla",AI Chatbot Development,Bangalore,155071
3748,Upma Sandhu,Mody-Luthra,Email Marketing,Delhi,91175
3749,Chameli Palla,Dass Ltd,Email Marketing,Delhi,194483
3750,Krishna Saxena,Parikh Inc,Website Development,Delhi,199949
3751,Yashoda Wable,Gupta-Tata,Content Marketing,Ahmedabad,249094
3752,Triya Ramanathan,Walla LLC,Website Development,Bangalore,155839
3753,Saumya Sastry,Master-Keer,Google Ads,Hyderabad,65969
3754,Chakradev Bir,Panchal-Lala,Google Ads,Delhi,198382
3755,Ekansh Vyas,"Khalsa, Gopal and Solanki",Website Development,Delhi,212800
3756,Kiaan Chaudhuri,Mody LLC,Meta Ads,Pune,219331
3757,Janya Lata,Gera Inc,SEO,Hyderabad,52445
3758,Jhalak Karan,Dhaliwal-Verma,Website Development,Ahmedabad,242140
3759,Gagan Menon,Mangal Ltd,Social Media Marketing,Pune,86221
3760,Rachit Mittal,Narula-Golla,Website Development,Delhi,227257
3761,Harita Mandal,Sood-Palla,SEO,Kolkata,185636
3762,Pallavi Goyal,Srinivas-Ravi,Meta Ads,Hyderabad,134768
3763,Bahadurjit Borde,Narain Group,Email Marketing,Kolkata,97293
3764,Neel Dhar,Mittal-Sinha,AI Chatbot Development,Mumbai,38006
3765,Advik Munshi,"Bhargava, Reddy and Chahal",Social Media Marketing,Hyderabad,283390
3766,Advay Sankaran,Batra Group,Google Ads,Hyderabad,270757
3767,Ansh Ahuja,Rajan-Prakash,Website Development,Kolkata,172827
3768,Sarthak Dua,Prasad-Ghose,Content Marketing,Jaipur,194663
3769,Upadhriti Halder,Agarwal-Dora,Meta Ads,Bangalore,138002
3770,Anusha Devan,"Sarin, Chander and Nadkarni",SEO,Mumbai,275592
3771,Amaira Deep,Hari PLC,Content Marketing,Hyderabad,103463
3772,Megha Naik,"Patil, Patla and Seth",SEO,Ahmedabad,196900
3773,Yachana Rama,Ben-Tak,Content Marketing,Kolkata,202613
3774,Aarush Kale,"Chada, Toor and Aurora",Content Marketing,Ahmedabad,57656
3775,Kai Gandhi,Gulati Inc,AI Chatbot Development,Hyderabad,122284
3776,Ryan Grewal,"Dada, Ben and Brar",Content Marketing,Delhi,88629
3777,Ekalinga Grover,Dasgupta-Toor,Social Media Marketing,Jaipur,179422
3778,Rayaan Palla,Kaur LLC,Email Marketing,Mumbai,92121
3779,Samuel Kannan,"Shanker, Purohit and Sampath",Email Marketing,Kolkata,172610
3780,Sathvik Raj,"Varty, Sur and Bandi",Meta Ads,Bangalore,134366
3781,Kashish Chaudhuri,Prabhakar-Buch,Website Development,Jaipur,209910
3782,Lucky Gole,Batta PLC,Google Ads,Mumbai,217423
3783,Samuel Datta,"Sarma, Bajaj and Shankar",Content Marketing,Mumbai,49533
3784,Elijah Narain,Kaul-Shere,Google Ads,Pune,268447
3785,Anamika Gala,"Chander, Bansal and Kaur",Meta Ads,Jaipur,81523
3786,Jasmit Raman,"Sachdev, Murty and Kannan",Social Media Marketing,Ahmedabad,97892
3787,Suhani De,Ghose PLC,Content Marketing,Bangalore,37822
3788,Pallavi Doshi,Goda-Suri,Google Ads,Bangalore,227956
3789,Hredhaan Mangat,Sidhu-Kothari,Email Marketing,Hyderabad,110432
3790,Hiral Garg,Sibal-Ratti,Content Marketing,Delhi,263098
3791,Arin Dani,Dua-Hayre,Content Marketing,Hyderabad,253370
3792,Yachana Bala,Garde-Dutt,Social Media Marketing,Jaipur,82914
3793,Yashica Padmanabhan,Kalita LLC,Google Ads,Delhi,83990
3794,David Sule,Kala Inc,Email Marketing,Bangalore,32072
3795,Nakul Kota,Sinha LLC,Email Marketing,Hyderabad,69573
3796,Ladli Rastogi,Khanna Group,Meta Ads,Ahmedabad,273855
3797,Jagdish Suri,Kale PLC,Content Marketing,Hyderabad,85659
3798,Elijah Chaudry,Salvi Inc,Google Ads,Pune,53291
3799,Daniel Gala,Gopal-Behl,Meta Ads,Ahmedabad,30352
3800,Rushil Wable,Khanna PLC,Content Marketing,Kolkata,53518
3801,Jackson Sami,"Thakkar, More and Bhattacharyya",Google Ads,Bangalore,81512
3802,William Prakash,Dixit PLC,Meta Ads,Mumbai,22791
3803,Turvi Nagi,Srivastava-Suresh,Email Marketing,Pune,84511
3804,Vedika Srinivas,"Sastry, Chada and Ray",SEO,Mumbai,128123
3805,Jagrati More,"Bhargava, Rajagopalan and Ben",Meta Ads,Delhi,154616
3806,Matthew Jaggi,"Oak, Sathe and Dhar",SEO,Delhi,85387
3807,Saanvi Halder,"Mukherjee, Andra and Palan",AI Chatbot Development,Pune,109969
3808,Chatresh Murthy,Pathak-Suresh,Content Marketing,Jaipur,150200
3809,Triveni Verma,"Manda, Mangal and Gola",AI Chatbot Development,Jaipur,292337
3810,Nimrat Raj,Dar-Golla,AI Chatbot Development,Kolkata,93324
3811,Abhiram Gole,Rout-Master,Email Marketing,Pune,294027
3812,Yauvani Wali,Chad LLC,Social Media Marketing,Bangalore,71909
3813,Sanaya Sekhon,Gulati LLC,SEO,Bangalore,39259
3814,Charles Dora,Sarma PLC,Website Development,Mumbai,177133
3815,Krishna Barman,Dewan Group,Website Development,Mumbai,133267
3816,Vidhi Luthra,Shere LLC,Social Media Marketing,Hyderabad,87366
3817,Laksh Doctor,"Krishna, Yogi and Dora",Content Marketing,Delhi,153676
3818,Xiti Apte,Parekh PLC,AI Chatbot Development,Ahmedabad,105626
3819,Garima Sagar,Bhatti Group,Content Marketing,Kolkata,63649
3820,Qasim Banerjee,"Butala, Pau and Gade",AI Chatbot Development,Ahmedabad,95101
3821,Saumya Handa,"Sahni, Mandal and Mannan",Website Development,Delhi,161243
3822,Kashish Bora,Brar Inc,Website Development,Pune,288135
3823,Hamsini Acharya,Deol and Sons,Meta Ads,Ahmedabad,100473
3824,Mohammed Subramanian,"Chahal, Mitter and Dar",Social Media Marketing,Ahmedabad,218674
3825,Yatin Kothari,"Mitter, Chaudhry and Om",SEO,Bangalore,60645
3826,Jonathan Nori,Bakshi-Peri,AI Chatbot Development,Delhi,298643
3827,Panini Doctor,Pathak-Manne,Google Ads,Ahmedabad,54581
3828,Anusha Kari,"Sur, Kala and Gola",Social Media Marketing,Delhi,210221
3829,Elijah Mahal,Loyal Group,Social Media Marketing,Hyderabad,96718
3830,Rudra Dhingra,Maharaj-Majumdar,Website Development,Hyderabad,25171
3831,Aadhya Mittal,"Gara, Choudhury and Dayal",Google Ads,Ahmedabad,136510
3832,Udyati Pal,"Mistry, Mutti and Ranganathan",Content Marketing,Delhi,84751
3833,Hemani Goswami,Dua Inc,Meta Ads,Hyderabad,276701
3834,Hemangini Shroff,"Magar, Krishna and Gulati",Google Ads,Pune,167847
3835,Baljiwan Prabhu,Subramaniam Group,AI Chatbot Development,Delhi,45146
3836,Krishna Subramanian,Padmanabhan PLC,Meta Ads,Pune,224243
3837,Nathan Borde,Kamdar Ltd,Meta Ads,Pune,298754
3838,Logan Pandya,Barman PLC,Content Marketing,Kolkata,86884
3839,Idika Bala,Deshpande-Dayal,AI Chatbot Development,Jaipur,289256
3840,Faraj Gopal,"Bhatt, Naidu and Sahota",Meta Ads,Mumbai,94800
3841,Hredhaan Mangat,Nagarajan Inc,Content Marketing,Hyderabad,47716
3842,Manan Dalal,"Mangat, Pant and Pall",Social Media Marketing,Bangalore,239280
3843,Turvi Sahota,Sant-Varma,Email Marketing,Mumbai,250141
3844,Faras Gade,Natarajan LLC,Social Media Marketing,Kolkata,283312
3845,Fiyaz Mammen,Mahal-Ravel,AI Chatbot Development,Hyderabad,244272
3846,Meera Din,Nayar-Lal,Website Development,Hyderabad,65582
3847,Rayaan Balan,Peri PLC,AI Chatbot Development,Ahmedabad,183964
3848,Odika Menon,"Luthra, Ahuja and Dey",Google Ads,Delhi,60209
3849,Yamini Srinivasan,Agarwal Ltd,Website Development,Delhi,106566
3850,Janani Shere,"Shan, Koshy and Khurana",SEO,Delhi,169868
3851,Parth Shah,Gala Group,Email Marketing,Jaipur,242289
3852,Mugdha Lanka,Srinivasan Group,Meta Ads,Kolkata,280993
3853,Bimala Kamdar,"Brar, Sagar and Toor",Google Ads,Ahmedabad,27287
3854,Sara Tata,Sheth-Bora,Website Development,Jaipur,242811
3855,Eesha Thakur,"Venkataraman, Ganesh and Banik",Social Media Marketing,Bangalore,296882
3856,Amaira Jani,Bains LLC,SEO,Kolkata,108359
3857,Jasmit Soni,Suresh-Khare,Website Development,Mumbai,59385
3858,Oni Loyal,Srivastava Inc,Social Media Marketing,Mumbai,289318
3859,Niharika Oza,Babu-Sanghvi,Social Media Marketing,Jaipur,241628
3860,Warhi Hans,Rajan LLC,Email Marketing,Ahmedabad,109382
3861,Qushi Bali,"Lal, Barad and Chacko",Social Media Marketing,Delhi,197187
3862,Chanchal Bal,"Choudhry, Banerjee and Kanda",Website Development,Delhi,172077
3863,Qushi Khalsa,"Barad, Solanki and Aggarwal",AI Chatbot Development,Kolkata,173902
3864,Aadi Batta,Chaudry-Chand,AI Chatbot Development,Bangalore,21171
3865,Ati Raghavan,Krishna-Karan,Content Marketing,Bangalore,179813
3866,Fariq Pandit,Keer-Patel,SEO,Kolkata,275992
3867,Janani Misra,"Tank, Srinivas and Mukherjee",SEO,Pune,23088
3868,Bhavani Bandi,Date LLC,Email Marketing,Pune,176421
3869,George Buch,Sahni and Sons,Social Media Marketing,Delhi,22702
3870,Bhanumati Ramachandran,Jhaveri and Sons,Social Media Marketing,Mumbai,230799
3871,Vaishnavi De,Sachar LLC,Social Media Marketing,Jaipur,73130
3872,Utkarsh Chakraborty,Sami-Prabhakar,Content Marketing,Kolkata,123570
3873,Jagrati Atwal,"Sekhon, Muni and Sem",Google Ads,Mumbai,235335
3874,Udarsh Chawla,Ben LLC,Google Ads,Kolkata,23623
3875,Unni Chowdhury,Hari Inc,Meta Ads,Hyderabad,138539
3876,Ekaraj Kapadia,Halder-Kar,Email Marketing,Ahmedabad,216245
3877,Laksh Kata,Dara-Mallick,AI Chatbot Development,Pune,244574
3878,Aradhana Sastry,Lalla-Tank,Meta Ads,Hyderabad,76987
3879,Jasmit Biswas,"Nagar, Sachar and Nagarajan",Email Marketing,Kolkata,104847
3880,Mugdha Kota,Chaudhuri-Deshpande,Meta Ads,Pune,247520
3881,Caleb Sridhar,"Balay, Dhingra and Ganguly",SEO,Pune,124052
3882,Chakradhar Yogi,Misra-Prabhakar,Google Ads,Bangalore,169369
3883,Abha Parmer,Dani-Lall,SEO,Mumbai,226855
3884,Charvi Dey,Hayre-Gole,Content Marketing,Pune,36570
3885,Hemang Sampath,"Morar, Buch and Dada",Meta Ads,Bangalore,271288
3886,Warhi Datta,Khatri-Gandhi,AI Chatbot Development,Delhi,240775
3887,Liam Narang,Bandi PLC,Email Marketing,Kolkata,86812
3888,Shivansh Taneja,"Srinivasan, Keer and Cheema",Social Media Marketing,Ahmedabad,283118
3889,Oscar Sengupta,Khatri Inc,Content Marketing,Mumbai,77531
3890,Chakradhar Din,Goyal Ltd,Google Ads,Jaipur,86125
3891,Ansh Bhakta,"Pingle, Sankar and Bhagat",Meta Ads,Pune,282144
3892,Falan Chopra,"Narula, Choudhry and Buch",SEO,Bangalore,47283
3893,Kalpit Das,"Kade, Keer and Ravel",Social Media Marketing,Ahmedabad,24209
3894,Aayush Manne,"Savant, Korpal and Dugal",Content Marketing,Kolkata,171763
3895,Theodore Goel,Nagy-Mander,AI Chatbot Development,Kolkata,63313
3896,Unnati Bhatti,Dixit Group,Content Marketing,Bangalore,99951
3897,Chandani Sandal,Sharma-Sinha,Meta Ads,Bangalore,167397
3898,Darsh Bandi,Bala-Rajagopal,Google Ads,Hyderabad,149684
3899,Kavya Nagar,Chakraborty-Chaudhary,Content Marketing,Bangalore,268456
3900,Sanya Behl,Bains-Tara,Google Ads,Mumbai,118916
3901,Tripti Patla,Vasa Inc,Meta Ads,Bangalore,83156
3902,Bhavani Devi,Pillai-Khatri,Meta Ads,Ahmedabad,40115
3903,Kritika Dalal,Solanki-Narain,AI Chatbot Development,Bangalore,96655
3904,Jalsa Aurora,Bail-Sharma,Content Marketing,Jaipur,124670
3905,Bakhshi Khurana,"Basak, Madan and Lata",Google Ads,Jaipur,219414
3906,Pavani Arora,Chhabra LLC,Content Marketing,Hyderabad,141334
3907,Rehaan Lad,Shanker Inc,Website Development,Pune,243386
3908,David Bains,Bandi Group,Email Marketing,Jaipur,287315
3909,Amaira Pathak,Bir-Morar,Content Marketing,Jaipur,179535
3910,Vedant Goyal,"Sura, Bhatt and Doctor",Google Ads,Hyderabad,210618
3911,Aarini Srinivasan,"Dyal, Lad and Sangha",AI Chatbot Development,Pune,239191
3912,Maanas Korpal,Thaman-Buch,Website Development,Pune,44933
3913,Mekhala Panchal,Mukherjee and Sons,Meta Ads,Jaipur,20280
3914,Upma Gade,Sabharwal PLC,SEO,Pune,131137
3915,Fitan Barad,Peri PLC,AI Chatbot Development,Kolkata,166884
3916,Karan Agarwal,Lad LLC,Google Ads,Ahmedabad,116909
3917,Jagdish Sankar,"Toor, Lala and Nagar",AI Chatbot Development,Kolkata,210621
3918,Falan Rastogi,Vohra-Pau,Social Media Marketing,Hyderabad,78473
3919,Widisha Ganesan,Bandi LLC,Google Ads,Jaipur,88318
3920,Bakhshi Sarma,Kaul Group,Social Media Marketing,Pune,209469
3921,Caleb Nigam,"Tak, Shukla and Dada",Social Media Marketing,Bangalore,164675
3922,Girindra Kade,"Thaman, Hegde and Vora",Website Development,Ahmedabad,65734
3923,Noah Kala,Baria and Sons,Google Ads,Mumbai,83100
3924,Lipika Kari,Vala-Dada,SEO,Bangalore,121149
3925,Vedant Dhar,Dixit Group,Email Marketing,Delhi,59258
3926,Damini Choudhury,"Rout, Kale and Mistry",Social Media Marketing,Hyderabad,268616
3927,Varenya Handa,Narain-Raval,Website Development,Mumbai,42969
3928,Harini Krishna,Iyengar-Gola,Meta Ads,Bangalore,239263
3929,Barkha Iyer,"Dugar, Mangat and Krishnan",AI Chatbot Development,Pune,211895
3930,Tanvi Sibal,"Bhakta, Menon and Doctor",Email Marketing,Delhi,248655
3931,Kamala Nagarajan,Mani-Barman,Google Ads,Kolkata,239678
3932,Kamya Karnik,Sanghvi PLC,SEO,Mumbai,163732
3933,Ishani Kaul,"Bhakta, Chahal and Jha",Meta Ads,Hyderabad,43826
3934,Watika Dara,Dave and Sons,SEO,Bangalore,228401
3935,Januja Saxena,Murthy-Mitter,Email Marketing,Delhi,106779
3936,Indali Bhargava,Golla Inc,Email Marketing,Ahmedabad,224601
3937,Manan Sha,"Narain, Thakkar and Agate",Content Marketing,Hyderabad,128488
3938,George Thakur,Bedi-Dugar,Meta Ads,Jaipur,103887
3939,Darika Deol,Lalla PLC,Website Development,Jaipur,288852
3940,Abhimanyu Jha,Goyal Inc,Email Marketing,Hyderabad,179074
3941,Wakeeta Deo,"Tank, Amble and Saran",Website Development,Hyderabad,160779
3942,Ishani Chakraborty,Suresh-Kothari,Google Ads,Mumbai,137403
3943,Aditya Kade,Vala-Pandey,SEO,Bangalore,173009
3944,Onkar Gopal,Sachdev Ltd,SEO,Mumbai,165624
3945,Xiti Anne,"Krishnamurthy, Bhandari and Bhardwaj",Meta Ads,Hyderabad,47011
3946,Veda Bhatnagar,Acharya Group,Website Development,Bangalore,80914
3947,Nathan Suri,Virk and Sons,SEO,Pune,213520
3948,Nikita Bala,Sinha PLC,Social Media Marketing,Delhi,158432
3949,Faris Mahal,Dyal Inc,Meta Ads,Ahmedabad,174610
3950,Maya Khosla,Bhatia and Sons,Social Media Marketing,Jaipur,25456
3951,Janaki Kunda,"Wali, Roy and Deshpande",Social Media Marketing,Bangalore,166638
3952,Siddharth Gandhi,"Loyal, Sodhi and Bhatnagar",Meta Ads,Hyderabad,28199
3953,Libni Pandya,"Muni, Kohli and Chawla",Google Ads,Ahmedabad,154922
3954,Aarnav Maharaj,Mangat Inc,Website Development,Kolkata,135678
3955,Ishani Mistry,"Guha, Apte and Sankaran",Social Media Marketing,Hyderabad,126912
3956,Krishna Naidu,Parekh LLC,Content Marketing,Mumbai,253861
3957,Lakshmi Kara,"Sankaran, Soman and Chawla",Website Development,Ahmedabad,213273
3958,Madhavi Sharma,Kulkarni-Wadhwa,Meta Ads,Kolkata,69121
3959,Luke Nair,"Chander, Lall and Modi",Email Marketing,Mumbai,260852
3960,Xalak Sandal,Natarajan LLC,Meta Ads,Mumbai,119016
3961,Naveen Walla,"Banerjee, Sarkar and Vaidya",Email Marketing,Mumbai,167872
3962,Anya Dara,Deo LLC,SEO,Hyderabad,105416
3963,Udyati Khare,Venkatesh PLC,Meta Ads,Ahmedabad,118486
3964,Orinder Nath,"Natarajan, Kapoor and Uppal",Google Ads,Mumbai,57774
3965,Zaitra Gandhi,Mani-Mittal,Content Marketing,Bangalore,258563
3966,Thomas Patel,Pandey-Varkey,Content Marketing,Delhi,296183
3967,Dipta Dhaliwal,Dugar-Deo,Meta Ads,Jaipur,72287
3968,Unni Memon,Palla Ltd,Content Marketing,Ahmedabad,30861
3969,Arunima Ratta,Chakrabarti PLC,Google Ads,Jaipur,42932
3970,Arin Bahl,Naidu and Sons,Meta Ads,Bangalore,63828
3971,Wyatt Chaudhuri,Chowdhury and Sons,AI Chatbot Development,Mumbai,27076
3972,Xalak Pillay,"Nazareth, Subramanian and Balay",SEO,Delhi,197413
3973,Anjali Vala,Warrior-Mani,Google Ads,Bangalore,92996
3974,Tanay Balakrishnan,Dhawan-Bhatt,Email Marketing,Kolkata,105534
3975,Oeshi Bhakta,"Bhatt, Shukla and Sachdev",AI Chatbot Development,Pune,271085
3976,Niharika Dayal,Jhaveri Inc,Meta Ads,Bangalore,49294
3977,Abhimanyu Nagy,Sha-Char,AI Chatbot Development,Delhi,31119
3978,Jai Dey,Choudhry Group,SEO,Delhi,175576
3979,Anika Dey,Sidhu-Venkatesh,Google Ads,Ahmedabad,94362
3980,Yash Prasad,"Kata, Date and Murthy",SEO,Bangalore,32583
3981,Jagdish Srinivas,"Pant, Mishra and Parsa",Website Development,Ahmedabad,222051
3982,Pranav Chaudry,"Ramachandran, Sabharwal and Das",Meta Ads,Pune,170390
3983,Jason Hans,"Prasad, Chada and Saxena",Website Development,Ahmedabad,78934
3984,Gayathri Sarin,Walla-Grewal,Email Marketing,Mumbai,77742
3985,Sathvik Ramesh,"Sagar, Din and Chad",Website Development,Delhi,167751
3986,Tanmayi Deo,Nazareth LLC,Social Media Marketing,Delhi,194967
3987,Nachiket Toor,"Sharaf, Manda and Sarin",Google Ads,Pune,64461
3988,Nakul Balakrishnan,Kota-Sachdeva,SEO,Mumbai,113358
3989,Veda Raghavan,Arya LLC,Content Marketing,Pune,115087
3990,Alexander Chander,Seshadri-Patla,Content Marketing,Mumbai,178106
3991,Chandani Jaggi,Palla and Sons,AI Chatbot Development,Pune,74485
3992,Yashvi Boase,"Nadkarni, Doshi and Narula",AI Chatbot Development,Kolkata,213521
3993,Aryan Krishnan,Wable-Raman,AI Chatbot Development,Delhi,21142
3994,Victor Prakash,Murthy-Singhal,Meta Ads,Mumbai,187906
3995,Faris Ramesh,Acharya Group,Meta Ads,Ahmedabad,254197
3996,Sarthak Baria,Sama PLC,Email Marketing,Delhi,79330
3997,Ayaan Vyas,"Dewan, Basu and Nanda",Content Marketing,Hyderabad,95847
3998,Ekiya Biswas,Ramakrishnan-Chakraborty,Google Ads,Pune,86865
3999,Meera Sekhon,Mittal PLC,Meta Ads,Ahmedabad,204868
4000,Warhi Rajagopal,Ravel-Baral,Social Media Marketing,Kolkata,242210
4001,Ishwar Bhakta,Shetty-Arora,Email Marketing,Ahmedabad,194831
4002,Ekavir Mody,Mammen-Gour,Meta Ads,Bangalore,220899
4003,Kai Nadig,Kapoor Ltd,Content Marketing,Kolkata,299849
4004,Alka Chana,Konda and Sons,Email Marketing,Bangalore,221655
4005,Damyanti Johal,Pant PLC,Google Ads,Ahmedabad,296271
4006,Harish Mohan,Murty-Rattan,Website Development,Delhi,143308
4007,Chavvi Sankaran,Pau PLC,Social Media Marketing,Jaipur,126577
4008,Zilmil Magar,"Mahal, Mody and Gole",SEO,Pune,268473
4009,Manbir Seth,Bajwa-Yogi,Meta Ads,Delhi,51235
4010,Zayyan Nayak,Narayanan PLC,Social Media Marketing,Pune,93059
4011,Chaaya Talwar,"Ganesan, Dube and Kaul",AI Chatbot Development,Kolkata,95570
4012,Nathaniel Handa,"Srinivasan, Merchant and Sahni",Content Marketing,Bangalore,130487
4013,Avi Wali,Thakkar Group,Website Development,Jaipur,92247
4014,Manya Sankar,Apte-Sathe,Google Ads,Mumbai,217898
4015,Gagan Salvi,Anand Ltd,SEO,Ahmedabad,214869
4016,Deepa Tripathi,Palla-Arora,SEO,Delhi,58676
4017,Waida Kohli,Vasa Ltd,Email Marketing,Mumbai,35826
4018,Widisha Kanda,Saran-Sridhar,Meta Ads,Pune,94070
4019,Krishna Tiwari,Salvi-Walla,Google Ads,Bangalore,60404
4020,Shivani Kalla,Ravel and Sons,SEO,Ahmedabad,98494
4021,Farhan Sha,Kadakia Group,Meta Ads,Kolkata,93459
4022,Falguni Savant,"Uppal, Chatterjee and Sehgal",AI Chatbot Development,Kolkata,235756
4023,Kiaan Sengupta,Chakrabarti Ltd,Social Media Marketing,Kolkata,26925
4024,Ayush Jha,"Palan, Nath and Sodhi",AI Chatbot Development,Delhi,101729
4025,Wahab Memon,Peri-Sant,SEO,Jaipur,111006
4026,Bhavna Reddy,Dhillon-Banerjee,Meta Ads,Jaipur,227822
4027,Bhavya Acharya,Bose Group,Content Marketing,Kolkata,155294
4028,Irya Ravi,Bansal PLC,AI Chatbot Development,Bangalore,242125
4029,Nandini Biswas,"Johal, Swamy and De",Meta Ads,Hyderabad,68201
4030,Balendra Roy,Mand-Khare,Content Marketing,Mumbai,131077
4031,Omisha Kapadia,Shan LLC,Content Marketing,Jaipur,134770
4032,Kashish Goyal,Sharaf Group,Content Marketing,Mumbai,60479
4033,Raghav Swamy,Ghose PLC,Email Marketing,Kolkata,184201
4034,Bina Nagy,Sunder Group,Content Marketing,Ahmedabad,106415
4035,Madhavi Patla,"Balay, Nazareth and Mahajan",SEO,Pune,242414
4036,Mohini Prasad,"Palla, Bail and Pingle",Website Development,Hyderabad,76833
4037,Max Zachariah,"Khare, Chopra and Varty",Google Ads,Delhi,210160
4038,Aarini Chana,Ramakrishnan Ltd,Social Media Marketing,Jaipur,145582
4039,Qadim Shetty,Nagy Group,AI Chatbot Development,Mumbai,75818
4040,Oliver Ramakrishnan,Kale-Balasubramanian,Google Ads,Bangalore,25755
4041,Chandani Wason,Rege Group,AI Chatbot Development,Bangalore,125762
4042,Yagnesh Dixit,Mittal LLC,SEO,Bangalore,161121
4043,Aachal Hora,"Khalsa, Nagi and Om",Google Ads,Jaipur,273654
4044,Faqid Puri,"Dani, Gandhi and Sarna",SEO,Jaipur,184930
4045,Reyansh Wason,Arya-Parmar,Google Ads,Hyderabad,24445
4046,Ekaja Ramachandran,Setty PLC,Social Media Marketing,Hyderabad,228738
4047,Turvi Sharma,Pandey-Kara,Website Development,Pune,224808
4048,Saanvi Sama,Cherian-Halder,Social Media Marketing,Mumbai,71055
4049,Rachit Savant,Setty-Vala,Social Media Marketing,Ahmedabad,284020
4050,Wyatt Modi,Natarajan Inc,Google Ads,Mumbai,32417
4051,Zashil Hari,Narang Ltd,Content Marketing,Kolkata,39612
4052,Zayyan Kurian,Kakar Ltd,AI Chatbot Development,Mumbai,99449
4053,Sai Tiwari,Kumer LLC,Email Marketing,Delhi,68911
4054,Abhiram Dewan,Walla Inc,Website Development,Bangalore,93852
4055,Matthew Iyer,"Ahluwalia, Sastry and Sawhney",Meta Ads,Pune,254608
4056,Rajata Murty,Pal Inc,Meta Ads,Pune,172484
4057,Gunbir Ahluwalia,"Acharya, Virk and Biswas",Social Media Marketing,Ahmedabad,40978
4058,Ekta Bath,"Ganguly, Menon and Parmar",Content Marketing,Bangalore,129482
4059,Wahab Doshi,Chandran-Singhal,Google Ads,Mumbai,280845
4060,Vedhika Sharaf,Nadig Group,Google Ads,Jaipur,94775
4061,Advik Ravi,"Munshi, Ganesh and Thaker",AI Chatbot Development,Delhi,281573
4062,Yachana Narula,"Chacko, Wadhwa and Atwal",Google Ads,Kolkata,184478
4063,Nidhi Kothari,Bhatia-Reddy,Meta Ads,Hyderabad,104658
4064,Sara Kar,Natarajan-Shan,Google Ads,Hyderabad,210488
4065,Aryan Goda,"Joshi, Balakrishnan and Subramanian",Social Media Marketing,Delhi,57294
4066,Advik Jhaveri,Pradhan-Sandhu,Meta Ads,Kolkata,155236
4067,Isaac Jhaveri,Dyal-Arya,Email Marketing,Hyderabad,251759
4068,Aditya Kaul,Kade Ltd,Meta Ads,Delhi,275988
4069,Megha Gole,Nagarajan-Sibal,SEO,Pune,170274
4070,Harsh Bal,Sandal-Mitra,Content Marketing,Ahmedabad,87624
4071,Theodore Bala,"Tata, Shukla and Sachdev",Email Marketing,Pune,288686
4072,Bimala Agate,"Mander, Prasad and Zachariah",Social Media Marketing,Pune,63773
4073,Finn Narang,"Ravel, Choudhry and Barad",Content Marketing,Kolkata,157797
4074,Krish Jhaveri,Wadhwa-Ganesan,SEO,Jaipur,148354
4075,Kevin Karan,"Kalla, Pandit and Chaudhary",SEO,Mumbai,75206
4076,Nicholas Brar,"Dixit, Puri and Shanker",AI Chatbot Development,Ahmedabad,102945
4077,Christopher Tailor,Parmar Inc,Content Marketing,Delhi,136943
4078,Balvan Sha,"Oak, Chander and Jha",Content Marketing,Kolkata,69022
4079,Ekaraj Thakur,Din-Agrawal,Social Media Marketing,Kolkata,265623
4080,Vrinda Bobal,"Narayan, Das and Chadha",Email Marketing,Delhi,64995
4081,Ishani Dar,"Dhar, Sanghvi and Narasimhan",Meta Ads,Delhi,228113
4082,Samaksh Ahluwalia,Rastogi and Sons,Content Marketing,Bangalore,230512
4083,Pranav Chhabra,"Yogi, Ramaswamy and Krishnan",Social Media Marketing,Delhi,186348
4084,Vincent Dada,Mishra-Sahni,Social Media Marketing,Kolkata,131482
4085,Edhitha Dua,"Mangat, Walia and Nadkarni",Email Marketing,Delhi,165948
4086,Samesh Sangha,Karan and Sons,Email Marketing,Jaipur,101653
4087,Gautami Karan,Nazareth PLC,Email Marketing,Mumbai,131919
4088,Jhalak Bava,Saran-Iyer,Social Media Marketing,Jaipur,219378
4089,Yashasvi Dani,"Babu, Wason and Kala",SEO,Pune,245501
4090,Sudiksha Madan,"Nair, Ramanathan and Hayre",Email Marketing,Bangalore,48352
4091,Wakeeta Nayak,"Banerjee, Seshadri and Chaudhuri",Website Development,Jaipur,241732
4092,Vritti Wason,"Om, Das and Baral",AI Chatbot Development,Hyderabad,112330
4093,Keya Dhar,Tiwari-Tandon,Google Ads,Mumbai,56311
4094,Ubika Vyas,Kapoor LLC,AI Chatbot Development,Ahmedabad,62839
4095,Udyati Bhavsar,"Kanda, Ravi and Khurana",AI Chatbot Development,Kolkata,240055
4096,Samaksh Mann,"Dass, Rajagopal and Pal",Website Development,Hyderabad,116510
4097,Edhitha Karpe,Goyal and Sons,SEO,Delhi,244675
4098,Bina Nagi,Mangal Inc,Social Media Marketing,Hyderabad,106262
4099,Banjeet Mody,Butala-Srivastava,Website Development,Pune,239729
4100,Aarini Karnik,Parikh-Lad,Email Marketing,Kolkata,104247
4101,Tripti Venkatesh,"Ahuja, Deol and Pillay",Content Marketing,Pune,224020
4102,Chaaya Sha,"Bains, Gour and Dora",SEO,Bangalore,60794
4103,Kabir Pant,Das PLC,Meta Ads,Pune,185945
4104,Yoshita Arora,Peri-Borra,SEO,Mumbai,260469
4105,Ati Gupta,"Ravi, Tara and Narula",Meta Ads,Kolkata,185888
4106,Bina Gulati,Tiwari-Kale,Google Ads,Ahmedabad,157784
4107,Aadi Sarna,Mahajan-Chaudhary,SEO,Kolkata,85912
4108,Garima Mahajan,"Ramanathan, Bhargava and Bains",Email Marketing,Delhi,39129
4109,Veda Saraf,Sharaf-Goda,Website Development,Bangalore,240293
4110,Simon Pandit,"Date, Krishnan and Chauhan",Meta Ads,Ahmedabad,133318
4111,Tara Oak,"Deshmukh, Choudhary and Kulkarni",Social Media Marketing,Bangalore,120222
4112,Nilima Prakash,"Deshpande, Chawla and Dash",SEO,Pune,210733
4113,Mason Magar,"Seth, Parmar and Singhal",SEO,Hyderabad,180938
4114,Nachiket Merchant,Venkataraman-Banerjee,Google Ads,Kolkata,259074
4115,Isaac Wali,Tak-Kamdar,Content Marketing,Ahmedabad,204407
4116,Teerth Salvi,Mander Ltd,Social Media Marketing,Ahmedabad,294291
4117,Panini Varty,Sundaram and Sons,Social Media Marketing,Delhi,112177
4118,Sarthak Narang,Mannan-Cheema,Email Marketing,Ahmedabad,215623
4119,Siddharth Borra,"Bedi, Kulkarni and Modi",Meta Ads,Mumbai,248524
4120,Wakeeta Atwal,Ben and Sons,Content Marketing,Hyderabad,249372
4121,Ekaja Raman,Sawhney LLC,AI Chatbot Development,Delhi,65938
4122,Imaran Pall,Apte-Saxena,Google Ads,Delhi,28612
4123,Faras Srinivas,Thakur Group,Content Marketing,Delhi,280259
4124,Hiral Tata,"Mangat, Ranganathan and Bora",Google Ads,Kolkata,283906
4125,Jyoti Raja,Roy and Sons,SEO,Hyderabad,240536
4126,Rehaan Munshi,"Khatri, Palan and Setty",Website Development,Bangalore,258356
4127,Krishna Dube,"Chaudry, Magar and Prashad",Content Marketing,Delhi,122529
4128,Dev Kibe,"Raval, Madan and Karnik",Email Marketing,Delhi,203822
4129,Darika Sehgal,Rout-Varma,Email Marketing,Ahmedabad,227517
4130,Dayita Patla,"Arya, Acharya and Doctor",SEO,Pune,137407
4131,Upkaar Balay,Dasgupta Inc,AI Chatbot Development,Hyderabad,158673
4132,Ekanta Grewal,Chaudhry LLC,AI Chatbot Development,Ahmedabad,146644
4133,Odika Murty,Bahri-Mannan,SEO,Ahmedabad,37130
4134,Jagrati Sen,"Dhar, Dhar and Karnik",SEO,Jaipur,100412
4135,Isha Koshy,Sen-Sama,Social Media Marketing,Pune,195683
4136,Chaaya Raja,Bhagat Inc,Meta Ads,Ahmedabad,146789
4137,Anika Kala,Kala PLC,Content Marketing,Bangalore,226211
4138,Jeet Samra,"Kata, Pandya and Banik",SEO,Ahmedabad,87565
4139,Sai Sarma,"Joshi, Vora and Koshy",Content Marketing,Mumbai,231350
4140,Caleb Pandey,Dhar-Hari,Social Media Marketing,Mumbai,249324
4141,Udarsh Bora,"Sen, Parsa and Prabhakar",Website Development,Delhi,86233
4142,Nihal Sarna,Venkatesh-Kumar,Google Ads,Ahmedabad,156435
4143,Kavya Brahmbhatt,"Talwar, Samra and Savant",Meta Ads,Pune,126830
4144,Dayita Raj,"Dyal, Sampath and Bava",Google Ads,Delhi,33442
4145,Wridesh Borde,Mitter-Ghose,Content Marketing,Jaipur,100241
4146,Rajata Grover,Mani Ltd,SEO,Delhi,220490
4147,Gagan Tella,Sekhon-Khatri,SEO,Mumbai,257872
4148,Zaitra Shroff,Rege-Om,Social Media Marketing,Mumbai,145683
4149,Tripti Sahni,"Mane, Dave and Issac",Website Development,Hyderabad,121622
4150,Brijesh Gala,Subramaniam Inc,Website Development,Ahmedabad,156566
4151,Nitesh Karnik,"Mital, Iyengar and Sunder",SEO,Hyderabad,63496
4152,David Tiwari,Wagle LLC,Meta Ads,Jaipur,74221
4153,Upasna Samra,"Bhavsar, Mangal and Pathak",Google Ads,Kolkata,84321
4154,Deepa Ganesh,Kurian LLC,Google Ads,Mumbai,168091
4155,Chakradev Andra,Wali PLC,AI Chatbot Development,Mumbai,68641
4156,Nikita Palan,Cheema-Khare,Google Ads,Kolkata,209476
4157,Zaitra Arya,Saxena and Sons,Website Development,Ahmedabad,72780
4158,Lakshmi Sem,Divan PLC,Email Marketing,Jaipur,236921
4159,Omya Oza,Sant and Sons,Google Ads,Kolkata,60009
4160,Max Lad,"Raja, Koshy and Ramachandran",Website Development,Ahmedabad,216741
4161,Oliver Trivedi,Walia-Lata,Social Media Marketing,Kolkata,104464
4162,Chaitanya Shroff,Dey-Iyer,Meta Ads,Hyderabad,25316
4163,Ira Samra,Sathe Ltd,Meta Ads,Jaipur,81450
4164,Jagat D’Alia,"Mistry, Mittal and Hans",Social Media Marketing,Pune,273708
4165,Keya Dhawan,"Barad, Chhabra and Sarin",SEO,Mumbai,293546
4166,Anita Pillai,Ranganathan Inc,AI Chatbot Development,Delhi,121106
4167,Ikshita Yogi,Raja-Behl,SEO,Jaipur,291578
4168,Hardik Rama,Mall LLC,Meta Ads,Bangalore,211307
4169,Balhaar Mammen,Sant Ltd,Google Ads,Bangalore,35465
4170,Ikshita Kaul,Borah-Pillay,Social Media Marketing,Mumbai,135218
4171,Dakshesh Kibe,Sarkar-Nath,Google Ads,Mumbai,160294
4172,Vedant Jhaveri,Kapadia-Krish,AI Chatbot Development,Kolkata,124457
4173,Praneel Muni,Hayer Ltd,Google Ads,Pune,174308
4174,Vedika Hari,"Gopal, Parikh and Chaudry",Email Marketing,Kolkata,248622
4175,Baljiwan Borah,Rattan Group,Content Marketing,Bangalore,151120
4176,Raksha Kala,Anand-Khatri,Meta Ads,Bangalore,167368
4177,Bahadurjit Bedi,"Sandhu, De and Mani",Content Marketing,Delhi,183360
4178,Logan Wadhwa,Bora-Arya,Meta Ads,Bangalore,275764
4179,Gaurav Peri,Chatterjee-Dhar,Content Marketing,Kolkata,242160
4180,Sai Raja,Jayaraman PLC,AI Chatbot Development,Pune,76391
4181,Nicholas Sibal,"Barad, Morar and Menon",Content Marketing,Ahmedabad,124711
4182,Laksh Menon,Narula-Patla,Social Media Marketing,Pune,53694
4183,Mugdha Barad,Parekh-Ben,Email Marketing,Mumbai,37699
4184,Tanveer Srinivasan,Ratti-Kota,AI Chatbot Development,Ahmedabad,173864
4185,Kamya Dass,Dayal LLC,Social Media Marketing,Ahmedabad,35697
4186,Lohit Mital,Khatri-Pant,Google Ads,Mumbai,189177
4187,Yoshita Puri,"Bedi, Maharaj and Korpal",Content Marketing,Mumbai,207561
4188,Zilmil Sathe,Karnik LLC,Website Development,Delhi,132818
4189,Damini Sule,Vala Group,Social Media Marketing,Pune,96042
4190,Ekiya Mukhopadhyay,Mutti and Sons,Social Media Marketing,Delhi,25050
4191,Brinda Raj,Dey LLC,Social Media Marketing,Jaipur,192422
4192,Vivaan Ramaswamy,"Kaul, Badal and Mall",Website Development,Kolkata,188590
4193,Avni Mani,Saraf Group,Website Development,Delhi,222160
4194,Turvi Shankar,"Palla, Pau and Ramanathan",AI Chatbot Development,Bangalore,296437
4195,Vasana Nori,Sahota PLC,Website Development,Delhi,165777
4196,Yochana Mahal,"Bal, Sanghvi and Nagi",Google Ads,Ahmedabad,248173
4197,Nathaniel Gill,Tripathi-Pandit,Social Media Marketing,Pune,123887
4198,Jacob Rattan,Tak PLC,Website Development,Jaipur,278963
4199,Krish Raju,Sood-Jhaveri,Email Marketing,Jaipur,163872
4200,Wishi Master,"Yogi, Dhar and Dugar",Content Marketing,Delhi,85060
4201,Faraj Sood,Seth-Narang,Email Marketing,Mumbai,191376
4202,Yashica Nazareth,Kapur LLC,Content Marketing,Bangalore,31150
4203,Rushil Sant,"Loke, Bahl and Sarkar",AI Chatbot Development,Jaipur,22436
4204,Imaran Jain,"Chad, Dalal and Mitra",Email Marketing,Hyderabad,88712
4205,Lipika Toor,Grover-Sagar,Content Marketing,Jaipur,299690
4206,Adya Oza,Vala Group,SEO,Pune,28531
4207,Yashodhara Gill,Vala PLC,Google Ads,Kolkata,69870
4208,Aayush Dara,Bhatia Group,Content Marketing,Hyderabad,164008
4209,Vinaya Yadav,Rout and Sons,Social Media Marketing,Pune,229895
4210,Jeevika Pandit,"Mall, Bath and Raj",Google Ads,Pune,278903
4211,Manya Vaidya,"Ghose, Lall and Dhar",SEO,Ahmedabad,176470
4212,Brijesh Tripathi,Thakur Inc,Email Marketing,Kolkata,83655
4213,Libni Kurian,"Chakrabarti, Shetty and Dutta",Social Media Marketing,Delhi,35355
4214,Faraj Radhakrishnan,"Kanda, Shan and Lata",Website Development,Jaipur,25450
4215,Ekbal Sule,Mahal-Dani,Meta Ads,Delhi,189271
4216,Alka More,Bajwa and Sons,Content Marketing,Bangalore,109229
4217,Gautami Korpal,"Loke, Jain and Hayre",Google Ads,Bangalore,213399
4218,Kevin Choudhry,Muni Group,SEO,Jaipur,156151
4219,Edhitha Morar,Korpal PLC,SEO,Delhi,45167
4220,Kiaan Chopra,Kumer LLC,AI Chatbot Development,Delhi,158268
4221,Krisha Jain,"Kade, Shere and Keer",Social Media Marketing,Ahmedabad,161511
4222,Lipika Sarraf,Sama-Barman,Meta Ads,Mumbai,261536
4223,Niharika Ghosh,Gala-Naidu,Google Ads,Mumbai,187422
4224,Yahvi Samra,Chhabra Ltd,Meta Ads,Ahmedabad,254241
4225,Anay Saxena,Nadkarni Ltd,Google Ads,Bangalore,270571
4226,Anvi Iyengar,"Hans, Seth and Sridhar",Email Marketing,Hyderabad,188774
4227,Avi Vora,Bansal-Butala,Email Marketing,Bangalore,68129
4228,Leena Mittal,"Ratti, Lad and Din",AI Chatbot Development,Hyderabad,63408
4229,Jatin Radhakrishnan,Gokhale-Ranganathan,Social Media Marketing,Bangalore,127946
4230,Chameli Zachariah,Tak-Borra,Google Ads,Delhi,279315
4231,Samuel Buch,Solanki Inc,SEO,Bangalore,26882
4232,Ridhi Peri,"Chandra, Jain and Mangal",Website Development,Kolkata,221882
4233,Chaitaly Koshy,Kalla Ltd,Website Development,Kolkata,74806
4234,Prisha Tiwari,Vaidya Inc,Social Media Marketing,Bangalore,296637
4235,Chaitaly Mital,Puri-Mand,Social Media Marketing,Hyderabad,258038
4236,Yamini Nath,Sekhon Inc,Meta Ads,Delhi,88189
4237,Gagan Tiwari,Lal-Mangal,Website Development,Pune,222152
4238,Nilima Goyal,Pal Inc,Email Marketing,Bangalore,229822
4239,Yashvi Malhotra,Roy-Iyer,Website Development,Delhi,165667
4240,Raghav Shan,Shukla Ltd,Content Marketing,Mumbai,181033
4241,Farhan Mander,Bhattacharyya Ltd,Google Ads,Mumbai,261672
4242,Tristan Korpal,"Garg, Hayre and Dhar",Google Ads,Delhi,146124
4243,Falan Wali,Mital Inc,SEO,Kolkata,118057
4244,Yochana Gokhale,"Oak, Sangha and Nagy",AI Chatbot Development,Jaipur,269687
4245,Raksha Lall,Shankar-Mital,Email Marketing,Pune,159239
4246,Gabriel Sandhu,Saini-Bal,Google Ads,Delhi,205821
4247,Dev Hayer,"Zachariah, Barad and Rai",Content Marketing,Bangalore,98968
4248,Forum Kumer,Palla LLC,Content Marketing,Ahmedabad,286299
4249,Zehaan Subramaniam,Dutt-Soman,Social Media Marketing,Jaipur,251389
4250,Liam Golla,Kota Ltd,AI Chatbot Development,Pune,71282
4251,Amaira Mukhopadhyay,Bhattacharyya-Majumdar,SEO,Ahmedabad,241558
4252,Balveer Varghese,Jayaraman-Sengupta,Website Development,Hyderabad,119326
4253,Ria Kala,Sule-Tandon,Content Marketing,Mumbai,164664
4254,Urmi Karpe,"Batra, Solanki and Narayanan",Email Marketing,Ahmedabad,77244
4255,Ekaraj Batra,"Sanghvi, Badal and Ram",SEO,Bangalore,78239
4256,Oscar Sahni,Bhakta PLC,Website Development,Delhi,47859
4257,Kamya Mittal,Dua-Bora,SEO,Hyderabad,145182
4258,Turvi Kanda,Deep-Mand,Google Ads,Delhi,164420
4259,Tamanna Sabharwal,Shroff Ltd,Website Development,Ahmedabad,225472
4260,Sai Bajwa,Pant-Kaur,Content Marketing,Delhi,135284
4261,Ekbal Dhingra,Sodhi-Saini,AI Chatbot Development,Kolkata,127848
4262,Varenya Contractor,Tara-Maharaj,Meta Ads,Bangalore,202259
4263,Tanmayi Dube,Saini PLC,AI Chatbot Development,Hyderabad,21628
4264,Praneel Sarkar,Lala-Kota,Google Ads,Mumbai,283842
4265,Anita Saha,"Chatterjee, Mallick and Prakash",Email Marketing,Hyderabad,145105
4266,Sathvik Chokshi,"Subramaniam, Mannan and Koshy",Meta Ads,Pune,56414
4267,Bhavya D’Alia,"Chaudhari, Chanda and Pau",Meta Ads,Mumbai,194145
4268,Chanakya Sagar,Saini-Som,Email Marketing,Mumbai,26676
4269,Yauvani Raghavan,Tank-Char,Email Marketing,Ahmedabad,195140
4270,Saanvi Khurana,Sathe and Sons,SEO,Mumbai,158324
4271,Yachana Joshi,Cherian Inc,Google Ads,Mumbai,25103
4272,Janani Halder,"Swamy, Behl and Barman",Social Media Marketing,Kolkata,20527
4273,Charles Viswanathan,Raju and Sons,Email Marketing,Bangalore,267761
4274,Mohammed Kari,"Sankar, Tiwari and Butala",Google Ads,Jaipur,29117
4275,Pranav Randhawa,Dugar LLC,AI Chatbot Development,Bangalore,295392
4276,Ekani Kaur,"Venkataraman, Dutt and Garg",Meta Ads,Mumbai,69235
4277,Leela Kala,"Solanki, Tak and Shroff",Google Ads,Hyderabad,195991
4278,Ranveer Bhatti,Bahri-Kar,Email Marketing,Kolkata,203910
4279,Brinda Thaker,Chandran Ltd,AI Chatbot Development,Kolkata,152926
4280,Darsh Sastry,Lall-Rattan,Social Media Marketing,Kolkata,27109
4281,Irya Balan,Madan-Dubey,Social Media Marketing,Hyderabad,194975
4282,Lopa Ganesh,Khanna-Bala,Email Marketing,Delhi,161524
4283,Zaid Hari,Cheema-Pradhan,SEO,Mumbai,235125
4284,Oeshi Basu,"Swaminathan, Barad and Sodhi",Website Development,Mumbai,207272
4285,Bhavna Ghose,Srinivas and Sons,Email Marketing,Jaipur,148119
4286,Andrew Dhingra,"Arya, Deep and Sethi",Content Marketing,Pune,128164
4287,Amaira Kapoor,Om-Choudhry,Google Ads,Bangalore,218064
4288,Nikita Singhal,"Biswas, Bansal and Parmer",Google Ads,Hyderabad,255546
4289,Oscar Pau,Pandey-Kuruvilla,Meta Ads,Hyderabad,202895
4290,Agastya Sarkar,"Garde, Dyal and Hora",Social Media Marketing,Ahmedabad,238782
4291,Theodore Srinivasan,Kashyap-Rege,AI Chatbot Development,Hyderabad,119914
4292,Praneel Varty,Rai and Sons,SEO,Pune,84467
4293,Osha Seshadri,Kota-Chana,Content Marketing,Kolkata,201926
4294,Yoshita Viswanathan,Om-Thaman,AI Chatbot Development,Delhi,24369
4295,Omkaar Bath,"Iyer, Sami and Narang",Email Marketing,Mumbai,264484
4296,Harshil Agate,Chandra-Hayer,Meta Ads,Hyderabad,105252
4297,Shravya Bala,"Behl, Garg and Ghosh",AI Chatbot Development,Kolkata,171131
4298,Aryan Raghavan,Dhingra-Chacko,Google Ads,Hyderabad,28174
4299,Xiti Grewal,"Prasad, Mistry and Sathe",Email Marketing,Jaipur,133941
4300,Anita Doctor,"Kale, Mangat and Lall",AI Chatbot Development,Delhi,47888
4301,Falguni Srivastava,Kaul-Palla,Email Marketing,Hyderabad,22668
4302,Viraj Rout,Kamdar-Bandi,Content Marketing,Pune,20336
4303,Ekavir Chaudhary,Mitra-Varty,SEO,Hyderabad,92204
4304,Udarsh Mahal,"Bhakta, Rout and Virk",Social Media Marketing,Hyderabad,283189
4305,Madhav Viswanathan,Mall Group,Meta Ads,Delhi,161908
4306,Tanvi Walia,Chacko-Nagi,Meta Ads,Bangalore,246519
4307,George Chawla,Bawa-Raghavan,Google Ads,Hyderabad,134744
4308,Mason Bahl,Soman Ltd,SEO,Kolkata,205929
4309,Krishna Srivastava,Sharaf Group,Website Development,Ahmedabad,241544
4310,Unni Saraf,Dixit-Saraf,Content Marketing,Delhi,156975
4311,Oeshi Raman,Mitra-Bala,AI Chatbot Development,Hyderabad,110860
4312,Neha Chadha,Kalla-Sankaran,Content Marketing,Pune,92968
4313,Umang Kale,Bhattacharyya-Borde,Website Development,Hyderabad,91141
4314,Lekha Raju,"Rajan, Manda and Merchant",Content Marketing,Bangalore,177843
4315,Jasmit Dhar,Sahni Ltd,AI Chatbot Development,Delhi,175888
4316,Balveer Narang,"Kulkarni, Naik and Dara",Email Marketing,Mumbai,217114
4317,Hardik Bail,Krishnamurthy PLC,Content Marketing,Delhi,92671
4318,Chandran Khatri,"Chopra, Saini and Wadhwa",Email Marketing,Pune,284144
4319,Lajita Deshpande,Prabhu Ltd,Social Media Marketing,Kolkata,205699
4320,Urmi Hegde,"Dhawan, Hora and Bhat",Content Marketing,Kolkata,240466
4321,Yashodhara Bedi,Date PLC,Content Marketing,Kolkata,34508
4322,Manan Kalita,"Panchal, Shroff and Bir",SEO,Ahmedabad,66362
4323,Ati Kara,"Uppal, Bhavsar and Sur",Meta Ads,Hyderabad,147216
4324,Krishna Barad,Prabhakar-Saraf,Social Media Marketing,Mumbai,173796
4325,Triya Taneja,Kunda-Upadhyay,SEO,Ahmedabad,86026
4326,Warhi Bose,"Kota, Kuruvilla and Kunda",Content Marketing,Jaipur,262644
4327,Rushil Gour,Iyengar-Dugal,Email Marketing,Jaipur,64385
4328,Guneet Lanka,Bobal and Sons,SEO,Hyderabad,76124
4329,Yuvraj Patla,Kade and Sons,Social Media Marketing,Delhi,172345
4330,Harrison Doctor,Barad-Oak,Email Marketing,Pune,51910
4331,Ubika Prabhu,"Kashyap, Bhasin and Joshi",Google Ads,Jaipur,127512
4332,Naksh Vig,Bala Inc,Meta Ads,Kolkata,91514
4333,Rajata Ramaswamy,"Chakrabarti, Cheema and Chandran",Website Development,Mumbai,177754
4334,Chandran Parikh,"Wason, Batta and Sangha",AI Chatbot Development,Jaipur,274256
4335,Turvi Dua,Kothari and Sons,Website Development,Delhi,55201
4336,Triveni Atwal,Mangat Inc,SEO,Mumbai,83456
4337,Vedika Lalla,Gaba and Sons,Google Ads,Bangalore,127108
4338,Sai Sarraf,"Prabhu, Varughese and Thaman",Google Ads,Kolkata,32927
4339,Nimrat Bawa,Khanna Inc,Email Marketing,Ahmedabad,49178
4340,Gopal Dua,"Ganesh, Ghosh and Krishnamurthy",Google Ads,Hyderabad,232104
4341,Pratyush Wali,Padmanabhan-Mohanty,Email Marketing,Mumbai,143169
4342,Warjas Shan,Bhakta-Sama,AI Chatbot Development,Kolkata,84590
4343,Chakrika Aurora,Sibal-Seshadri,Content Marketing,Mumbai,31354
4344,Ronith Nori,Sen Ltd,Meta Ads,Mumbai,146186
4345,Gunbir Dutt,Pradhan-Kalla,Meta Ads,Bangalore,269644
4346,Mitali Thakkar,"Kamdar, Bora and Golla",Email Marketing,Hyderabad,171754
4347,Ethan Sharaf,"Bath, Sarkar and Sant",Google Ads,Kolkata,212591
4348,Anirudh Chowdhury,Bawa-Murthy,AI Chatbot Development,Ahmedabad,222281
4349,Tamanna Sawhney,"Kaul, Ghosh and Chander",Google Ads,Kolkata,238573
4350,Kashish Bhandari,Mahajan LLC,Content Marketing,Mumbai,34664
4351,Charvi Narayan,Dutta LLC,AI Chatbot Development,Kolkata,82980
4352,Pallavi Borde,Joshi-Luthra,Content Marketing,Jaipur,178734
4353,Tanish Narasimhan,Dara Ltd,SEO,Kolkata,42351
4354,Adya Kohli,"Saha, Pradhan and Bedi",Social Media Marketing,Mumbai,265318
4355,Dalbir Oza,Shankar Group,Email Marketing,Hyderabad,24781
4356,Anay Rai,Sama and Sons,Meta Ads,Pune,282478
4357,Chatura Sundaram,Sodhi-Talwar,Website Development,Pune,295280
4358,Indrajit Gour,Deshpande-Vaidya,Content Marketing,Delhi,111486
4359,Jack Doshi,Buch-Bumb,Meta Ads,Pune,197886
4360,Irya Bail,Mander Group,Email Marketing,Mumbai,165930
4361,Raagini Bedi,"Vasa, Saran and Parsa",AI Chatbot Development,Ahmedabad,55761
4362,Yahvi Sankar,Yadav-Prabhakar,Email Marketing,Ahmedabad,267334
4363,Thomas Sidhu,"Basu, Sunder and Chaudry",Meta Ads,Hyderabad,87854
4364,Ira Tailor,Bath-Mohanty,Social Media Marketing,Pune,231693
4365,Rehaan Saha,Anand Ltd,Google Ads,Jaipur,35477
4366,Damyanti Yogi,Kaul PLC,Meta Ads,Bangalore,70614
4367,Chaaya Prabhu,Dasgupta Ltd,Google Ads,Kolkata,269777
4368,Ishanvi Devi,Wason-Guha,Social Media Marketing,Bangalore,144055
4369,Zansi Saran,Johal-Merchant,Google Ads,Mumbai,221370
4370,Jagrati Virk,Sabharwal Ltd,Content Marketing,Delhi,52467
4371,Leela Kaul,Khare-Chopra,AI Chatbot Development,Delhi,39617
4372,Warjas Palan,Dash and Sons,Google Ads,Kolkata,216252
4373,Matthew Patil,Goswami-Sachdev,SEO,Mumbai,188379
4374,Liam Prashad,"Dara, Chand and Toor",Google Ads,Kolkata,217986
4375,Suhani Anne,Swaminathan Inc,Meta Ads,Bangalore,122612
4376,Garima Kade,Agate-Kaur,AI Chatbot Development,Kolkata,249383
4377,Deepa Sankar,Anne-Balan,AI Chatbot Development,Bangalore,125482
4378,Vyanjana Dara,"Mahajan, Sengupta and Bala",Meta Ads,Ahmedabad,297101
4379,Fiyaz Kadakia,Char PLC,Website Development,Delhi,32710
4380,Nitesh Kara,Jaggi Ltd,Google Ads,Bangalore,37426
4381,Jatin Misra,Handa LLC,Meta Ads,Jaipur,208513
4382,Ekalinga Guha,Palla-Thakur,Content Marketing,Delhi,198630
4383,Alexander Parekh,"Morar, Jhaveri and Bakshi",Meta Ads,Kolkata,119686
4384,Oscar More,Sood PLC,Website Development,Kolkata,282589
4385,Hiral Munshi,"Nadig, Mammen and Ganesh",Social Media Marketing,Pune,92285
4386,Vasana Mital,Behl-Warrior,Google Ads,Kolkata,244139
4387,Advik Palla,Zacharia-Kota,Content Marketing,Delhi,60969
4388,Yachana Swamy,"Karnik, Butala and Sinha",Meta Ads,Hyderabad,72907
4389,Yashodhara Pant,"Venkatesh, Bansal and Khalsa",Google Ads,Kolkata,140886
4390,Udant Konda,Bora-Chanda,SEO,Pune,31818
4391,Gautam Ramakrishnan,"Jain, Shere and Varty",Website Development,Hyderabad,151796
4392,Ishita Agrawal,Agrawal-Mani,Content Marketing,Pune,55626
4393,Pooja Sodhi,Mand PLC,Meta Ads,Hyderabad,59204
4394,Jack Rai,Samra-Krish,Website Development,Hyderabad,229306
4395,Nathan Anand,Natarajan-Saraf,SEO,Delhi,266928
4396,Ishwar Basu,"Agarwal, Dube and Boase",AI Chatbot Development,Jaipur,36921
4397,Zaitra Dayal,"Sarkar, Garg and Bandi",Social Media Marketing,Ahmedabad,156776
4398,Alka Kant,Mallick-Narula,Website Development,Pune,51138
4399,Ishita Bakshi,Manda-Nanda,Meta Ads,Bangalore,192810
4400,Ryan Hegde,Doshi-Badal,SEO,Bangalore,278765
4401,Osha Sanghvi,"Sharaf, Parmar and Bala",Google Ads,Jaipur,201322
4402,Neelima Mani,"Talwar, Narain and Sarkar",Google Ads,Ahmedabad,62254
4403,Udarsh Bobal,"Parmer, Dutt and Nagar",Email Marketing,Mumbai,161824
4404,Darpan Saraf,Ramanathan Group,SEO,Delhi,38664
4405,Nathan Kibe,"Char, Mishra and Rout",Email Marketing,Bangalore,203635
4406,Inaya Deo,"Kunda, Bhattacharyya and Deshmukh",Content Marketing,Kolkata,179078
4407,Arya Borra,"Anand, Nayar and Hayre",Website Development,Jaipur,49022
4408,Gauri Jani,Barad Group,SEO,Bangalore,218908
4409,Ranveer Sule,Gala-Date,SEO,Kolkata,47336
4410,Shravya Bhargava,Tank Group,Content Marketing,Ahmedabad,85660
4411,Warinder Chad,Srinivasan-Borra,Content Marketing,Ahmedabad,92231
4412,Yamini Barad,Shroff Inc,Google Ads,Kolkata,81862
4413,Lakshit Sant,"Vaidya, Kashyap and Datta",Social Media Marketing,Pune,121526
4414,Nicholas Seshadri,Viswanathan LLC,Social Media Marketing,Ahmedabad,50368
4415,Rudra Brar,Mohan PLC,Website Development,Bangalore,68229
4416,Isaac Devan,"Chokshi, Bail and Khare",SEO,Bangalore,236565
4417,Omaja Brar,Sawhney Inc,SEO,Jaipur,151031
4418,Diya Bal,"Mody, Bedi and Vora",SEO,Delhi,49703
4419,Ayush Sidhu,Soman and Sons,Meta Ads,Kolkata,114682
4420,Lekha Sachar,Peri-Grewal,AI Chatbot Development,Jaipur,184692
4421,Finn Khalsa,Ahuja-Basak,Social Media Marketing,Bangalore,173308
4422,Warjas Solanki,"Nagarajan, Warrior and Arya",Meta Ads,Ahmedabad,270977
4423,Balendra Kata,"Tripathi, Parikh and Brar",Google Ads,Delhi,60044
4424,Anthony Ghose,Nigam Ltd,AI Chatbot Development,Bangalore,279485
4425,Radha Ramesh,Mallick PLC,Social Media Marketing,Bangalore,252543
4426,Abha Cherian,"Barman, Dara and Ravel",AI Chatbot Development,Pune,173450
4427,Chaitanya Peri,"Gupta, Bhandari and Sami",Website Development,Hyderabad,187173
4428,Charvi Kar,Kala-Chandra,Google Ads,Jaipur,201736
4429,Udarsh Korpal,Mangat-Kalita,Content Marketing,Kolkata,166687
4430,Anmol Krishna,Chacko-Patla,Google Ads,Bangalore,91896
4431,Harrison Sengupta,Deshpande-Sawhney,Website Development,Hyderabad,130503
4432,Azad Salvi,"Talwar, Ranganathan and Rajagopal",Google Ads,Pune,94428
4433,Rohan Karpe,Sehgal Inc,SEO,Bangalore,250832
4434,Ekbal Wagle,"Bala, Verma and Hora",Email Marketing,Delhi,31161
4435,Ekta Salvi,Sehgal and Sons,Email Marketing,Jaipur,161714
4436,Urmi Dani,Lalla-Luthra,AI Chatbot Development,Ahmedabad,177502
4437,Chanchal Arora,Mody PLC,Google Ads,Jaipur,166324
4438,Raghav Palla,"Saha, Mahajan and Raval",Content Marketing,Kolkata,29882
4439,Prisha Sama,Shah Inc,Content Marketing,Ahmedabad,252794
4440,Xavier Mohan,Savant-Sani,SEO,Bangalore,127861
4441,Krishna Hans,Chadha Inc,Content Marketing,Mumbai,246012
4442,Abeer Pai,"Naidu, Om and Narula",SEO,Hyderabad,36413
4443,Victor Chander,Krishna and Sons,Social Media Marketing,Jaipur,196275
4444,Ekaraj Bhattacharyya,Kumer Inc,AI Chatbot Development,Bangalore,34336
4445,Aadi Panchal,Peri Ltd,Social Media Marketing,Ahmedabad,244158
4446,Hamsini Viswanathan,"Bahri, Sahni and Kapadia",SEO,Delhi,223481
4447,Wishi Ram,"Bajaj, Lall and Sarin",AI Chatbot Development,Kolkata,242211
4448,Joshua Ben,Golla Inc,AI Chatbot Development,Mumbai,219906
4449,Deepa Ratta,Halder LLC,Email Marketing,Bangalore,89139
4450,Praneel Jani,"Chaudhuri, Khosla and Chhabra",SEO,Hyderabad,163860
4451,Ethan Dara,"Subramaniam, Raghavan and Handa",Google Ads,Bangalore,175097
4452,Megha Chopra,Goel-Bahl,Social Media Marketing,Ahmedabad,40240
4453,Chanchal Sule,"Nagy, Halder and Bhat",AI Chatbot Development,Pune,160901
4454,Adweta Ganesh,Sekhon-Kunda,AI Chatbot Development,Jaipur,85172
4455,Manthan Sabharwal,Mukherjee Ltd,AI Chatbot Development,Pune,158683
4456,Alexander Ramesh,Bhatti-Bajaj,Meta Ads,Kolkata,262600
4457,Om Johal,"Bahl, Chawla and Sankaran",SEO,Kolkata,24650
4458,Shravya Dada,Varty PLC,Email Marketing,Jaipur,208074
4459,Gayathri Baria,Nori and Sons,Email Marketing,Bangalore,234229
4460,Nidhi Bhatnagar,"Sandhu, Roy and Vig",SEO,Delhi,164937
4461,Krisha Venkataraman,Rajan Ltd,Social Media Marketing,Delhi,250917
4462,Daksh Anand,Kapadia-Saran,Meta Ads,Hyderabad,164779
4463,Ubika Kari,Dhingra-Behl,AI Chatbot Development,Kolkata,86701
4464,Gopal Padmanabhan,Bhatt and Sons,Website Development,Mumbai,97018
4465,Faraj Gala,"Chandra, Chowdhury and Hora",SEO,Bangalore,80002
4466,Rajeshri Narula,Yohannan-Badal,SEO,Mumbai,285666
4467,Warda Sodhi,Baria PLC,Email Marketing,Pune,41996
4468,Oscar Raghavan,"Sarin, Chanda and Dube",Website Development,Jaipur,155819
4469,Ubika Shanker,"Goel, Bal and Bassi",AI Chatbot Development,Jaipur,205249
4470,Ansh Rama,Baral-Lala,SEO,Bangalore,203359
4471,Gaurav Bhatt,Narang and Sons,Google Ads,Delhi,285781
4472,Netra Sathe,Jha and Sons,Email Marketing,Delhi,287929
4473,Urvi Lad,Din LLC,Google Ads,Bangalore,126976
4474,Dayamai Mahal,Bhavsar-Bhatti,Social Media Marketing,Pune,238087
4475,Dhriti Khurana,"Gala, Dada and Shah",Google Ads,Ahmedabad,168417
4476,Isha Dalal,Ramachandran LLC,Meta Ads,Jaipur,191201
4477,Kashish Dada,Khalsa-Kumer,Social Media Marketing,Pune,233981
4478,Andrew Gole,"Soni, Goel and Malhotra",Social Media Marketing,Kolkata,174173
4479,Advay Dutta,"Shanker, Banerjee and Palan",SEO,Mumbai,213096
4480,Ishanvi Dash,"Dhaliwal, De and Muni",SEO,Hyderabad,98676
4481,Robert Kant,Bhagat-Setty,SEO,Delhi,130876
4482,Nathaniel Acharya,Shere LLC,Social Media Marketing,Pune,132653
4483,Rachit Dalal,Mammen-Dugar,Content Marketing,Jaipur,98682
4484,Krish Sekhon,Gulati and Sons,Content Marketing,Delhi,60533
4485,Jairaj Maharaj,"Babu, Ganesan and Ravi",Website Development,Ahmedabad,83565
4486,Lohit Mangal,"Kamdar, Baria and Dara",SEO,Kolkata,294961
4487,Tanay Pau,"Bala, Bobal and Khare",Email Marketing,Pune,161129
4488,Lakshit Parmer,"Rattan, Ghose and Menon",Website Development,Hyderabad,147941
4489,Rajeshri Cheema,Iyengar PLC,Social Media Marketing,Bangalore,209773
4490,Xalak Minhas,"Grewal, Prakash and Saran",Website Development,Kolkata,185054
4491,Vedika Singhal,Rege-Shankar,Google Ads,Bangalore,253312
4492,Kamala Gole,"Khanna, Lalla and Kannan",Content Marketing,Pune,61780
4493,Madhav Chander,Kalla-Hayre,Social Media Marketing,Delhi,209947
4494,Darpan Taneja,Banerjee Inc,Email Marketing,Bangalore,255388
4495,Viraj Borde,Sem-Bhargava,Content Marketing,Bangalore,85683
4496,Ekta Sule,Pant LLC,Website Development,Ahmedabad,92425
4497,Jagvi Rattan,"Grewal, Vohra and Karnik",AI Chatbot Development,Hyderabad,199081
4498,Vasatika Mohanty,Datta-Gulati,Social Media Marketing,Delhi,62732
4499,Raghav Ghose,Upadhyay-Balan,Content Marketing,Ahmedabad,284779
4500,Tanvi Prasad,Hora Ltd,Meta Ads,Kolkata,123863
4501,Eta Gaba,"Dhaliwal, Chawla and Palla",Meta Ads,Kolkata,28132
4502,Gaurangi Varma,Varkey and Sons,Meta Ads,Delhi,239480
4503,Chandresh Seth,Shetty Group,AI Chatbot Development,Kolkata,72950
4504,Chaitaly Raj,Som-Hegde,Meta Ads,Jaipur,246188
4505,Shravya Menon,Batta-Kannan,SEO,Mumbai,58280
4506,Siya Sheth,Tara LLC,Meta Ads,Ahmedabad,241437
4507,Ekta Parekh,Srinivas Inc,Social Media Marketing,Mumbai,230930
4508,Ranbir Sarraf,Batta-Vohra,Website Development,Hyderabad,82405
4509,Yuvraj Bali,"Munshi, Subramaniam and Sheth",Social Media Marketing,Pune,76503
4510,Warinder Deshpande,"Vala, Sharma and Mall",SEO,Delhi,206100
4511,Nitesh Maharaj,Sura Ltd,Email Marketing,Ahmedabad,255800
4512,Aashi Pant,Pradhan-Mishra,Content Marketing,Hyderabad,270140
4513,Rajata Kale,"Sem, Misra and Saran",Meta Ads,Mumbai,287058
4514,Kala Bakshi,"Dayal, Natarajan and Dugar",Google Ads,Mumbai,24080
4515,Kiaan Pandya,Nair Inc,Social Media Marketing,Kolkata,218901
4516,Ayushman Bora,Tara Group,Social Media Marketing,Kolkata,112653
4517,Wazir Patil,Warrior LLC,AI Chatbot Development,Delhi,141772
4518,Aishani Chada,Batra-Brar,AI Chatbot Development,Kolkata,198843
4519,Meera Pau,"Sunder, Bhandari and Mane",SEO,Ahmedabad,169556
4520,Lajita Acharya,Pingle-Dugar,Social Media Marketing,Ahmedabad,187026
4521,Dalaja Gupta,Gole-Dugal,Meta Ads,Mumbai,41985
4522,Hemal Nair,"Sundaram, Kapadia and Chawla",Website Development,Ahmedabad,292176
4523,Yamini Jaggi,Krishnamurthy and Sons,AI Chatbot Development,Pune,72149
4524,Omisha Wable,"Mand, Ganesan and Baria",Social Media Marketing,Hyderabad,106818
4525,Arjun Natarajan,Cheema and Sons,Google Ads,Hyderabad,163575
4526,Advik Randhawa,"Bansal, Venkataraman and Mangat",Email Marketing,Kolkata,137248
4527,Nilima Dhar,Raman Group,Meta Ads,Hyderabad,156015
4528,Vasatika Sunder,Shankar-Srinivasan,Google Ads,Bangalore,166081
4529,Gaurav Solanki,"Varty, Deshmukh and Majumdar",Meta Ads,Delhi,128445
4530,Rushil Barad,Batta-Kala,Meta Ads,Jaipur,40837
4531,Hemal Seth,Ramakrishnan-Date,Website Development,Jaipur,276044
4532,Oscar Gola,Sabharwal Group,SEO,Pune,126504
4533,Kiaan Koshy,Nagy LLC,AI Chatbot Development,Ahmedabad,253216
4534,Arjun Kibe,Murty-Parmer,Meta Ads,Kolkata,174634
4535,Nicholas Issac,Kohli-Sarkar,Google Ads,Delhi,252996
4536,Kashvi Mistry,Sharaf-Patla,Content Marketing,Kolkata,157917
4537,Elijah Gopal,Singh LLC,Google Ads,Mumbai,165989
4538,Jairaj Taneja,Arya Group,Google Ads,Pune,61453
4539,Aarush Chakraborty,Din Inc,Website Development,Delhi,191502
4540,Matthew Pradhan,Batta and Sons,Meta Ads,Pune,164760
4541,Jagat Pillai,"Mody, Anand and Kade",Email Marketing,Delhi,185051
4542,Gaurang Joshi,Madan Inc,SEO,Ahmedabad,72658
4543,Robert Ganesan,Thakur-Kunda,Social Media Marketing,Bangalore,38683
4544,Nidra Rama,"Barad, Chhabra and Upadhyay",SEO,Bangalore,91761
4545,Oeshi Khare,"Chaudhry, Sanghvi and Ben",Content Marketing,Bangalore,122591
4546,Yahvi Walia,Basak Group,AI Chatbot Development,Kolkata,99394
4547,Vincent Sur,"Shere, Srinivasan and Bahl",Email Marketing,Mumbai,280427
4548,Vedhika Varkey,"Dubey, Prabhu and Rau",AI Chatbot Development,Mumbai,124109
4549,Advay Varty,Tata Inc,Google Ads,Bangalore,21676
4550,Ansh Balakrishnan,Deep Ltd,Content Marketing,Delhi,277263
4551,Aashi Chowdhury,"Ghose, Bhavsar and Srinivas",Website Development,Mumbai,40349
4552,Priya Sehgal,Bath Group,Content Marketing,Hyderabad,219381
4553,Vamakshi Kohli,"Taneja, Jha and Gola",Website Development,Pune,273877
4554,Aarini Choudhary,Bakshi PLC,Meta Ads,Hyderabad,141578
4555,Akshay Patel,"Jani, Ramesh and Chandran",AI Chatbot Development,Kolkata,277017
4556,Chanakya Sehgal,Yohannan PLC,Content Marketing,Pune,272161
4557,Tarak Deo,Saxena LLC,AI Chatbot Development,Delhi,134782
4558,Sudiksha Sarraf,Kade-Sunder,Google Ads,Hyderabad,239988
4559,Bhavini Kapur,Kaul-Mohanty,Email Marketing,Pune,149706
4560,Balveer Choudhary,Bal-Garde,Content Marketing,Delhi,112376
4561,Mekhala Chakraborty,"Lala, Naidu and Gopal",Email Marketing,Pune,79525
4562,Abha Hayre,Sridhar and Sons,Social Media Marketing,Ahmedabad,87139
4563,Jonathan Shanker,"Natarajan, Chaudhari and Din",Email Marketing,Kolkata,236008
4564,Bishakha Bora,Sachdev-Ramachandran,Website Development,Jaipur,172531
4565,Lipika Gopal,Upadhyay Ltd,AI Chatbot Development,Bangalore,234436
4566,Raksha Bassi,Grewal-Kala,SEO,Pune,157156
4567,Agastya Ravi,Swaminathan-Issac,Social Media Marketing,Ahmedabad,225194
4568,Charvi Mohan,"Sami, Kant and Sekhon",Email Marketing,Ahmedabad,229022
4569,Yashoda Choudhry,Ram and Sons,AI Chatbot Development,Jaipur,160675
4570,Hamsini Basu,Datta-Desai,Email Marketing,Bangalore,198174
4571,Jyoti Gera,Ratta-Choudhury,SEO,Hyderabad,254690
4572,Ethan Mital,Doshi and Sons,Content Marketing,Bangalore,107312
4573,Yagnesh Raval,Bhatnagar and Sons,Website Development,Delhi,192849
4574,Rajeshri Golla,"Ramanathan, Jaggi and Aggarwal",Meta Ads,Jaipur,31071
4575,Azad Kumer,Kapoor-Doctor,Content Marketing,Delhi,194738
4576,Orinder Brahmbhatt,"Sen, Varkey and Bhagat",Social Media Marketing,Delhi,45802
4577,Jackson Luthra,"Srivastava, Das and Bhat",Website Development,Pune,124039
4578,Yuvraj Contractor,"Master, Thaker and Bala",Meta Ads,Ahmedabad,140237
4579,Vedika Agarwal,"Suri, Sehgal and Zachariah",AI Chatbot Development,Mumbai,216020
4580,Ucchal Bhagat,"Mani, Gala and Mitter",Social Media Marketing,Ahmedabad,133044
4581,Reva Sha,Venkataraman and Sons,Website Development,Jaipur,38913
4582,Frederick Pandey,"Warrior, Pradhan and Raj",SEO,Delhi,282930
4583,Om Nath,Butala Inc,Content Marketing,Kolkata,42169
4584,Eesha Sampath,"Sandhu, Goda and Dube",Meta Ads,Hyderabad,178055
4585,Divya Hayre,"Venkataraman, Khurana and Rege",SEO,Bangalore,149661
4586,Urishilla Ganesh,Warrior and Sons,SEO,Hyderabad,84824
4587,Dayita Thaker,Keer LLC,Content Marketing,Ahmedabad,88783
4588,Qadim Bhatia,"Dyal, Balan and Venkataraman",AI Chatbot Development,Delhi,60122
4589,Xiti Hayre,"Chandran, Sharma and Mann",Google Ads,Ahmedabad,30566
4590,Pushti Suri,Ramakrishnan PLC,SEO,Mumbai,70099
4591,Omaja Kade,Thaman-Golla,Content Marketing,Bangalore,183677
4592,Barkha Dutt,Mangal-Chanda,Social Media Marketing,Ahmedabad,288621
4593,Bhanumati Kara,Bali Group,SEO,Hyderabad,163680
4594,Yadavi Brar,"Master, Kunda and Chawla",Email Marketing,Bangalore,72260
4595,Osha Yogi,Bahl Group,AI Chatbot Development,Kolkata,217436
4596,Zayyan Bose,Brahmbhatt-Raval,AI Chatbot Development,Ahmedabad,68791
4597,Forum Sood,Kala PLC,Website Development,Ahmedabad,166044
4598,Falguni Tiwari,Om-Dugal,Email Marketing,Hyderabad,299552
4599,Tanveer Kaur,Pandya Ltd,Website Development,Ahmedabad,29024
4600,Keya Sampath,"Joshi, Menon and Babu",Email Marketing,Ahmedabad,215421
4601,Geetika Wason,Dhawan LLC,Google Ads,Kolkata,137472
4602,Harini Narayan,Ganesh Ltd,SEO,Ahmedabad,141695
4603,Balveer Joshi,"Karpe, Choudhry and Batta",Email Marketing,Pune,269983
4604,Lucky Luthra,Sachdeva and Sons,Google Ads,Hyderabad,194291
4605,Ishani Mannan,Hayer-Varkey,Meta Ads,Delhi,70011
4606,Aradhana Dugar,Singhal-Bahl,Meta Ads,Bangalore,276802
4607,Lakshmi Roy,"Dutta, Tank and Ramesh",Website Development,Delhi,94097
4608,Ranbir Kant,Bava-Khosla,Content Marketing,Kolkata,294415
4609,Ucchal Swaminathan,"Dave, Chakraborty and Padmanabhan",Website Development,Jaipur,278693
4610,Dalaja Edwin,Sharaf PLC,AI Chatbot Development,Ahmedabad,183292
4611,Ishani Datta,Kadakia-Zachariah,Social Media Marketing,Mumbai,39141
4612,Vedant Morar,Grewal Group,Social Media Marketing,Ahmedabad,22921
4613,Ubika Sibal,"Bains, Raghavan and Issac",AI Chatbot Development,Bangalore,276233
4614,Warjas Kari,Patil Inc,Email Marketing,Pune,143595
4615,Nicholas Sahota,Saxena Ltd,Social Media Marketing,Kolkata,273229
4616,Chaman Chandran,Mitra Group,Google Ads,Delhi,243190
4617,Vihaan Gupta,Vora-Sama,Google Ads,Ahmedabad,86732
4618,Mahika Oommen,Mitter LLC,SEO,Mumbai,292597
4619,Parth Tara,Andra Inc,Google Ads,Mumbai,123477
4620,Advaith Bava,"Swaminathan, Pai and Mallick",Email Marketing,Delhi,40479
4621,Divya Bera,Doshi and Sons,Content Marketing,Kolkata,109507
4622,Yahvi Kara,Bail and Sons,Email Marketing,Mumbai,239229
4623,Anita Ravel,Khanna LLC,Content Marketing,Jaipur,175583
4624,Akshay Bawa,Palan Inc,Google Ads,Ahmedabad,174257
4625,Harrison Thakur,Golla PLC,AI Chatbot Development,Pune,214842
4626,Pratyush Khalsa,Kibe Ltd,Meta Ads,Mumbai,172146
4627,Samar Rama,"Tata, Ratta and Deep",Website Development,Pune,292304
4628,Anamika Prashad,Buch LLC,AI Chatbot Development,Kolkata,262682
4629,Daksha Chana,Dara PLC,Website Development,Pune,90956
4630,Nicholas Natt,Gola-Bajaj,Meta Ads,Kolkata,25149
4631,Dev Sabharwal,Solanki LLC,Social Media Marketing,Ahmedabad,113965
4632,Elijah Prashad,Narasimhan-Banik,Meta Ads,Kolkata,55152
4633,Ekiya Kala,Iyer-Mangat,SEO,Hyderabad,118395
4634,Nathan Pandit,Iyer-Sarma,Website Development,Delhi,260435
4635,Dev Kamdar,Pant Ltd,Social Media Marketing,Delhi,52038
4636,Rohan Sankar,Jha PLC,Email Marketing,Mumbai,55007
4637,Teerth Lall,Mistry PLC,Social Media Marketing,Bangalore,200857
4638,Harshil Sahni,"Dyal, Kamdar and Bandi",SEO,Bangalore,163959
4639,Gabriel Kumer,Virk and Sons,AI Chatbot Development,Ahmedabad,180301
4640,Dakshesh Naik,Hegde-Minhas,Social Media Marketing,Ahmedabad,153562
4641,Imaran Chander,Bhatia Inc,Website Development,Delhi,99912
4642,Tamanna Vala,Mittal-Kakar,Google Ads,Bangalore,166793
4643,Wakeeta Wagle,"Pandya, Patil and Kannan",Meta Ads,Hyderabad,73646
4644,Kavya Varty,Sarna Group,Meta Ads,Ahmedabad,193099
4645,Tarak Hora,Madan and Sons,AI Chatbot Development,Kolkata,129736
4646,Tanvi Sheth,"Patla, Buch and Balan",Meta Ads,Jaipur,141546
4647,Warjas Saxena,Dube Ltd,Website Development,Delhi,96803
4648,Falak Sem,Borah-Krish,Meta Ads,Mumbai,269280
4649,Rayaan Dash,Swamy and Sons,SEO,Pune,60783
4650,Fariq Sankaran,"Tandon, Nanda and Karpe",SEO,Mumbai,288280
4651,Yuvraj Batta,Arora-Bhatti,Email Marketing,Ahmedabad,267300
4652,Kabir Kamdar,"Thakkar, Mukhopadhyay and Loke",Social Media Marketing,Hyderabad,282340
4653,Dayita Nanda,Sen and Sons,Google Ads,Bangalore,226174
4654,Dakshesh Goda,Dhar-Sagar,Content Marketing,Ahmedabad,268763
4655,Pranit Murthy,Banik-Jain,Social Media Marketing,Hyderabad,293670
4656,Kevin Doshi,"Manda, Manda and Mohan",Social Media Marketing,Delhi,132144
4657,Saanvi Dave,"Lalla, Varma and Buch",Meta Ads,Hyderabad,94912
4658,Neelima Dhar,"Mishra, Wadhwa and Raju",Content Marketing,Kolkata,276950
4659,Laksh Bhargava,Apte PLC,AI Chatbot Development,Delhi,248282
4660,Yoshita Vora,Hayer-Edwin,Social Media Marketing,Mumbai,33262
4661,Ira Mutti,Datta-Ghose,Social Media Marketing,Kolkata,201399
4662,Chasmum Kale,"Nigam, Kibe and Mand",Content Marketing,Bangalore,120130
4663,Yashvi Bahri,"Memon, Deo and Morar",Content Marketing,Pune,113850
4664,Arjun Sidhu,Bhandari LLC,SEO,Bangalore,251777
4665,Riya Anand,"Parmer, Walia and De",Social Media Marketing,Bangalore,22943
4666,Yasti Sharma,Brahmbhatt-Goyal,AI Chatbot Development,Pune,69339
4667,Aadhya Raval,Tiwari-Bora,Social Media Marketing,Hyderabad,283608
4668,Avni Murthy,Bahri-Bora,SEO,Hyderabad,37578
4669,Ekiya Seth,Sanghvi Group,AI Chatbot Development,Kolkata,228820
4670,Indira Ghosh,Banerjee PLC,SEO,Hyderabad,163746
4671,Neelima Barad,Dora LLC,SEO,Jaipur,266839
4672,Sudiksha Sastry,Krishnan-Puri,Email Marketing,Kolkata,111106
4673,Krishna Mani,"Sule, Sani and Pandya",Email Marketing,Delhi,40024
4674,Samarth Hayre,Kala-Desai,Social Media Marketing,Jaipur,100316
4675,Mitesh Menon,Savant PLC,Meta Ads,Mumbai,63423
4676,Vamakshi Srinivas,"Sani, Cherian and Kibe",Content Marketing,Delhi,49385
4677,Ojas Nagar,Konda-Kota,Email Marketing,Jaipur,184750
4678,Suhani Solanki,"Bedi, Manda and Bhatti",Google Ads,Hyderabad,121807
4679,Ronith Pall,Biswas and Sons,SEO,Pune,185926
4680,Manya Mand,"Balakrishnan, Morar and Hari",Meta Ads,Pune,290711
4681,Jason Dhawan,Sachar-Bera,SEO,Ahmedabad,238302
4682,Henry Bhat,Mand-Rastogi,SEO,Delhi,121156
4683,Zehaan Rai,Dalal and Sons,Meta Ads,Hyderabad,64023
4684,Harini Varughese,Seshadri-Gupta,Meta Ads,Kolkata,43335
4685,Vasudha Savant,Rana-Sanghvi,AI Chatbot Development,Bangalore,285009
4686,Avi Chhabra,Prashad PLC,Content Marketing,Mumbai,21690
4687,Orinder Sarin,Taneja-Seshadri,AI Chatbot Development,Hyderabad,203859
4688,Mitali Khare,Parmer PLC,Google Ads,Pune,264450
4689,Charan Balasubramanian,"Lad, Zacharia and Palla",Google Ads,Kolkata,66222
4690,Upasna D’Alia,"Bala, Garde and Ratta",Google Ads,Delhi,115683
4691,Triya Borra,Modi Group,Google Ads,Mumbai,186462
4692,Urvi Kohli,Dar-Sarraf,SEO,Mumbai,25472
4693,Zashil Mand,Das-Rajagopal,Website Development,Pune,261355
4694,Aachal Dash,"Devan, Kumer and Pai",Google Ads,Bangalore,181366
4695,Abha Manne,"Varma, Dhawan and Kumar",Website Development,Mumbai,182784
4696,Unni Iyengar,Sandal-Dugar,SEO,Ahmedabad,170510
4697,Yashoda Sane,Sarraf PLC,Meta Ads,Hyderabad,93623
4698,Nikita Comar,Nayar LLC,Social Media Marketing,Ahmedabad,138468
4699,Krisha Varma,Rana-Gola,Website Development,Hyderabad,124451
4700,Tejas Bora,"Vasa, Nanda and Varma",Meta Ads,Hyderabad,155976
4701,Mekhala Narasimhan,Handa-Lanka,Email Marketing,Hyderabad,68450
4702,Leela Nagy,"Karpe, Seshadri and Ben",Email Marketing,Pune,210638
4703,Logan Kade,Sankaran Group,Social Media Marketing,Kolkata,109377
4704,Ryan Ganesan,"Gour, Raman and Jain",SEO,Ahmedabad,101633
4705,Widisha Pal,"Choudhary, Yogi and Sharma",Website Development,Ahmedabad,201886
4706,Irya Rana,Kaul Inc,AI Chatbot Development,Bangalore,199401
4707,Kala Bakshi,Dara-Sem,AI Chatbot Development,Delhi,289102
4708,Qarin Mani,Manda-Dar,Website Development,Hyderabad,134428
4709,Tanvi Biswas,Grover Group,Email Marketing,Hyderabad,36487
4710,Vansha Nanda,Chander Inc,Google Ads,Mumbai,269146
4711,Bahadurjit Bhatti,Choudhury LLC,Meta Ads,Kolkata,189340
4712,Mitali Singh,Shere-Sabharwal,Social Media Marketing,Ahmedabad,37747
4713,Lakshit Dugar,Gokhale Group,Social Media Marketing,Delhi,208158
4714,Girik Loyal,"Sami, Zacharia and Rajagopalan",SEO,Mumbai,240939
4715,Devansh Desai,"Sarkar, Thakkar and Hans",Email Marketing,Pune,196513
4716,Indira Sankaran,Khatri LLC,Google Ads,Mumbai,207697
4717,Jagdish Mangat,Halder-Sachdeva,AI Chatbot Development,Mumbai,264759
4718,Jagdish Parmer,Bali PLC,Meta Ads,Jaipur,250166
4719,Geetika Dass,Datta-Rai,Email Marketing,Ahmedabad,229365
4720,Mohini Kapur,Narang-Bhat,Email Marketing,Bangalore,152421
4721,Max Kapadia,Saxena Group,Social Media Marketing,Pune,272999
4722,Nikita Balay,D’Alia-Balakrishnan,Content Marketing,Hyderabad,41039
4723,Radhika Chada,"Gala, Mall and Keer",Website Development,Delhi,240717
4724,Yauvani Kanda,Sachdev-Grewal,Content Marketing,Hyderabad,230108
4725,Sai Khare,Nair Group,SEO,Mumbai,288542
4726,Tripti Singh,Bandi Group,Meta Ads,Hyderabad,294771
4727,Daksh Kala,Dewan LLC,Website Development,Mumbai,88100
4728,Kamala Nayar,Natt Inc,Social Media Marketing,Jaipur,67394
4729,Meghana Goel,Edwin LLC,AI Chatbot Development,Mumbai,201457
4730,Ekalinga Oommen,"Rout, Ratta and Bains",Email Marketing,Ahmedabad,106686
4731,Raksha Bhandari,Madan-Sani,Email Marketing,Jaipur,97327
4732,Pavani Yadav,Sunder-Bakshi,Website Development,Mumbai,177958
4733,Xalak Barad,Bhandari-Dhar,AI Chatbot Development,Delhi,116780
4734,Anmol Sane,"Tank, Basak and Varghese",Website Development,Bangalore,248877
4735,Pallavi Madan,"Gill, Deep and Dass",Google Ads,Bangalore,100812
4736,Pranit Majumdar,"Mand, Sundaram and Randhawa",Social Media Marketing,Jaipur,270265
4737,William Wali,Mitra Ltd,Meta Ads,Pune,72383
4738,Shravya Wagle,"Parmar, Sagar and Sahni",Email Marketing,Ahmedabad,131406
4739,Zehaan Deshpande,Jain-Bhalla,Email Marketing,Ahmedabad,262999
4740,Gautami Gera,Acharya Ltd,Website Development,Delhi,223200
4741,Yadavi Ravi,"Krishnan, Panchal and Mital",Meta Ads,Pune,90006
4742,Vrishti Banik,"Shenoy, Merchant and Bhavsar",Content Marketing,Pune,168475
4743,Avni Setty,"Deep, Sankar and Kumar",Content Marketing,Ahmedabad,57568
4744,Saksham Patel,"Parikh, Kohli and Dhaliwal",Social Media Marketing,Kolkata,34101
4745,Ekaja Panchal,"Sama, Subramaniam and Ganesh",Website Development,Mumbai,143290
4746,Rishi Buch,Sandal LLC,Social Media Marketing,Pune,198179
4747,Riya Sathe,Sharaf-Dube,SEO,Ahmedabad,60511
4748,Baghyawati Chand,Pai-Pai,Website Development,Mumbai,282117
4749,Chanakya Kamdar,Kurian Group,Website Development,Jaipur,130746
4750,Mahika Acharya,"Jain, Arya and Pingle",AI Chatbot Development,Ahmedabad,68680
4751,Urvashi Dora,Bajwa-Kakar,Social Media Marketing,Ahmedabad,114306
4752,Vedant Bath,Ghosh LLC,Content Marketing,Mumbai,169403
4753,Anamika Palan,Mitra and Sons,AI Chatbot Development,Ahmedabad,272000
4754,Damini Bir,Kakar-Chaudhari,SEO,Hyderabad,241111
4755,Frado Ben,Singhal-Bhardwaj,Meta Ads,Mumbai,228779
4756,Nihal Bose,Chanda-Lala,Google Ads,Kolkata,63327
4757,Mekhala Sha,Tella LLC,Social Media Marketing,Delhi,232060
4758,Ubika Narain,Sabharwal-Bhalla,SEO,Mumbai,187261
4759,Charvi Buch,Kapur-Chaudhari,Meta Ads,Ahmedabad,258389
4760,Abha Murthy,"Talwar, Narula and Gokhale",SEO,Kolkata,230608
4761,David Cherian,Ganesan-Dhingra,Content Marketing,Jaipur,178835
4762,Saanvi Sura,Khanna-Kalita,Content Marketing,Hyderabad,80795
4763,Samar Pandit,"Batra, Ganesan and Palla",Email Marketing,Pune,268275
4764,Arya Korpal,Garg and Sons,Social Media Marketing,Pune,78548
4765,Balendra Narayanan,Bawa-Saraf,Meta Ads,Ahmedabad,298770
4766,Jalsa Lala,"Chada, Andra and Mittal",Content Marketing,Delhi,98846
4767,Raghav Guha,Goda-Shah,SEO,Pune,155180
4768,Avni Ravel,"Chakrabarti, Pillay and Kothari",Website Development,Kolkata,248006
4769,Mitali Pathak,Krishnan LLC,SEO,Kolkata,167699
4770,Christopher Jain,Shenoy-Sundaram,SEO,Delhi,276702
4771,Yagnesh Choudhary,Sunder and Sons,Email Marketing,Pune,46252
4772,Nirja Contractor,"Mody, Ganesan and Tripathi",Social Media Marketing,Hyderabad,243190
4773,Lajita Deshmukh,Bhavsar Group,Social Media Marketing,Hyderabad,32336
4774,Ekantika Om,"Arora, Cherian and Balakrishnan",AI Chatbot Development,Mumbai,173742
4775,Ekalinga Kashyap,Dani-Handa,Social Media Marketing,Ahmedabad,29184
4776,Karan Grover,Dugar Group,Email Marketing,Pune,176071
4777,Ekavir Mand,Virk-Gour,SEO,Delhi,207298
4778,Zashil Bhavsar,Kapur Inc,SEO,Ahmedabad,150352
4779,Anjali Karpe,Loyal-Pant,Meta Ads,Delhi,69583
4780,Bhavna Keer,Lal Inc,Meta Ads,Mumbai,278710
4781,Nathan Hari,Chadha Ltd,Content Marketing,Hyderabad,201081
4782,Onkar Pai,"Prabhakar, Keer and Rama",Email Marketing,Bangalore,294495
4783,Anika Chaudhary,"Walia, Bail and Gole",Email Marketing,Jaipur,60126
4784,Nihal Dalal,Choudhry-Vaidya,Social Media Marketing,Pune,40073
4785,Faris Bhat,Kumar LLC,Meta Ads,Delhi,220232
4786,Krishna Cheema,Bahri-Soman,Google Ads,Pune,178327
4787,Sanya Warrior,"Kumar, Char and Shukla",Content Marketing,Ahmedabad,31735
4788,Eshana Hora,Sekhon-Bhandari,Meta Ads,Hyderabad,61567
4789,Qushi Deshpande,Sastry and Sons,Content Marketing,Delhi,120476
4790,Tejas Sachdev,"Pingle, Hari and Kaul",AI Chatbot Development,Hyderabad,289504
4791,Ekansh Nagy,Bajaj-Sule,Website Development,Jaipur,216207
4792,Dalaja Andra,"Barad, Mitra and Sundaram",Email Marketing,Bangalore,249085
4793,Sachi Lad,"Hegde, Dubey and Agrawal",AI Chatbot Development,Mumbai,165151
4794,Ikshita Ghosh,Mand PLC,SEO,Ahmedabad,115032
4795,Ucchal Goyal,Bora-Khatri,AI Chatbot Development,Hyderabad,22648
4796,Max Barman,Bir-Dixit,Content Marketing,Bangalore,29814
4797,Yochana Jain,Deo Inc,Content Marketing,Mumbai,164057
4798,Mahika Chad,"Raghavan, Lall and Kala",AI Chatbot Development,Kolkata,186807
4799,Eesha Bains,Contractor Ltd,Google Ads,Bangalore,137872
4800,Peter Jayaraman,Prabhakar Group,SEO,Pune,135897
4801,Hemani Dalal,Jani-Pillai,Google Ads,Hyderabad,261510
4802,Siddharth Kannan,Dayal-Batra,Content Marketing,Pune,223968
4803,Pallavi Manda,Ram-Handa,Email Marketing,Jaipur,199804
4804,Unnati Chowdhury,Varughese-Majumdar,Social Media Marketing,Pune,201595
4805,Ishita Bawa,Narasimhan and Sons,Email Marketing,Mumbai,262193
4806,Diya Kara,Chaudhuri Group,Email Marketing,Bangalore,299047
4807,Umang Venkatesh,Chana Ltd,Meta Ads,Ahmedabad,154056
4808,Bahadurjit Varughese,Dhar PLC,Content Marketing,Jaipur,61213
4809,Balvan Deshmukh,Randhawa Inc,Email Marketing,Pune,63564
4810,Nikita Parsa,Sampath LLC,Website Development,Pune,179400
4811,Mason Hari,Bora-Chopra,AI Chatbot Development,Pune,256715
4812,Maanas Nagarajan,Chandra Ltd,Email Marketing,Jaipur,101736
4813,Vidhi Soni,Srinivas-Aggarwal,Meta Ads,Pune,246246
4814,Chaitaly Raj,Subramaniam Inc,Content Marketing,Jaipur,168838
4815,Jai Bir,"Bail, D’Alia and Desai",Email Marketing,Bangalore,216757
4816,Darika Madan,"Bassi, Palla and Chopra",Meta Ads,Ahmedabad,84746
4817,Suhani Lall,"Luthra, Peri and Seth",Google Ads,Ahmedabad,134454
4818,Ubika Bora,"Sengupta, Sinha and Pathak",Website Development,Delhi,171702
4819,Rajeshri Anand,"Bhatti, Dugar and Sule",Meta Ads,Mumbai,230300
4820,Kritika Sha,"Balasubramanian, Chakrabarti and Rout",Content Marketing,Pune,134165
4821,Yashvi Hayre,Talwar-Cheema,Content Marketing,Hyderabad,187459
4822,Radha Hayer,"Raju, Narayan and Sharaf",Social Media Marketing,Delhi,186605
4823,Agastya Gara,Sidhu PLC,Content Marketing,Bangalore,231794
4824,Tarak Sodhi,Das Group,Email Marketing,Kolkata,170094
4825,Girindra Dara,Sethi-Sodhi,Email Marketing,Mumbai,113127
4826,Umang Sharma,Sibal-Dutta,Content Marketing,Hyderabad,21749
4827,Jackson Lalla,Nadkarni-Mahal,Social Media Marketing,Kolkata,110319
4828,Leena Deshmukh,D’Alia Group,Google Ads,Ahmedabad,239204
4829,Lakshmi Ghose,"Khosla, Ranganathan and Nath",Content Marketing,Ahmedabad,119024
4830,Triya Virk,Thakur-Sandhu,SEO,Bangalore,92651
4831,Ayushman Kalla,Shankar-Bhargava,Google Ads,Ahmedabad,31971
4832,Baljiwan Batta,Kakar LLC,Social Media Marketing,Bangalore,107272
4833,Finn Dey,Zachariah-Batta,Email Marketing,Delhi,214141
4834,Daksha Narayanan,"Chadha, Gala and Lad",SEO,Ahmedabad,288087
4835,Balvan Gopal,Sastry Inc,Website Development,Mumbai,260002
4836,Lekha Yogi,Madan-Dey,Social Media Marketing,Bangalore,111861
4837,Yasti Jayaraman,Samra Group,Email Marketing,Bangalore,189200
4838,Chanakya Kata,Raju Ltd,Meta Ads,Hyderabad,53980
4839,Pallavi Bajaj,Din LLC,SEO,Bangalore,261790
4840,Eta Deshpande,"Mammen, Patla and Atwal",Email Marketing,Bangalore,252602
4841,Tarak Bumb,Puri Inc,Website Development,Mumbai,261909
4842,Thomas Bhagat,Gokhale-Khatri,Google Ads,Pune,103501
4843,Rehaan Bose,Vala Ltd,Website Development,Kolkata,56617
4844,Kala Sekhon,Tandon PLC,SEO,Jaipur,233042
4845,Isaac Muni,Nayak Ltd,Email Marketing,Ahmedabad,56891
4846,Fitan Sankaran,Kannan-Parikh,Content Marketing,Hyderabad,83429
4847,Bhavya Venkataraman,"Bhakta, Mallick and Bhattacharyya",SEO,Kolkata,272081
4848,Adweta Bose,Khatri-Dugar,SEO,Hyderabad,228874
4849,Hemangini Aggarwal,"Iyer, Doctor and Ranganathan",SEO,Pune,229416
4850,Shravya Palla,Pillay and Sons,Email Marketing,Ahmedabad,85041
4851,Bhavya Merchant,Kalita and Sons,Google Ads,Mumbai,157625
4852,Theodore Varghese,Varty Group,Google Ads,Mumbai,212132
4853,Qadim Prashad,Ghose and Sons,Content Marketing,Pune,94422
4854,Abdul Pandit,Sethi Inc,Website Development,Kolkata,130145
4855,Saumya Koshy,Wali-Barad,AI Chatbot Development,Delhi,193028
4856,Jatin Menon,"Khurana, Dada and Chokshi",Google Ads,Kolkata,277727
4857,Zinal Sethi,"Dey, Devi and Babu",Website Development,Hyderabad,199538
4858,Pratyush D’Alia,Bora-Sharaf,AI Chatbot Development,Kolkata,193361
4859,Sai Subramanian,Kumar-Borde,Email Marketing,Hyderabad,164335
4860,Parth Salvi,Kapoor LLC,SEO,Mumbai,97607
4861,Adweta Dewan,"Barad, Yogi and Agate",AI Chatbot Development,Jaipur,135878
4862,Dominic Khosla,"Handa, Ravel and Sastry",Social Media Marketing,Pune,172682
4863,William Bhardwaj,Chaudhari-Tiwari,AI Chatbot Development,Mumbai,179772
4864,Harish Puri,Ramanathan-Zacharia,Email Marketing,Kolkata,174601
4865,Gabriel Wason,Batra-Verma,Meta Ads,Mumbai,96821
4866,Vrinda Savant,"Puri, Sankar and Om",AI Chatbot Development,Ahmedabad,154902
4867,Bahadurjit Chahal,"Varkey, Thakkar and Mann",Website Development,Jaipur,130971
4868,Charvi Chawla,"Sama, Sem and Dubey",AI Chatbot Development,Mumbai,26326
4869,Januja Narayanan,"Radhakrishnan, Sastry and Bahl",AI Chatbot Development,Pune,286648
4870,Nathaniel Divan,Hora-Murty,Content Marketing,Kolkata,109343
4871,Fiyaz Dar,Gokhale Group,Social Media Marketing,Mumbai,282718
4872,Ekansh Dada,Verma Ltd,Social Media Marketing,Pune,218169
4873,Hemangini Patla,Seth-Raju,Email Marketing,Mumbai,295375
4874,Rachita Natarajan,Pradhan Ltd,Email Marketing,Mumbai,273754
4875,Madhav Kulkarni,Patla-Ravi,Content Marketing,Jaipur,53949
4876,Gaurika Deshpande,Sharma-Pall,Social Media Marketing,Bangalore,182166
4877,Ati Mittal,Mitra Group,Website Development,Bangalore,98689
4878,Chanchal Verma,Swamy-Dhar,AI Chatbot Development,Delhi,123254
4879,Pahal Borde,Patel LLC,Social Media Marketing,Kolkata,260816
4880,Kala Hegde,"Shukla, Upadhyay and Jani",SEO,Bangalore,126184
4881,Faqid Biswas,"Narain, Dixit and Rama",Social Media Marketing,Jaipur,228924
4882,Udyati Ramachandran,"Mitra, Kara and Hayer",Google Ads,Pune,286032
4883,Nidra Vig,Ghosh Group,Google Ads,Hyderabad,61653
4884,Manbir Rajagopalan,"Dada, Sant and Kalla",SEO,Kolkata,294175
4885,Wridesh Gokhale,Jhaveri-Mangat,Website Development,Bangalore,154255
4886,Arin Hans,Malhotra-Anand,Meta Ads,Bangalore,139715
4887,Aishani Tata,Viswanathan and Sons,Email Marketing,Mumbai,41093
4888,Ekansh Chander,Kadakia-Chauhan,AI Chatbot Development,Hyderabad,67898
4889,Meghana Saran,Shanker-Banik,Website Development,Delhi,89493
4890,Upadhriti Naidu,Bhatia LLC,AI Chatbot Development,Jaipur,128911
4891,Zehaan Taneja,Mukherjee Ltd,Website Development,Bangalore,270233
4892,Zayan Seshadri,"Rai, Gara and Bawa",Email Marketing,Delhi,46782
4893,Lekha Soni,Bhatt Group,Social Media Marketing,Delhi,122983
4894,Jack Vala,Butala PLC,Email Marketing,Delhi,251681
4895,Oscar Tandon,Prabhakar PLC,Google Ads,Kolkata,123492
4896,Liam Taneja,"Swaminathan, Kala and Narasimhan",Google Ads,Bangalore,275449
4897,Krisha Rana,Kaul-Sodhi,AI Chatbot Development,Jaipur,245315
4898,Waida Sha,Grewal-Kata,Google Ads,Kolkata,122130
4899,Ranveer Kapadia,"Varghese, Shere and Mani",Email Marketing,Jaipur,151988
4900,Rehaan Bedi,"Babu, Sane and Mani",Content Marketing,Hyderabad,278266
4901,Falak Thakur,"Vyas, Bath and Vaidya",Meta Ads,Pune,285967
4902,Dayamai Dube,Vaidya PLC,Email Marketing,Hyderabad,177096
4903,Pooja Gulati,Venkatesh Group,AI Chatbot Development,Bangalore,198856
4904,Rishi Prabhu,Gupta-Karnik,AI Chatbot Development,Hyderabad,250709
4905,Chakradhar Kurian,Mandal-Vohra,Google Ads,Mumbai,275632
4906,Dayita Basak,Arora-Suri,SEO,Pune,287149
4907,Onveer Gaba,Bala-Padmanabhan,Email Marketing,Kolkata,105527
4908,Hredhaan Natarajan,Koshy-Warrior,Meta Ads,Delhi,246500
4909,Garima Dash,"Kuruvilla, Warrior and Muni",AI Chatbot Development,Delhi,252363
4910,Bina Kumar,"Kade, Chacko and Balakrishnan",Social Media Marketing,Mumbai,121499
4911,Neelima Soman,"Balakrishnan, Arora and Raj",Google Ads,Bangalore,131786
4912,Rohan Munshi,"Pal, Malhotra and Vig",AI Chatbot Development,Hyderabad,187780
4913,Gavin Amble,Chakrabarti-Vig,Email Marketing,Delhi,177318
4914,Upasna Shan,Jani-Mohanty,Website Development,Mumbai,189746
4915,Kritika Kara,Ramanathan-Randhawa,Meta Ads,Bangalore,227743
4916,Sneha Khare,"Rajagopalan, Om and Rajagopal",Meta Ads,Mumbai,102382
4917,Aachal Mane,Natarajan and Sons,Social Media Marketing,Kolkata,238580
4918,Diya Chakraborty,"Verma, Raman and Khare",AI Chatbot Development,Bangalore,157811
4919,Oliver Dua,Edwin-Chand,Email Marketing,Hyderabad,214401
4920,Amol Gupta,Chakrabarti-Gade,Meta Ads,Hyderabad,194966
4921,Vritti Shenoy,Natt and Sons,Social Media Marketing,Pune,255776
4922,Aahana Purohit,Mangal-Tank,AI Chatbot Development,Ahmedabad,226329
4923,Eta Choudhary,Palan Group,Content Marketing,Jaipur,231854
4924,Aayush Sekhon,Brahmbhatt Inc,SEO,Ahmedabad,205394
4925,Tanay Khosla,Gopal Inc,Meta Ads,Kolkata,163763
4926,Bahadurjit Choudhary,Kakar-Radhakrishnan,SEO,Bangalore,129371
4927,Bimala Choudhry,Anne PLC,AI Chatbot Development,Hyderabad,215808
4928,Patrick Rama,Banerjee and Sons,SEO,Pune,244132
4929,Jagrati Chaudhary,Ram-Choudhury,Content Marketing,Pune,124570
4930,Wishi Bumb,"Varghese, Bhardwaj and Saraf",Website Development,Kolkata,163635
4931,Aishani Lanka,Rai-Basak,Google Ads,Delhi,147474
4932,Zayyan Kothari,Sood-Kale,Meta Ads,Pune,271491
4933,Viraj Shankar,Dugar PLC,Email Marketing,Jaipur,224505
4934,Qushi Mallick,Warrior Inc,Email Marketing,Bangalore,166875
4935,Gaurangi Saini,Chaudhary-Kata,Content Marketing,Jaipur,73183
4936,Netra Pillai,"Rout, Sandal and Dey",SEO,Pune,164727
4937,Zaitra Krishna,Lad-Bumb,Social Media Marketing,Kolkata,169021
4938,Omaja Bhatia,"Saran, Bala and Iyer",Google Ads,Kolkata,90403
4939,Lekha Behl,Rajan Group,Google Ads,Pune,236938
4940,Vamakshi Parmer,"Basak, Chaudhari and Parmer",Meta Ads,Mumbai,176686
4941,Lekha Chada,Lall LLC,Website Development,Delhi,249775
4942,Jagrati Deep,"Kota, Panchal and Kothari",Website Development,Pune,156691
4943,Laban Barad,Bhat LLC,AI Chatbot Development,Jaipur,93645
4944,Imaran Kala,"Mannan, Goswami and Sarma",Google Ads,Pune,209388
4945,Watika Bains,Choudhry-Bhavsar,Email Marketing,Bangalore,116542
4946,Vidhi Kumar,Kalla-Chaudry,Social Media Marketing,Kolkata,139371
4947,Hemani Hayre,Panchal Group,Email Marketing,Pune,194594
4948,Damini Yogi,Ghosh Group,Website Development,Hyderabad,153881
4949,Atharv Sunder,Mall LLC,SEO,Mumbai,82490
4950,Edhitha Saran,Shankar-Divan,Content Marketing,Ahmedabad,227779
4951,Krish Narain,Gill-Kuruvilla,Email Marketing,Jaipur,297032
4952,Bishakha Chanda,Bora-Shroff,SEO,Pune,28494
4953,Jeremiah Minhas,Subramaniam-Sen,Content Marketing,Jaipur,284352
4954,Bishakha Wagle,"Sundaram, Singh and Kapadia",Social Media Marketing,Kolkata,168188
4955,Ishaan Gokhale,Rai and Sons,Social Media Marketing,Delhi,59611
4956,Unni Bhatia,"Sarma, Gupta and Ben",Google Ads,Delhi,298796
4957,Theodore Vyas,"Chad, Pant and Chaudry",Meta Ads,Delhi,265601
4958,Luke Grover,Golla Group,Website Development,Delhi,245940
4959,Yashvi Malhotra,Nagy-Bajaj,AI Chatbot Development,Kolkata,256605
4960,Om Menon,Nagy Inc,Meta Ads,Pune,58286
4961,Pratyush Patla,Chaudhary and Sons,Meta Ads,Pune,258051
4962,Chasmum Naidu,"Pingle, Bal and Ram",Content Marketing,Jaipur,230483
4963,Bimala Parmer,Ratti-Badami,AI Chatbot Development,Jaipur,224444
4964,Upkaar Lalla,"Prashad, Chakraborty and Ramakrishnan",SEO,Jaipur,138085
4965,Harsh Sood,Sastry-Sampath,Social Media Marketing,Ahmedabad,98902
4966,Matthew Deol,"Guha, Bal and Sankar",AI Chatbot Development,Bangalore,191242
4967,Darsh Tripathi,"Gaba, Dey and Borde",Email Marketing,Bangalore,205936
4968,Xiti Randhawa,Deol-Bhasin,Meta Ads,Bangalore,97743
4969,Viraj Mistry,"Dugar, Ravel and Edwin",Website Development,Hyderabad,115203
4970,Indrajit Iyengar,"Vora, Gole and Karnik",Google Ads,Jaipur,299666
4971,Girish Sridhar,Kapoor and Sons,SEO,Mumbai,202724
4972,Advaith Thakkar,"Bhasin, Chowdhury and Saraf",Google Ads,Pune,185327
4973,Bachittar Mittal,"Date, Roy and Narula",Website Development,Bangalore,125749
4974,Brijesh Palan,Modi-Hora,AI Chatbot Development,Mumbai,242446
4975,Kai Rastogi,Menon-Sani,AI Chatbot Development,Bangalore,133894
4976,Panini Prabhu,"Sastry, Varty and Sarraf",Social Media Marketing,Jaipur,91991
4977,Omya Toor,Walla-Barman,Email Marketing,Delhi,216667
4978,Indali Sankaran,"Baral, Baral and Grover",SEO,Kolkata,129358
4979,Meghana Upadhyay,Bakshi-Bandi,Content Marketing,Jaipur,254258
4980,Avni Walla,Nadkarni Inc,Email Marketing,Ahmedabad,124143
4981,Ekanta Goel,"Vyas, Rai and Ram",Website Development,Ahmedabad,85352
4982,Isaiah Saxena,"Nadkarni, Rao and Agate",Google Ads,Mumbai,285658
4983,Logan Mangat,"Pall, Choudhary and Pandya",Google Ads,Mumbai,129910
4984,David Sarraf,Virk Group,Google Ads,Kolkata,207899
4985,Maanas Sidhu,Gaba Group,Social Media Marketing,Ahmedabad,120129
4986,Lopa Doshi,Shankar-Prabhakar,Website Development,Delhi,285766
4987,Jeremiah Sanghvi,"Solanki, Kant and Joshi",Social Media Marketing,Kolkata,153842
4988,Baghyawati Memon,Tripathi-Handa,Google Ads,Kolkata,28464
4989,Om Sani,Dixit Inc,SEO,Ahmedabad,240208
4990,Chandresh Kuruvilla,"Shankar, Kapur and Vig",Content Marketing,Delhi,205955
4991,Bakhshi Puri,Sharma-Borde,Social Media Marketing,Hyderabad,54238
4992,Aryan Sarin,Bumb-Venkataraman,Content Marketing,Hyderabad,140250
4993,Ira Bhakta,"Dugar, Saran and Chawla",Google Ads,Ahmedabad,267129
4994,Megha Brar,Nayak Group,SEO,Hyderabad,189487
4995,Victor Kohli,"Trivedi, Solanki and Palla",SEO,Mumbai,150546
4996,Gunbir Halder,Pingle-Chhabra,Meta Ads,Jaipur,87081
4997,Praneel Kapur,Venkatesh-Thaman,Meta Ads,Mumbai,266317
4998,Sachi Varghese,Borah-Dass,SEO,Jaipur,130009
4999,Caleb Tata,Sharma-Dugar,AI Chatbot Development,Pune,237514
5000,Oeshi Roy,"Balay, Chokshi and Wagle",Meta Ads,Ahmedabad,110397
5001,Bhavini Doshi,Vasa-Bakshi,Meta Ads,Mumbai,115218
5002,Anika Gulati,Nadkarni-Dora,Social Media Marketing,Delhi,105130
5003,Harini Din,Sachar-Naik,SEO,Kolkata,126995
5004,Tanay Chawla,Char-Bala,AI Chatbot Development,Ahmedabad,215655
5005,Osha Boase,"Din, Dixit and Baria",AI Chatbot Development,Pune,34930
5006,Harini Bhavsar,"Anand, Rama and Goel",SEO,Pune,34940
5007,Urvi Ahluwalia,"Rattan, Thaker and Palla",Email Marketing,Jaipur,95676
5008,Frederick Singh,Grewal-Kant,Content Marketing,Jaipur,217675
5009,Jagdish Narang,Arora-Mukherjee,Meta Ads,Mumbai,72489
5010,Isaiah Rout,Brahmbhatt Ltd,SEO,Pune,136758
5011,Charles Kapur,Pillay LLC,Google Ads,Ahmedabad,54773
5012,Zayan Subramanian,Bajaj PLC,Google Ads,Kolkata,263496
5013,Upkaar Saini,"Kata, Sarin and Ramesh",Content Marketing,Kolkata,90467
5014,Jason Vasa,"Deol, Keer and Brahmbhatt",SEO,Hyderabad,269688
5015,Widisha Dhingra,Yadav Inc,Email Marketing,Hyderabad,87212
5016,Pooja Vohra,Babu and Sons,Social Media Marketing,Pune,70540
5017,Gautam Rout,"Korpal, Upadhyay and Bir",Email Marketing,Kolkata,122910
5018,Pushti Jayaraman,Barman Inc,Meta Ads,Bangalore,289868
5019,Girindra Krishnan,"Baria, Goyal and Chad",Meta Ads,Mumbai,138254
5020,Eshana Suresh,Shroff PLC,Google Ads,Delhi,231727
5021,Bina Naidu,Luthra-Mandal,AI Chatbot Development,Delhi,150956
5022,Wyatt Ganesan,"Wali, Viswanathan and Narula",Website Development,Hyderabad,116797
5023,Vivaan Dar,Om PLC,AI Chatbot Development,Pune,262299
5024,Aarav Vora,"Prashad, Munshi and Issac",AI Chatbot Development,Mumbai,191937
5025,Jack Anne,"Khanna, Balay and Wadhwa",Content Marketing,Pune,96137
5026,Sarthak Mangal,"Barad, Basak and Bedi",SEO,Ahmedabad,45175
5027,Ishanvi Nazareth,"Khanna, Chanda and Kumar",Website Development,Mumbai,27508
5028,Eshana Chand,Natt Ltd,Meta Ads,Jaipur,144691
5029,Ekta Basak,"Thakur, Tiwari and Tiwari",Meta Ads,Ahmedabad,189099
5030,Tamanna Gill,Wagle-Pandya,SEO,Kolkata,273674
5031,Advik Arya,"Kumer, Lad and Master",Social Media Marketing,Bangalore,232681
5032,Mitesh Wali,Grewal Ltd,Email Marketing,Bangalore,257603
5033,Widisha Brahmbhatt,Nayar-Rajan,AI Chatbot Development,Kolkata,81771
5034,Girish Mall,"Rana, Kannan and Kothari",AI Chatbot Development,Pune,196818
5035,Kamala Boase,"Choudhary, Rajan and Khalsa",Meta Ads,Hyderabad,198773
5036,Aishani Bajaj,"Vaidya, Madan and Krishna",Email Marketing,Kolkata,70595
5037,Pooja Ray,Ganesh and Sons,Social Media Marketing,Hyderabad,53091
5038,Kevin Mammen,Jhaveri-Khalsa,Social Media Marketing,Ahmedabad,33324
5039,Onkar Bhasin,Naidu-Sant,Meta Ads,Delhi,139078
5040,Netra Mander,"Rana, Shukla and Chana",Email Marketing,Delhi,83060
5041,Tamanna Balay,Aggarwal-Patel,AI Chatbot Development,Mumbai,202255
5042,Xavier Ahluwalia,Puri PLC,AI Chatbot Development,Kolkata,248675
5043,Gayathri Chatterjee,"Vyas, Buch and Doctor",Google Ads,Mumbai,228434
5044,Harshil Ray,Mohanty-Tak,Website Development,Mumbai,136317
5045,Hiral Dhar,Bhatt-Datta,SEO,Bangalore,205564
5046,Michael Chadha,Saxena-Yohannan,Meta Ads,Jaipur,299527
5047,Shaurya Chada,"Munshi, Ben and Dugal",Social Media Marketing,Bangalore,298328
5048,Abhimanyu Gopal,Muni and Sons,Meta Ads,Pune,103230
5049,Bhanumati Subramanian,"Narula, Loke and Krishnamurthy",Google Ads,Mumbai,138624
5050,Madhav Yogi,"Prasad, Kapur and Raman",Meta Ads,Ahmedabad,126009
5051,Warjas Bajwa,"Khatri, Mann and Sundaram",AI Chatbot Development,Jaipur,230172
5052,Vedika Babu,Karpe PLC,AI Chatbot Development,Ahmedabad,293546
5053,Bahadurjit Koshy,Keer-Nigam,Content Marketing,Kolkata,265368
5054,Adya Sunder,Mani Ltd,Social Media Marketing,Mumbai,177282
5055,Jasmit Wason,Gara and Sons,SEO,Delhi,151768
5056,Yochana Palla,Bhargava Inc,AI Chatbot Development,Bangalore,55030
5057,Ekanta Gera,Issac-Kamdar,SEO,Ahmedabad,93559
5058,Tarak Nagarajan,Malhotra Ltd,Meta Ads,Kolkata,104018
5059,Bishakha Dasgupta,Dugar-Ram,Website Development,Ahmedabad,103594
5060,Neha Basu,"Anne, Chahal and Dass",Content Marketing,Ahmedabad,121382
5061,Elijah Parmer,"Kapoor, Bir and Deshmukh",Website Development,Pune,56978
5062,Ikshita Biswas,Rao LLC,Website Development,Hyderabad,93631
5063,Aarav Subramaniam,Pandey Group,Content Marketing,Delhi,99611
5064,Arjun Thakur,Sunder LLC,Website Development,Kolkata,94663
5065,Atharv Shere,"Chaudry, Gade and Sankar",AI Chatbot Development,Pune,25646
5066,Yauvani Barad,Pant-Kaur,Google Ads,Hyderabad,294853
5067,Oviya Khosla,Prabhakar PLC,Google Ads,Kolkata,141729
5068,Tanveer Naidu,Samra Ltd,Email Marketing,Hyderabad,85464
5069,Chatresh Ramanathan,Vig-Wason,Email Marketing,Mumbai,56911
5070,Niharika Iyengar,"Vohra, Samra and Karan",Social Media Marketing,Hyderabad,41480
5071,Hemang Kaul,"Rattan, Sarraf and Singh",Content Marketing,Hyderabad,79159
5072,Jason Lal,Ranganathan-Mane,Email Marketing,Ahmedabad,108319
5073,Laksh Mane,"Khare, Krishna and Nadkarni",Email Marketing,Hyderabad,137772
5074,Chatresh Verma,Krishnamurthy and Sons,Google Ads,Delhi,210080
5075,Bahadurjit Lad,Arya-Dhar,Website Development,Kolkata,246742
5076,Baghyawati Prabhu,"Bedi, Rout and Vohra",Content Marketing,Jaipur,75149
5077,Amol Aurora,Mutti-Dhar,AI Chatbot Development,Hyderabad,151947
5078,Banjeet Shere,Dubey Group,Social Media Marketing,Ahmedabad,151726
5079,Ranveer Devi,Kara Ltd,Social Media Marketing,Delhi,26777
5080,Ishani Yadav,Date-Rajagopal,Google Ads,Kolkata,147267
5081,Gabriel Sarin,"Choudhry, Taneja and Joshi",Email Marketing,Bangalore,247418
5082,Inaya Pant,Karan Ltd,AI Chatbot Development,Delhi,275780
5083,Tanish Bhandari,Mander-Merchant,Content Marketing,Ahmedabad,42073
5084,Vritti Dave,"Lata, Date and Ratta",Google Ads,Delhi,69762
5085,Ladli Patel,Sabharwal and Sons,Google Ads,Bangalore,209111
5086,Wishi Borah,Chaudhry and Sons,Content Marketing,Ahmedabad,40900
5087,Meghana Dar,Nazareth-Dixit,Social Media Marketing,Kolkata,261562
5088,Garima Patel,Bandi LLC,SEO,Ahmedabad,246386
5089,Nilima Kapadia,Dass-Vora,SEO,Bangalore,114758
5090,Nandini Bir,"Dash, Iyengar and Reddy",SEO,Pune,71801
5091,Pallavi Lalla,"Dubey, Naidu and Agate",AI Chatbot Development,Ahmedabad,34876
5092,Rajata Kapadia,"Konda, Natt and Chaudhary",Email Marketing,Hyderabad,208003
5093,Champak Wable,Gara Inc,Social Media Marketing,Pune,150390
5094,Aishani Halder,"Jhaveri, Dugar and Padmanabhan",AI Chatbot Development,Kolkata,45060
5095,Omaja Vaidya,Toor-Nigam,Social Media Marketing,Kolkata,157978
5096,Jackson Pal,"Madan, Wadhwa and Garde",Meta Ads,Bangalore,188758
5097,Aditya Garde,"Raja, Kade and Modi",Content Marketing,Pune,110207
5098,Triya Kadakia,"Hans, Rajagopal and Sathe",Email Marketing,Delhi,194988
5099,Gagan Gade,Mani-Pradhan,Social Media Marketing,Bangalore,185955
5100,Jatin Sahni,"Manne, Bhardwaj and Virk",AI Chatbot Development,Delhi,67412
5101,Jagdish Sood,"Palan, Naik and Bumb",Content Marketing,Pune,280672
5102,Max Srinivas,Prashad Inc,Meta Ads,Ahmedabad,125984
5103,Oeshi Kara,Ganesan LLC,AI Chatbot Development,Kolkata,203812
5104,Darika Dhar,Solanki-Raja,Social Media Marketing,Kolkata,209510
5105,Inaya Garde,"Vaidya, Pillay and Chhabra",Meta Ads,Mumbai,189219
5106,Falan Kapadia,Sandhu-Mitter,SEO,Delhi,119504
5107,Pooja Agate,Saini LLC,AI Chatbot Development,Hyderabad,113275
5108,Vansha Chada,Karan-Das,Content Marketing,Delhi,124133
5109,Wyatt Chacko,Nori-Chhabra,Google Ads,Delhi,232146
5110,Aarnav Gulati,"Oommen, Lad and Mand",AI Chatbot Development,Mumbai,198343
5111,Champak Balakrishnan,"Choudhury, Guha and Walla",Social Media Marketing,Ahmedabad,89747
5112,Faqid Divan,Sunder-Sodhi,Content Marketing,Delhi,174094
5113,Aarav Sarin,Aggarwal LLC,Google Ads,Pune,137872
5114,Chaitaly Krishna,Sinha Ltd,Email Marketing,Jaipur,148924
5115,Karan Bansal,"Jaggi, Comar and Borah",Meta Ads,Hyderabad,33819
5116,Yashasvi Parekh,"Grover, Sodhi and Krish",Email Marketing,Bangalore,134806
5117,Charita Mital,"Behl, Sangha and Swamy",Website Development,Bangalore,250873
5118,Kai Bath,"Bassi, Kashyap and Kuruvilla",Website Development,Mumbai,26510
5119,Azaan Prabhu,"Rau, Kurian and Ben",AI Chatbot Development,Bangalore,30891
5120,Ati Wadhwa,"Lal, Dhar and Rao",Email Marketing,Kolkata,237330
5121,Gaurika Rau,"Dasgupta, Oommen and Palla",Website Development,Ahmedabad,117547
5122,Falak Zachariah,Salvi and Sons,Content Marketing,Ahmedabad,157097
5123,Jonathan Sheth,Hans-Hegde,Social Media Marketing,Hyderabad,246133
5124,Damini Yogi,Khatri-Andra,Social Media Marketing,Pune,143053
5125,Rehaan Grewal,Dalal-Chawla,Social Media Marketing,Pune,60391
5126,Yoshita Dhingra,Mand-Sandhu,Meta Ads,Pune,149444
5127,Patrick Lal,Guha Inc,Meta Ads,Delhi,286051
5128,Turvi Hayer,Kaul Ltd,Email Marketing,Pune,74949
5129,Wishi Borah,Sharma-Nayak,Website Development,Pune,137421
5130,Atharv Mahal,Dyal-Singhal,Email Marketing,Hyderabad,47892
5131,Geetika Naidu,"Desai, Nath and Seshadri",Email Marketing,Kolkata,280640
5132,Krishna Kala,"Choudhury, Iyengar and Chaudhry",Content Marketing,Delhi,109832
5133,Warhi Virk,Chaudhuri Ltd,SEO,Kolkata,50170
5134,Kai Natarajan,"Rege, Raja and Madan",Social Media Marketing,Kolkata,97531
5135,Chaitanya Rege,Chacko-Mutti,Google Ads,Pune,54295
5136,Jeet Kala,"Sekhon, Sridhar and Joshi",AI Chatbot Development,Hyderabad,34458
5137,Ishaan Jain,Dass PLC,Email Marketing,Ahmedabad,89917
5138,Nathaniel Bhagat,Khosla-Sathe,Content Marketing,Bangalore,257036
5139,Aarnav Mall,Khurana-Sura,AI Chatbot Development,Hyderabad,193294
5140,Anjali Chana,Jhaveri-Natarajan,Website Development,Ahmedabad,95619
5141,Madhav Kade,"Seshadri, Sinha and Bawa",Social Media Marketing,Jaipur,47772
5142,Faraj Mani,Dave-Sant,Social Media Marketing,Delhi,57231
5143,Arjun Dave,Bansal-More,Google Ads,Ahmedabad,104519
5144,Tanvi Walla,Dar and Sons,Website Development,Bangalore,114026
5145,Hardik Dua,Sankar-Varughese,Meta Ads,Jaipur,279509
5146,Jacob Misra,"Walla, Handa and Chad",Google Ads,Pune,66717
5147,Kiaan Rajan,Samra-Narayan,Google Ads,Ahmedabad,223135
5148,Siya Sane,"Dhaliwal, Natarajan and Puri",Content Marketing,Ahmedabad,268726
5149,Aadhya Bhagat,"Parsa, Sehgal and Lata",Meta Ads,Pune,115939
5150,Omkaar Bhakta,Chada Group,Google Ads,Hyderabad,206204
5151,Omya Hayre,Sunder-Verma,Meta Ads,Ahmedabad,152127
5152,Kamala Baria,Bhagat-Vig,Email Marketing,Delhi,116765
5153,Veer Bumb,"Mohan, Comar and Ganguly",AI Chatbot Development,Ahmedabad,125175
5154,Chaitanya Prabhu,Dubey Ltd,Website Development,Pune,62765
5155,Chameli Bhalla,Babu Ltd,Social Media Marketing,Kolkata,69297
5156,Warhi Dara,Date-Bansal,AI Chatbot Development,Jaipur,51929
5157,Saksham Bhargava,"Puri, Batra and Varghese",SEO,Pune,70064
5158,Tanvi Raj,Tak PLC,Meta Ads,Jaipur,297411
5159,Harrison Golla,Sem-Parmer,SEO,Jaipur,191368
5160,Rohan Narasimhan,"Chandra, Kadakia and Krish",Content Marketing,Hyderabad,34498
5161,Arunima Naidu,Dalal Ltd,Social Media Marketing,Delhi,110383
5162,Meera Karpe,Magar-Trivedi,Website Development,Kolkata,115308
5163,Henry Sibal,Morar-Kale,Website Development,Pune,70837
5164,Damini Deo,"Pradhan, Zacharia and Oak",Meta Ads,Pune,112761
5165,Atharv Balakrishnan,Sunder-Walla,Email Marketing,Mumbai,285986
5166,Isaac Hegde,Seshadri-Ramaswamy,Meta Ads,Kolkata,35907
5167,Zehaan Lalla,Baral Inc,SEO,Delhi,183402
5168,Darika Dave,Johal-Sane,AI Chatbot Development,Delhi,203004
5169,Omisha Narain,"Chanda, Balay and Khanna",Meta Ads,Mumbai,72282
5170,Kamala Sachdev,Wadhwa Ltd,Email Marketing,Bangalore,101397
5171,Sai Mand,"Chakrabarti, Taneja and Rama",Social Media Marketing,Kolkata,223867
5172,Neel Hora,"Ravel, Bahl and Bora",Email Marketing,Delhi,54321
5173,Aarav Pandey,Mandal-Seshadri,Social Media Marketing,Bangalore,211728
5174,Aditya Mangat,"Badami, Dubey and Dyal",Meta Ads,Bangalore,277303
5175,Joshua Shenoy,"Dube, Golla and Sen",Website Development,Ahmedabad,41805
5176,David Rout,"Yohannan, Sen and Sami",Social Media Marketing,Jaipur,271880
5177,Ethan Wali,Bandi-Badal,Google Ads,Delhi,188062
5178,Gautam Sant,Bajwa Ltd,Content Marketing,Bangalore,168143
5179,Amara Rai,Dayal Ltd,Social Media Marketing,Mumbai,254830
5180,Widisha Dugar,Bhandari and Sons,Website Development,Hyderabad,243514
5181,Azaan Ratti,"Ramachandran, Sathe and Sankaran",Content Marketing,Ahmedabad,217691
5182,Edhitha Varughese,Gara-Boase,Google Ads,Kolkata,32495
5183,Samaksh Dani,"Oza, Singh and Choudhry",Email Marketing,Delhi,188566
5184,Wakeeta Nagy,Raja-Sankaran,Email Marketing,Ahmedabad,180378
5185,Lakshit Dora,Balay Group,Email Marketing,Hyderabad,48896
5186,Sanaya Kala,Parsa-Rau,SEO,Bangalore,66759
5187,Chandresh Prabhu,"Purohit, Ganesh and Bahl",AI Chatbot Development,Mumbai,184444
5188,Mohammed Chaudhari,Mangat-Savant,SEO,Jaipur,44750
5189,Neelima Doshi,Sen and Sons,AI Chatbot Development,Ahmedabad,118691
5190,Lajita Rattan,Kaul and Sons,Social Media Marketing,Jaipur,247438
5191,Tejas Ravi,Kibe-Prashad,Meta Ads,Pune,43446
5192,Rohan Bakshi,"Misra, Kibe and Nagarajan",Website Development,Delhi,259722
5193,Turvi Zachariah,Wali PLC,Meta Ads,Bangalore,187934
5194,Rohan Shanker,Raja-Merchant,Google Ads,Bangalore,279666
5195,Ekta Acharya,Purohit-Salvi,Website Development,Jaipur,43715
5196,Ishaan Dar,"Rout, Singh and Sura",Content Marketing,Bangalore,80990
5197,Neelima Bhattacharyya,Muni-Sani,AI Chatbot Development,Jaipur,146032
5198,Samuel Buch,Lata-Nadkarni,Social Media Marketing,Mumbai,224428
5199,Nitara Chauhan,"Buch, Balay and Narain",Website Development,Pune,230742
5200,Aadhya Subramanian,"Trivedi, Purohit and Sethi",SEO,Mumbai,94275
5201,Gopal Bali,Chander Ltd,Website Development,Hyderabad,241690
5202,Faqid Ramanathan,Sahni-Garde,AI Chatbot Development,Bangalore,162928
5203,Balvan Gill,Bahl-Viswanathan,Content Marketing,Jaipur,238044
5204,Bhavini Rau,Devi-Sundaram,Content Marketing,Ahmedabad,165797
5205,Upasna Bhagat,Sandal Group,Website Development,Kolkata,152867
5206,William Sharma,Patla Ltd,SEO,Ahmedabad,41914
5207,Vaishnavi Mand,Shukla-Acharya,Email Marketing,Mumbai,136902
5208,Abdul Jayaraman,Bahri-Dhaliwal,Google Ads,Delhi,80439
5209,Jeet Chacko,"Lala, Bera and Dugar",Meta Ads,Kolkata,54865
5210,Harish Tara,"Bose, Merchant and Prakash",Meta Ads,Pune,107748
5211,Urvashi Swamy,Deshmukh PLC,AI Chatbot Development,Ahmedabad,169320
5212,Gavin Ratta,Murty-Barad,AI Chatbot Development,Hyderabad,157100
5213,Mekhala Naidu,"Menon, Balay and Datta",Google Ads,Delhi,227044
5214,Ishaan Hans,Chand Group,Website Development,Delhi,281078
5215,Liam Nayak,Dey Ltd,Website Development,Mumbai,291699
5216,Sai Bhargava,Pai-Raman,SEO,Kolkata,271039
5217,Nakul Mahajan,Kapadia-Seshadri,Google Ads,Delhi,139875
5218,Xiti Sundaram,Walia and Sons,SEO,Ahmedabad,116719
5219,Hamsini Mukherjee,Jani-Gaba,Google Ads,Delhi,146747
5220,Wazir Khosla,Malhotra and Sons,Content Marketing,Pune,249695
5221,Jasmit Lalla,"Dash, Walla and Sehgal",Meta Ads,Kolkata,41523
5222,Aahana Radhakrishnan,Verma-Wason,Website Development,Bangalore,186682
5223,Ekavir Deep,"Minhas, Oza and Dhillon",SEO,Jaipur,100064
5224,Teerth Gade,"Sachdev, Devan and Tank",Social Media Marketing,Hyderabad,112027
5225,Janya Sharma,Dewan-Narula,Social Media Marketing,Kolkata,125198
5226,Agastya Hayre,Bali-Sabharwal,SEO,Ahmedabad,219247
5227,Fiyaz Barman,Bajwa-Goyal,Meta Ads,Hyderabad,285077
5228,Varenya Baria,Tiwari Inc,Google Ads,Bangalore,116449
5229,Quincy Sharma,Chhabra-Dubey,Website Development,Pune,250095
5230,Unnati Saha,Sangha-Saran,SEO,Kolkata,56376
5231,Bhavani Sehgal,"Suri, Nagar and Ratta",Website Development,Hyderabad,104461
5232,Eta Parekh,Ganesan and Sons,Meta Ads,Pune,49734
5233,Nandini Dhillon,Rau-Dugar,Google Ads,Delhi,234918
5234,Anika Sangha,Kalla-Ganguly,SEO,Mumbai,188640
5235,Turvi Karan,Narayan Ltd,Social Media Marketing,Jaipur,95228
5236,Anirudh Sathe,Dalal-Nadig,Google Ads,Bangalore,23094
5237,Banjeet Bhatnagar,Som-Pradhan,Content Marketing,Jaipur,50627
5238,Maanas Choudhry,"Wable, Dhar and Konda",Content Marketing,Delhi,137712
5239,Banjeet Dara,Mohan PLC,SEO,Delhi,30377
5240,Bakhshi Sandal,Nadkarni-Kapoor,Email Marketing,Ahmedabad,168094
5241,Aadi Lad,"Dhawan, Palla and Sagar",Content Marketing,Kolkata,144607
5242,Tanvi Prakash,Subramanian Inc,Email Marketing,Hyderabad,200956
5243,Bhavya Srivastava,"Konda, Sami and Mane",Email Marketing,Kolkata,100288
5244,Praneel Chaudry,Kari Ltd,Email Marketing,Pune,137356
5245,Karan Panchal,"Kala, Narula and Pau",Meta Ads,Hyderabad,111411
5246,Harish Dua,Sharaf-Murty,Content Marketing,Hyderabad,104052
5247,Harita Kala,"Som, Ahluwalia and Kata",Social Media Marketing,Jaipur,246354
5248,Raksha Mallick,Mander-Lalla,AI Chatbot Development,Mumbai,42311
5249,Faris Sarkar,Majumdar-Raja,Email Marketing,Ahmedabad,139005
5250,Christopher Kala,"Goswami, Yohannan and Bobal",Content Marketing,Mumbai,205042
5251,Warhi Kunda,Gulati-Tiwari,Website Development,Ahmedabad,240798
5252,Shivansh Kalla,Rastogi Inc,Content Marketing,Kolkata,257141
5253,Ronith Dewan,Sami-Sane,Email Marketing,Ahmedabad,263016
5254,Bhavani Parikh,Hayer PLC,Social Media Marketing,Pune,190923
5255,Om Banerjee,Luthra-Wali,Content Marketing,Mumbai,297839
5256,Christopher Chadha,Gola-Rattan,Website Development,Bangalore,133749
5257,Saumya Sant,Wali Inc,Website Development,Bangalore,210534
5258,Upadhriti Doctor,"Oak, Khosla and Rajagopal",Email Marketing,Ahmedabad,216511
5259,Mohini Gulati,"Mammen, Krish and Rajan",AI Chatbot Development,Bangalore,225955
5260,Harita Sahni,Prabhu Ltd,Meta Ads,Kolkata,76963
5261,Dayamai Dar,Padmanabhan Group,Email Marketing,Hyderabad,236068
5262,Yug Nair,Bajaj PLC,SEO,Bangalore,133863
5263,Bina Mahajan,Pandya-Chacko,Social Media Marketing,Mumbai,221478
5264,Oni Bandi,"Mand, Tripathi and Badal",Content Marketing,Mumbai,252249
5265,Kala Jaggi,Dora Inc,SEO,Bangalore,222359
5266,Aashi Sodhi,Sandal and Sons,Meta Ads,Hyderabad,101713
5267,Joshua Varma,"Gola, Bir and Datta",Content Marketing,Bangalore,99001
5268,Vanya Rajagopalan,Kumar-Pall,Content Marketing,Pune,265670
5269,Kevin Chakraborty,Grewal-Nori,Website Development,Mumbai,275163
5270,Jatin Wadhwa,Johal Group,Social Media Marketing,Jaipur,70889
5271,Vasana Sem,Varughese-Mannan,Google Ads,Delhi,31254
5272,Ira Madan,Baral-Chanda,SEO,Jaipur,193805
5273,Bina Oza,Deo-Chaudhary,Google Ads,Pune,207011
5274,Siya Sagar,"Yohannan, Srinivasan and Sahni",Website Development,Mumbai,131679
5275,Gaurangi Bali,Reddy PLC,AI Chatbot Development,Delhi,210285
5276,Vihaan Biswas,"Saini, Chadha and Kalla",Social Media Marketing,Kolkata,269082
5277,Fitan Lad,"Pillay, Sarin and Sarma",Social Media Marketing,Mumbai,171907
5278,Pahal Dayal,De LLC,AI Chatbot Development,Delhi,103787
5279,Eiravati Datta,Baral PLC,Meta Ads,Mumbai,237676
5280,Rudra Pillai,Chaudry Inc,Google Ads,Ahmedabad,102984
5281,Radhika Lad,"Dash, Bobal and Ravi",Email Marketing,Hyderabad,150752
5282,Sarthak Kala,Bains Ltd,Google Ads,Mumbai,253257
5283,Abhimanyu Dey,Som PLC,Google Ads,Jaipur,91092
5284,Samarth Sawhney,Natt-Sura,Content Marketing,Kolkata,218899
5285,Laksh Tata,"Bhardwaj, Sha and Toor",Email Marketing,Mumbai,30461
5286,Vasatika Rao,Mahal-Oza,Social Media Marketing,Kolkata,115333
5287,Falan Hans,Kalla PLC,Email Marketing,Jaipur,277827
5288,Bhavika Bobal,Gopal-Golla,Social Media Marketing,Pune,64569
5289,Krish Bansal,"Lata, Sawhney and Toor",Social Media Marketing,Delhi,112922
5290,Dhriti Rai,"Dugar, Nayak and Vyas",Meta Ads,Hyderabad,226368
5291,Adya Halder,Agate-Dutta,Meta Ads,Delhi,123353
5292,Bachittar Doctor,Bala-Sangha,Social Media Marketing,Hyderabad,63554
5293,Siya Sachdev,"Bava, Koshy and Gaba",Social Media Marketing,Kolkata,28365
5294,Pratyush Samra,"Krishnamurthy, Kalita and Dugar",Content Marketing,Mumbai,211478
5295,Yug Swaminathan,Loke PLC,AI Chatbot Development,Bangalore,289181
5296,Alexander Ram,Sodhi and Sons,AI Chatbot Development,Jaipur,276696
5297,Wishi Palla,"Kumar, Bose and Sarraf",Social Media Marketing,Mumbai,47268
5298,Siya Chaudhry,Manda-Chaudhary,Website Development,Hyderabad,157947
5299,Brijesh Bakshi,"Bava, Solanki and Sathe",Email Marketing,Ahmedabad,196956
5300,Ethan Srivastava,Pal-Amble,SEO,Hyderabad,260169
5301,Mugdha Patel,Aggarwal LLC,Google Ads,Pune,36448
5302,Jagvi Grewal,Bala-Mohan,Meta Ads,Jaipur,30072
5303,Rishi Gupta,Borde-Mane,AI Chatbot Development,Ahmedabad,124670
5304,Aarush Andra,Murty Group,Email Marketing,Ahmedabad,223631
5305,Vedhika Chaudhuri,Chandra LLC,SEO,Hyderabad,216682
5306,Max Sachdeva,Rajagopalan-Chanda,Social Media Marketing,Pune,288741
5307,Radha Amble,Sani Group,Content Marketing,Ahmedabad,199373
5308,Sanya Swaminathan,Char and Sons,Meta Ads,Pune,157147
5309,Vasatika Mitter,Hari Ltd,Website Development,Kolkata,167661
5310,Wakeeta Ravi,Purohit-Kumer,AI Chatbot Development,Delhi,255863
5311,Laksh Rastogi,Dey-Chaudhuri,Google Ads,Pune,286753
5312,Lekha Narayan,"Bhagat, Prasad and Sane",Google Ads,Jaipur,87384
5313,Alexander Nazareth,Atwal PLC,Google Ads,Bangalore,59014
5314,Jackson Goda,"Oza, Mandal and Sem",Meta Ads,Pune,54057
5315,Ayushman Mahajan,Ben-Rajagopal,Meta Ads,Bangalore,65815
5316,Wyatt Swamy,Kumar PLC,Google Ads,Jaipur,27050
5317,Onkar Dora,Ramaswamy Inc,Social Media Marketing,Delhi,101916
5318,Qarin Arya,"Batra, Sama and Seth",Email Marketing,Pune,75486
5319,Upma Khatri,"Vora, Kothari and Sharma",Google Ads,Jaipur,92726
5320,Aarush Chhabra,"Nagi, Narula and Baria",Website Development,Delhi,117294
5321,Yashica Pillai,Thakur LLC,Google Ads,Delhi,22013
5322,Januja Lala,Das Ltd,Content Marketing,Bangalore,130215
5323,Chandani Memon,Varghese Ltd,SEO,Delhi,222847
5324,Gautami Baria,"Saran, Banerjee and Dubey",Social Media Marketing,Bangalore,269584
5325,Advaith Madan,Rau-Ray,Website Development,Kolkata,117551
5326,Urmi Palan,"Manda, Mahal and Kar",Email Marketing,Hyderabad,52121
5327,Brinda Minhas,Merchant-Menon,Email Marketing,Mumbai,286120
5328,Advay Shere,"Prashad, Gala and Balasubramanian",SEO,Delhi,112196
5329,Lakshmi Dass,Saraf-Lad,Website Development,Hyderabad,95441
5330,Parth Parsa,"Pandey, Ben and Sanghvi",Website Development,Delhi,59730
5331,Turvi Bansal,Ratti-Bhardwaj,Website Development,Mumbai,188509
5332,Chakradhar More,Srinivas PLC,Website Development,Mumbai,226919
5333,Ayaan Loke,Rajagopalan-Mangat,AI Chatbot Development,Ahmedabad,285632
5334,Gaurav Dewan,Mallick Group,AI Chatbot Development,Bangalore,243621
5335,Vyanjana Koshy,Lal-Golla,AI Chatbot Development,Pune,146233
5336,Eiravati Narayan,"Bhat, Acharya and Gulati",SEO,Hyderabad,167560
5337,Madhavi Badami,Vaidya and Sons,Meta Ads,Delhi,52306
5338,Yatan Hayre,Ghosh-Pai,Google Ads,Kolkata,200472
5339,Aarav Gera,"Oommen, Suri and Kibe",SEO,Ahmedabad,61917
5340,Indira Rai,Garg-Parmer,Email Marketing,Jaipur,66258
5341,Vanya Chhabra,Kari Group,Social Media Marketing,Pune,54539
5342,Hiral Raghavan,"Narayanan, Mammen and Aurora",AI Chatbot Development,Pune,256342
5343,Jalsa Nagi,Ramanathan Group,Social Media Marketing,Kolkata,214219
5344,Geetika Oza,Agate-Verma,Email Marketing,Hyderabad,276422
5345,Harsh Butala,Manne-Sehgal,Social Media Marketing,Bangalore,139596
5346,Daksha Radhakrishnan,Edwin and Sons,Meta Ads,Jaipur,205018
5347,Mekhala Parekh,"Tara, Chaudhuri and Babu",Content Marketing,Kolkata,262032
5348,Noah Kumer,Kale Ltd,Social Media Marketing,Ahmedabad,263072
5349,Yochana Kara,Kumer-Dasgupta,Email Marketing,Kolkata,100050
5350,Prisha Wagle,Menon Ltd,Meta Ads,Ahmedabad,239989
5351,Aditya Randhawa,Salvi-Kanda,SEO,Mumbai,186054
5352,Harish Nadig,Hayer-Garg,Content Marketing,Mumbai,229410
5353,Harita Chakraborty,"Chopra, Palla and Apte",Social Media Marketing,Jaipur,247740
5354,Megha Bhakta,"Dutt, Datta and Srinivas",Meta Ads,Mumbai,116421
5355,Triya Gera,Vohra-Sethi,Website Development,Delhi,28592
5356,Nikita Sem,"Majumdar, Kunda and Pal",Content Marketing,Kolkata,98590
5357,Faraj Gupta,"Salvi, Hayre and Comar",AI Chatbot Development,Pune,123681
5358,Timothy Madan,Rau-Rana,SEO,Kolkata,225642
5359,Leela Goda,Sekhon Ltd,Meta Ads,Hyderabad,165578
5360,Kavya Setty,Palan Inc,Website Development,Bangalore,275084
5361,Turvi Gill,Malhotra Ltd,Email Marketing,Ahmedabad,248121
5362,Aarush Anand,Hayre-Bahri,Meta Ads,Kolkata,51331
5363,Oscar Purohit,"Kunda, Bumb and Gour",Social Media Marketing,Delhi,55078
5364,Yachana Narula,"Thaman, Yadav and Balakrishnan",Social Media Marketing,Kolkata,171687
5365,Bakhshi Gandhi,"Bath, Chaudhari and Behl",Meta Ads,Bangalore,291981
5366,Udant Subramaniam,"Ganguly, Dey and Patla",Email Marketing,Bangalore,238284
5367,David Savant,Khatri-Gade,Email Marketing,Jaipur,181484
5368,Maanas Kumer,Savant-Loyal,Meta Ads,Pune,182850
5369,Onveer Borah,Issac-Contractor,Content Marketing,Delhi,87857
5370,Jalsa Parmar,Dara-Taneja,AI Chatbot Development,Pune,215745
5371,Tanmayi Wali,Chauhan-Apte,Meta Ads,Pune,268262
5372,Nisha Barad,Date-Zacharia,Google Ads,Jaipur,254397
5373,Simon Sarna,Babu-Patla,Social Media Marketing,Ahmedabad,149032
5374,Gayathri Om,Doctor Group,Website Development,Pune,142388
5375,Meera Varty,"Bose, Buch and Goda",Social Media Marketing,Kolkata,167079
5376,Jasmit Bajaj,Mitra-Kamdar,Social Media Marketing,Pune,121909
5377,Zehaan Buch,Palla Inc,Meta Ads,Pune,140023
5378,Girindra Nagarajan,Loyal Inc,Website Development,Bangalore,276160
5379,Eshana Kumar,Luthra-Khosla,Email Marketing,Jaipur,184343
5380,Netra Sani,"Saini, Thaman and Sani",Google Ads,Ahmedabad,97780
5381,Upkaar Butala,Sanghvi Ltd,Social Media Marketing,Delhi,297471
5382,Sachi Balasubramanian,Swaminathan PLC,Email Marketing,Kolkata,159464
5383,Naksh Butala,Bala-Loke,Google Ads,Kolkata,224250
5384,Anika Mane,"Kara, Dixit and Baria",Website Development,Hyderabad,95016
5385,Lipika Edwin,"Talwar, Boase and Parmer",Social Media Marketing,Jaipur,268379
5386,Kabir Dada,Choudhry-Prasad,Website Development,Bangalore,21600
5387,Krish Pall,"Banik, Swaminathan and Pall",Social Media Marketing,Pune,272996
5388,Advaith Nagi,Kunda-Lad,Meta Ads,Hyderabad,187790
5389,Oni Parmar,Wali-Balay,Email Marketing,Pune,124888
5390,Omaja Thaker,Modi LLC,Website Development,Delhi,174989
5391,Vivaan Wali,Sandhu-Chaudhuri,SEO,Bangalore,294465
5392,Aachal Natt,"Chaudhry, Nazareth and Kamdar",AI Chatbot Development,Bangalore,217136
5393,Kamala Sridhar,"Buch, Gera and Kakar",Content Marketing,Jaipur,176330
5394,Girish Pant,"Shanker, Date and Ram",AI Chatbot Development,Bangalore,95528
5395,Gavin Chhabra,Tiwari LLC,AI Chatbot Development,Jaipur,35110
5396,Balendra Khurana,Sant Group,Content Marketing,Delhi,213269
5397,Upasna Andra,Chahal-Brar,Email Marketing,Mumbai,254191
5398,Vidhi Khosla,Keer LLC,Content Marketing,Mumbai,252856
5399,Frederick Chaudry,Sahota-Vora,Social Media Marketing,Delhi,163420
5400,Shravya Ganesh,Doshi Group,Email Marketing,Hyderabad,123694
5401,Chaaya Gera,"Arya, Basu and Krishnan",Email Marketing,Hyderabad,105407
5402,Neel Sharma,"Kadakia, Behl and Loyal",Meta Ads,Pune,28889
5403,Rayaan Venkatesh,Johal LLC,Google Ads,Jaipur,191199
5404,Charles Suresh,Tandon PLC,Email Marketing,Pune,94319
5405,Harini Nayar,Mallick-Som,Social Media Marketing,Ahmedabad,33351
5406,Advika Aggarwal,"Pai, Tiwari and Doctor",Content Marketing,Pune,227375
5407,Chandran Andra,"Bawa, Bedi and Bhakta",Meta Ads,Pune,38105
5408,Libni Pai,"Bail, Borah and Parmer",AI Chatbot Development,Pune,40647
5409,Vincent Dara,Patla-Divan,SEO,Mumbai,280401
5410,Gayathri Ganesh,Majumdar and Sons,Google Ads,Delhi,93353
5411,Brinda Purohit,Banerjee Group,Meta Ads,Delhi,294087
5412,Garima Chowdhury,"Buch, Hari and Chand",Meta Ads,Bangalore,68160
5413,Zilmil Sachdev,Nair-Doshi,Social Media Marketing,Pune,197292
5414,Keya Rajagopal,Murthy-Date,Google Ads,Ahmedabad,200131
5415,Harini Patil,Korpal-Dey,Google Ads,Kolkata,230008
5416,Varenya Thakur,Kakar and Sons,SEO,Ahmedabad,227612
5417,Jeet Chaudhari,"Merchant, Mohanty and Parmar",Meta Ads,Delhi,128661
5418,Nidra Master,Ramachandran-Anand,Email Marketing,Mumbai,80423
5419,Kevin Mitra,"Roy, Gour and Johal",AI Chatbot Development,Bangalore,145443
5420,Ishaan Grewal,Sahota-Borra,SEO,Jaipur,47516
5421,Jeet Gopal,Agarwal-Pillai,Website Development,Kolkata,42227
5422,Leela Pau,"Sankaran, Borde and D’Alia",SEO,Bangalore,141983
5423,Bishakha Kala,Date LLC,Meta Ads,Mumbai,282450
5424,Vasana Sethi,Mannan and Sons,Social Media Marketing,Pune,223174
5425,Robert Zachariah,Tata-Deo,Content Marketing,Jaipur,287516
5426,Samesh Verma,Yadav-Ravel,AI Chatbot Development,Kolkata,32327
5427,Priya Mahajan,Keer-Grewal,Content Marketing,Delhi,41039
5428,Devansh Jain,Bumb-Baral,Website Development,Jaipur,129490
5429,Unnati Rastogi,"Rao, Balakrishnan and Mohanty",Website Development,Kolkata,23749
5430,Sanaya Contractor,Rao LLC,Social Media Marketing,Delhi,212999
5431,Barkha Dube,"Buch, Behl and Mallick",Meta Ads,Ahmedabad,131557
5432,Libni Mani,Chokshi-Dhaliwal,Meta Ads,Jaipur,167543
5433,Maya Vyas,Bhatia-Biswas,AI Chatbot Development,Pune,287848
5434,Girish Sankaran,Naik-Manne,Content Marketing,Mumbai,125689
5435,Nimrat Kohli,"Narain, Kumar and Bajaj",AI Chatbot Development,Pune,122641
5436,Brijesh Sawhney,Memon Ltd,Social Media Marketing,Hyderabad,225852
5437,Bimala Edwin,Sarin PLC,Google Ads,Hyderabad,256794
5438,Lipika Bhatnagar,Subramanian-Mody,SEO,Kolkata,288333
5439,Yauvani Kaul,Randhawa Group,Content Marketing,Bangalore,116905
5440,Advik Devi,"Srinivas, Sachdev and Hora",Google Ads,Jaipur,223136
5441,Brijesh Kaul,Cherian-Pant,Google Ads,Bangalore,124932
5442,Januja Palan,Datta-Dalal,AI Chatbot Development,Bangalore,179053
5443,Bina Suri,Butala-Vora,Social Media Marketing,Kolkata,48504
5444,Abha Agarwal,"Chander, Verma and Varma",Website Development,Hyderabad,133668
5445,Xalak Salvi,Chandra Ltd,SEO,Hyderabad,26480
5446,Kamala Shroff,"Zachariah, Shankar and Som",Website Development,Mumbai,195076
5447,Nakul Bains,"Brahmbhatt, Bora and Aurora",Website Development,Kolkata,223723
5448,Yashawini Tak,Cherian Group,Social Media Marketing,Kolkata,224867
5449,Panini Chahal,Gour PLC,Meta Ads,Kolkata,271750
5450,Ansh Mittal,Wadhwa Group,AI Chatbot Development,Bangalore,60723
5451,Siddharth Parmar,"Sem, Biswas and Ghose",Google Ads,Jaipur,36357
5452,Wyatt Hayre,Bava-Loyal,SEO,Jaipur,163776
5453,Reva Sodhi,Gade Group,SEO,Hyderabad,253339
5454,Kabir Bahl,"Pathak, Choudhary and Bahl",Content Marketing,Mumbai,70977
5455,Peter Issac,Sandal-Salvi,SEO,Pune,132883
5456,Charles Baria,Rout PLC,Website Development,Ahmedabad,215465
5457,Shivansh Nagy,"Natarajan, Varty and Shanker",Google Ads,Hyderabad,238883
5458,Aarush Lall,Guha-Dara,SEO,Hyderabad,38346
5459,Girish Patil,Pillay-Patla,Google Ads,Hyderabad,94364
5460,Faqid Ramakrishnan,Som-Khurana,AI Chatbot Development,Kolkata,127303
5461,Rushil Doctor,Ramesh and Sons,Google Ads,Jaipur,269825
5462,Shravya Venkatesh,Om PLC,Meta Ads,Jaipur,79027
5463,Guneet Cherian,"Saha, Char and Thakur",Google Ads,Bangalore,258679
5464,Jagvi Saxena,Sarraf-Singhal,AI Chatbot Development,Hyderabad,31827
5465,Krishna Halder,Nayar-Bhavsar,Email Marketing,Delhi,100370
5466,Quincy Andra,"Din, Kade and Mane",Website Development,Delhi,228424
5467,Lila Kant,Tata Inc,Content Marketing,Jaipur,39483
5468,Idika Krishnan,Patla-Krishna,Email Marketing,Ahmedabad,264161
5469,Samaksh Kannan,Nadig and Sons,Content Marketing,Mumbai,26956
5470,Darpan Gulati,Sandal-Vala,SEO,Delhi,167232
5471,Pahal Pandit,Bhargava Group,AI Chatbot Development,Kolkata,126272
5472,Sarthak Morar,Chokshi-Sur,AI Chatbot Development,Jaipur,162586
5473,Zarna Shan,Nazareth Inc,Website Development,Bangalore,254875
5474,Reva Reddy,"Bala, Behl and Gala",SEO,Jaipur,248245
5475,Pranit Modi,"Jayaraman, Chatterjee and Zacharia",Email Marketing,Bangalore,44795
5476,Samuel Chokshi,Choudhry-Rastogi,AI Chatbot Development,Pune,66355
5477,Jatin Tara,Banik Inc,Social Media Marketing,Kolkata,267713
5478,Om Pillay,"Kade, Nagarajan and Nagar",Meta Ads,Pune,214653
5479,Mitesh Peri,"Bhatti, Balasubramanian and Agrawal",Meta Ads,Pune,201816
5480,Harish Chander,"Khatri, Dua and Patil",Content Marketing,Mumbai,230648
5481,Anthony Rajagopal,"Parmar, Rattan and Radhakrishnan",Social Media Marketing,Kolkata,202157
5482,Ikshita Talwar,Merchant Inc,AI Chatbot Development,Mumbai,279266
5483,Harshil Devan,"Manda, Nazareth and Palan",Content Marketing,Pune,246341
5484,Ayushman Mishra,"Vig, Sankaran and Issac",Google Ads,Hyderabad,92163
5485,Aditya Sahota,Mahal-Mitter,Social Media Marketing,Pune,264609
5486,Thomas Sodhi,Nadkarni Group,Email Marketing,Mumbai,42416
5487,Zehaan Ranganathan,Sankar Group,Social Media Marketing,Mumbai,199122
5488,Raghav Dugar,Bhatnagar-Nair,Meta Ads,Mumbai,127905
5489,Fiyaz Kale,Kale-Mani,Content Marketing,Delhi,239664
5490,Frado Babu,Bala-Sur,Google Ads,Jaipur,292403
5491,Girish Bhardwaj,"Dey, Wagle and Sathe",Google Ads,Jaipur,153545
5492,Avni Roy,Date-Prakash,Meta Ads,Bangalore,195583
5493,Zayyan Khosla,Sahni-Ghose,Email Marketing,Delhi,190649
5494,Laksh Ganesan,"Shukla, Tank and Shukla",Social Media Marketing,Ahmedabad,294266
5495,Imaran Bhatt,Bains-Sahni,Content Marketing,Bangalore,204095
5496,Anita Choudhary,"Bala, Upadhyay and Rout",Content Marketing,Delhi,138391
5497,Aayush Mallick,Khurana Group,Email Marketing,Mumbai,118739
5498,Dipta Jani,Mani-Rattan,SEO,Delhi,279628
5499,Yuvraj Sinha,"Nair, Grewal and Barad",Meta Ads,Delhi,180723
5500,Pranit Dutt,Kothari-Desai,Website Development,Ahmedabad,178784
5501,Hardik Sodhi,Tara-Shankar,Website Development,Delhi,120142
5502,Neha Walia,"Dhillon, Sengupta and Bains",SEO,Jaipur,36304
5503,Vasana Srinivasan,Bajaj and Sons,AI Chatbot Development,Delhi,128573
5504,Yadavi Shah,Mohan-Lad,Meta Ads,Delhi,55138
5505,Kamya Mahal,Rau PLC,AI Chatbot Development,Kolkata,82365
5506,Samar Memon,Narang Ltd,Content Marketing,Pune,231288
5507,Nathan Bassi,Kapur Inc,SEO,Hyderabad,199919
5508,Advay Chhabra,Bobal-Bandi,Content Marketing,Pune,129286
5509,Gavin Sampath,Dua LLC,AI Chatbot Development,Ahmedabad,270840
5510,Ishaan Dalal,"Sanghvi, Bhalla and Lala",SEO,Kolkata,36524
5511,Dev Dara,"Master, Apte and Bumb",Email Marketing,Pune,204285
5512,Chavvi Palan,Gala-Rastogi,SEO,Hyderabad,268301
5513,Barkha Yogi,"Rout, Shah and Nath",Content Marketing,Delhi,241617
5514,Gavin Chana,Vig-Khurana,Social Media Marketing,Kolkata,34327
5515,Joshua Bava,Kashyap Group,Content Marketing,Jaipur,275563
5516,Deepa Handa,Bansal Ltd,Google Ads,Kolkata,152202
5517,Amaira Rattan,Bera Group,Google Ads,Delhi,148654
5518,Ayush Uppal,Narang-Kuruvilla,Google Ads,Kolkata,219151
5519,Jeet Dalal,Tella-Varughese,Social Media Marketing,Bangalore,266037
5520,Jonathan Malhotra,"Sethi, Badami and Kapur",SEO,Pune,182431
5521,Gaurika Ram,D’Alia-Jain,Email Marketing,Bangalore,235276
5522,Gaurang Sunder,Misra-Suresh,Google Ads,Jaipur,87310
5523,Bhavya Kala,Bal Group,SEO,Kolkata,56228
5524,Nihal Dutta,"Hayer, Iyer and Kumar",Meta Ads,Kolkata,164043
5525,Tanvi Lalla,Saran-Agarwal,Content Marketing,Jaipur,152751
5526,Lucky Soman,Sehgal-Banerjee,Google Ads,Kolkata,111183
5527,Isaac Savant,"Lanka, Vasa and Murthy",Email Marketing,Hyderabad,105325
5528,Tara Khurana,"Tiwari, Patil and Vala",SEO,Hyderabad,193757
5529,Ria Rege,Banerjee PLC,Content Marketing,Delhi,101157
5530,Arin Parikh,"Sahota, Dara and Ben",Google Ads,Bangalore,272783
5531,Wakeeta Shere,Choudhary-Kar,Email Marketing,Bangalore,22984
5532,Oeshi Aggarwal,"Barad, Hora and Chaudry",Content Marketing,Mumbai,217509
5533,Omya Desai,Kaul-Hayre,SEO,Hyderabad,115775
5534,Caleb Zachariah,"Sule, Hora and Walia",Website Development,Pune,278658
5535,Champak Sankar,Mangat Ltd,Website Development,Kolkata,80864
5536,Aadi Kota,Dani Group,Google Ads,Mumbai,92983
5537,Odika Vaidya,Talwar-Narayan,Meta Ads,Jaipur,249689
5538,Hemani Natarajan,"Basu, Chhabra and Jani",Email Marketing,Pune,245429
5539,Anusha Singh,"Atwal, Bhattacharyya and Luthra",SEO,Pune,75746
5540,Naksh Dua,Warrior Ltd,Content Marketing,Kolkata,37582
5541,Theodore Borra,Manda-Aggarwal,AI Chatbot Development,Ahmedabad,241383
5542,Neel Sridhar,Dhaliwal Ltd,Google Ads,Delhi,65740
5543,Nidhi Krishna,"Dubey, Lall and Rau",AI Chatbot Development,Pune,268840
5544,Upadhriti Saha,Zacharia Group,Content Marketing,Bangalore,92103
5545,Wakeeta Hegde,Chhabra Ltd,Google Ads,Jaipur,104932
5546,Baljiwan Sur,Shere Inc,Google Ads,Mumbai,123031
5547,Michael Subramaniam,Shanker-Nagi,Email Marketing,Pune,157891
5548,Noah Hora,"Joshi, Sengupta and Mukherjee",Email Marketing,Delhi,117260
5549,Rudra Dugar,"Kale, Sha and Tak",Content Marketing,Delhi,40843
5550,Upkaar Mani,Jhaveri Inc,Website Development,Bangalore,97273
5551,Nihal Chawla,"Narain, Bhagat and Manda",AI Chatbot Development,Mumbai,224844
5552,Chakradev Buch,Thaker PLC,SEO,Pune,51454
5553,Kevin Bumb,Munshi PLC,SEO,Delhi,295022
5554,Harrison Saini,Srinivas-Biswas,AI Chatbot Development,Jaipur,179039
5555,Dipta Brar,Andra PLC,Meta Ads,Pune,147756
5556,Aadi Ahluwalia,Prabhakar and Sons,Email Marketing,Bangalore,118915
5557,Abha Varty,"Iyengar, Ramesh and Dubey",Email Marketing,Kolkata,270994
5558,Zashil Chand,"Goel, Maharaj and Pandit",Website Development,Delhi,110396
5559,Balvan Pal,"Nair, Viswanathan and Atwal",Content Marketing,Delhi,96604
5560,Onkar Panchal,Badal-Ganesan,Meta Ads,Mumbai,55648
5561,Maanas Kara,Gulati LLC,Email Marketing,Delhi,106367
5562,Tara Mutti,Doshi Inc,Website Development,Ahmedabad,209646
5563,Rajeshri Jani,Kalla Inc,Website Development,Hyderabad,233066
5564,Krishna Mukherjee,"Sami, Issac and Chatterjee",SEO,Ahmedabad,42496
5565,Ati Hayre,Garde Group,Social Media Marketing,Ahmedabad,34504
5566,Unni Mital,Sood-Pillai,Website Development,Pune,224879
5567,Samesh Sinha,"Karan, Vig and Sarin",Email Marketing,Bangalore,86755
5568,Oeshi Bains,Bora PLC,Email Marketing,Ahmedabad,102462
5569,Chavvi Pathak,Rajagopalan-Nagarajan,Website Development,Hyderabad,280641
5570,Xalak Chana,"Bhargava, Sengupta and Biswas",Google Ads,Ahmedabad,36207
5571,Zaid Das,Chana Inc,Content Marketing,Delhi,64481
5572,Vamakshi Nagi,Kunda-Bhargava,Meta Ads,Jaipur,213735
5573,Ansh Kuruvilla,"Sanghvi, Sangha and Vala",AI Chatbot Development,Ahmedabad,167237
5574,Rushil Saran,Sahni Group,Email Marketing,Pune,179119
5575,Bhavini Chopra,"Bahri, Kamdar and Upadhyay",Social Media Marketing,Hyderabad,266369
5576,Azaan Uppal,"Saran, Sharaf and Wali",Email Marketing,Ahmedabad,91967
5577,Ekbal Ganguly,Ratta LLC,Email Marketing,Pune,67703
5578,Lucky Wason,Mann-Batta,Email Marketing,Pune,299308
5579,Nidhi Guha,"Barad, Joshi and Sheth",Google Ads,Hyderabad,160620
5580,Nimrat Dixit,"Savant, Wason and Prasad",AI Chatbot Development,Hyderabad,289231
5581,Frado Pau,Natt-Mammen,Website Development,Pune,189955
5582,Indali Ghosh,"Roy, Muni and Vasa",Website Development,Bangalore,202721
5583,Ekapad Chana,"Jayaraman, Bakshi and Sane",AI Chatbot Development,Bangalore,195635
5584,Tanvi Suresh,Dash PLC,Content Marketing,Hyderabad,158364
5585,Yatan Hora,Narayanan-Sachdeva,Content Marketing,Bangalore,93021
5586,Harini Shan,Warrior-Choudhury,AI Chatbot Development,Bangalore,209523
5587,Ishaan Vaidya,"Chadha, Narang and Babu",Social Media Marketing,Bangalore,262583
5588,Triveni Som,Sarkar-Malhotra,Meta Ads,Delhi,172809
5589,Darsh Behl,"Sagar, Viswanathan and Kara",Website Development,Bangalore,196880
5590,Kala Narasimhan,Deol Ltd,Meta Ads,Kolkata,216607
5591,Bishakha Nagarajan,"Vohra, Chandra and Natarajan",Website Development,Ahmedabad,273935
5592,Om Yogi,"Naidu, Deshpande and Mane",AI Chatbot Development,Kolkata,198991
5593,Gaurav Basu,Saini-Thakkar,Meta Ads,Hyderabad,57775
5594,Hemang Rajagopalan,"Bera, Chaudhuri and Verma",AI Chatbot Development,Delhi,217426
5595,Yashoda Bhatnagar,Edwin LLC,Content Marketing,Jaipur,54889
5596,Imaran Deep,Chander-Virk,Website Development,Hyderabad,279551
5597,Om Singhal,Kumar-Pingle,Email Marketing,Hyderabad,287973
5598,Umang Devi,Ramaswamy Ltd,Content Marketing,Bangalore,159303
5599,Baghyawati Saxena,"Wagle, Chadha and Kibe",SEO,Ahmedabad,276670
5600,Jonathan Anne,Raj-Naidu,Google Ads,Kolkata,249204
5601,Kamala Purohit,Singhal-Sundaram,Content Marketing,Pune,82623
5602,Abdul Palla,"Sathe, Dutt and Bhatia",Meta Ads,Mumbai,84443
5603,Triya Rajagopalan,"Narasimhan, Lad and Loyal",Social Media Marketing,Jaipur,41513
5604,Januja Prashad,Chacko-Baria,Google Ads,Hyderabad,76340
5605,Aditya Bhatti,"Gill, Chada and Nagy",AI Chatbot Development,Mumbai,70274
5606,Anya Kulkarni,Randhawa-Keer,Content Marketing,Bangalore,40938
5607,Vinaya Banerjee,Dhillon-Shenoy,SEO,Jaipur,78422
5608,Michael Balakrishnan,"Bora, Iyengar and Kannan",Social Media Marketing,Hyderabad,168996
5609,David Padmanabhan,"Rau, Bawa and Ray",Content Marketing,Bangalore,140842
5610,Meghana Goda,Parsa PLC,Website Development,Hyderabad,205362
5611,Chakradev Menon,Kalla-Loke,Website Development,Mumbai,32034
5612,Nidhi Raj,Luthra-Badami,Social Media Marketing,Bangalore,110094
5613,Karan Lala,Vasa-Badal,Content Marketing,Bangalore,29143
5614,Kalpit Pingle,Hayer-Rajagopalan,Meta Ads,Delhi,161415
5615,Vrinda Mitter,"Bhalla, Bhattacharyya and Dara",Email Marketing,Delhi,70165
5616,Gagan Agarwal,Vora-Kala,Website Development,Ahmedabad,135853
5617,Maanas Kapadia,Ahluwalia-Balay,Website Development,Kolkata,106844
5618,Dipta Dube,Bal PLC,Meta Ads,Bangalore,166523
5619,Jack Patil,Mukherjee Inc,Google Ads,Jaipur,145184
5620,Triveni Singhal,Chatterjee LLC,AI Chatbot Development,Ahmedabad,222743
5621,Chakradev Sarkar,"Handa, Lal and Bath",Email Marketing,Bangalore,141729
5622,Ekapad Goyal,Gola-Ganesh,Google Ads,Delhi,234189
5623,Wriddhish Dar,Singhal-Mand,Email Marketing,Kolkata,98845
5624,Manan Goswami,Tara LLC,Content Marketing,Ahmedabad,32072
5625,Balveer Narain,Bajaj PLC,AI Chatbot Development,Bangalore,277697
5626,Anjali Sabharwal,Bumb-Dugar,Content Marketing,Pune,188862
5627,Faris Chaudhary,Sehgal Group,SEO,Kolkata,286107
5628,Qabil Chaudhary,Dua-Sheth,Content Marketing,Kolkata,127725
5629,Radhika Basak,"Gandhi, Kuruvilla and Bath",Social Media Marketing,Mumbai,60557
5630,Yahvi Sarna,"Thaker, Guha and Virk",Content Marketing,Mumbai,231815
5631,Udarsh Prakash,Mandal-Mammen,Website Development,Bangalore,184737
5632,Elijah Halder,"Dutt, Bhatti and Kata",Social Media Marketing,Ahmedabad,163729
5633,Faris Issac,Sami PLC,Website Development,Hyderabad,141055
5634,Watika Bali,"Rastogi, Peri and Agate",Content Marketing,Kolkata,32727
5635,Baljiwan Reddy,Kapoor-Buch,Website Development,Delhi,257107
5636,Abeer Singh,"Chadha, Gala and Divan",SEO,Ahmedabad,200975
5637,Ishaan Devan,Gupta PLC,Social Media Marketing,Ahmedabad,30744
5638,Ekalinga Saha,Saha-Wali,Email Marketing,Ahmedabad,253479
5639,Tejas Hora,Gulati Ltd,Content Marketing,Delhi,249303
5640,Thomas Sidhu,Apte-Thakur,AI Chatbot Development,Pune,139829
5641,Bhavani Singhal,Char Group,AI Chatbot Development,Pune,156241
5642,Bhanumati Kuruvilla,Toor-Sawhney,Email Marketing,Mumbai,108364
5643,Wahab Mangat,Apte-Bahl,Website Development,Bangalore,39028
5644,Jeevika Ramaswamy,Balan-Hegde,Content Marketing,Pune,45154
5645,Wahab Bhardwaj,"More, Panchal and Bava",Website Development,Delhi,103232
5646,Vasana Borah,Nagi and Sons,Google Ads,Jaipur,151277
5647,Yatin Gola,Chhabra and Sons,Google Ads,Hyderabad,257555
5648,Christopher Bhandari,"Soman, Din and Hayer",Meta Ads,Hyderabad,94257
5649,Tanay Chandra,Bajaj Ltd,Content Marketing,Hyderabad,117528
5650,Gavin Anne,Kannan-Chhabra,Website Development,Ahmedabad,183367
5651,Gaurav Anand,"Bhat, Sankar and Chadha",Meta Ads,Delhi,141538
5652,Krishna Bandi,"Gour, Sundaram and Mane",Google Ads,Jaipur,112245
5653,Damini Koshy,Nath-Butala,AI Chatbot Development,Kolkata,241912
5654,Amaira Jaggi,Kunda PLC,Meta Ads,Bangalore,29008
5655,Ishani Barad,Chad and Sons,Website Development,Delhi,55327
5656,Urvashi Upadhyay,Nath-Korpal,Google Ads,Hyderabad,113706
5657,Rehaan Rastogi,"Korpal, Pal and Wadhwa",Google Ads,Kolkata,213425
5658,Jyoti Sarma,Lal Ltd,Meta Ads,Mumbai,299790
5659,Manthan Mammen,Arora-Raju,Meta Ads,Bangalore,24585
5660,Jack Khurana,"Kothari, Nigam and Khatri",Social Media Marketing,Mumbai,162783
5661,Christopher Choudhry,"Atwal, Wagle and Prashad",SEO,Jaipur,226467
5662,Vrinda Kothari,"Munshi, Chaudhuri and Chakraborty",Meta Ads,Mumbai,45346
5663,Darika Sura,Tailor and Sons,Email Marketing,Mumbai,89358
5664,Harinakshi Kurian,Golla Ltd,Website Development,Pune,166421
5665,Samar Rao,Gulati Ltd,Email Marketing,Bangalore,258521
5666,Xalak Palla,"Sane, Grewal and Gole",Meta Ads,Delhi,150136
5667,Manthan Wali,Randhawa-Sama,Meta Ads,Jaipur,55166
5668,Bhanumati Barad,Sridhar Inc,Content Marketing,Mumbai,20300
5669,Aishani Lalla,Ravi-Talwar,AI Chatbot Development,Kolkata,297292
5670,Yash Prabhakar,Dar Inc,Email Marketing,Ahmedabad,231759
5671,David Tiwari,Mannan Group,Email Marketing,Pune,232440
5672,Darpan Konda,Chadha PLC,AI Chatbot Development,Ahmedabad,107501
5673,Amara Raval,Viswanathan Inc,Email Marketing,Mumbai,39092
5674,Dhruv Mitra,Dalal LLC,Website Development,Delhi,212676
5675,Saanvi Toor,"Ben, Walla and Agrawal",AI Chatbot Development,Delhi,236223
5676,Laban Pandey,Bala Ltd,Content Marketing,Ahmedabad,177033
5677,Azad Kulkarni,Gaba-Sani,Social Media Marketing,Jaipur,184912
5678,Atharv Chadha,Badal and Sons,Email Marketing,Bangalore,28410
5679,Farhan Kadakia,Seshadri-Sarin,Website Development,Ahmedabad,97159
5680,Arya Ganesan,Kurian-Gill,Email Marketing,Mumbai,178320
5681,Arin Grover,"Magar, Sarraf and Lala",Content Marketing,Bangalore,94614
5682,Luke Gulati,Rattan Ltd,SEO,Bangalore,250176
5683,Saumya Singh,Brahmbhatt-Hayre,AI Chatbot Development,Kolkata,229316
5684,Libni Batra,"Deep, Patil and Natt",Email Marketing,Kolkata,214808
5685,Qushi Chacko,"Bhandari, Kakar and Krish",Website Development,Kolkata,88374
5686,Ansh Bath,Ray Group,Content Marketing,Jaipur,148642
5687,Vedika Salvi,Shroff Group,Meta Ads,Delhi,174884
5688,Lila Ganesan,Bedi-Chanda,Social Media Marketing,Jaipur,203791
5689,Ishanvi Pai,Balakrishnan-Ratta,Email Marketing,Ahmedabad,247217
5690,Chakradhar Saha,Nagi PLC,Google Ads,Hyderabad,206003
5691,Chameli Nayak,Jayaraman LLC,Email Marketing,Jaipur,271374
5692,Isaac Bandi,Bhasin-Roy,Google Ads,Pune,193776
5693,George Chauhan,"Kapadia, D’Alia and Mody",Website Development,Hyderabad,285665
5694,Timothy Vig,Uppal Group,Meta Ads,Jaipur,73111
5695,Pahal Padmanabhan,Upadhyay-Lalla,Meta Ads,Hyderabad,51398
5696,Watika Jani,"Kar, Chaudhari and Dugar",SEO,Bangalore,293201
5697,Osha Kakar,"Varkey, Madan and Lata",Social Media Marketing,Jaipur,255069
5698,Ati Sandal,Oommen-Batta,Content Marketing,Pune,261325
5699,Hitesh De,Shukla-Thakur,Social Media Marketing,Pune,169383
5700,Manthan Murty,"Dhar, Chaudhari and Kota",Social Media Marketing,Jaipur,291055
5701,Daksha Bassi,Mann LLC,Google Ads,Kolkata,275599
5702,Fiyaz Merchant,"Shankar, Vora and Walla",Content Marketing,Jaipur,285262
5703,Meghana Srinivasan,Gara LLC,Google Ads,Mumbai,218141
5704,Chakrika Ramachandran,"Raju, Ramesh and Gara",Social Media Marketing,Kolkata,160040
5705,Sai Tata,Khanna PLC,Meta Ads,Mumbai,122935
5706,Atharv Konda,Atwal-Reddy,Google Ads,Ahmedabad,164577
5707,Rohan Badami,Vaidya PLC,Content Marketing,Bangalore,41963
5708,Rajeshri Bhavsar,Comar PLC,SEO,Hyderabad,26351
5709,Mason Date,"Borde, Das and Prakash",Meta Ads,Bangalore,239349
5710,Parth Pandey,Divan-Tripathi,Website Development,Ahmedabad,99506
5711,Qushi Magar,Garde PLC,Content Marketing,Hyderabad,130423
5712,Dalbir Kanda,Goyal-Amble,SEO,Delhi,105664
5713,Lakshit Agarwal,Pau-Rattan,SEO,Hyderabad,273055
5714,Nandini Saraf,Swamy LLC,Google Ads,Bangalore,265527
5715,Lakshmi Zachariah,Oak-Chandran,Meta Ads,Kolkata,79893
5716,Eta Srinivasan,Misra-Mahal,Google Ads,Kolkata,199692
5717,Ansh Vohra,"Manne, Tella and Dhar",Social Media Marketing,Kolkata,155310
5718,Vedhika Mohan,Kohli-Natarajan,Social Media Marketing,Pune,296147
5719,Victor Grewal,"Goswami, Sangha and Khatri",Meta Ads,Hyderabad,148606
5720,Zarna Raja,"Menon, Sahni and Rattan",Website Development,Jaipur,247474
5721,Samar Choudhury,"Kapoor, Yohannan and Palla",Email Marketing,Hyderabad,192047
5722,Advika Bumb,Upadhyay-Om,AI Chatbot Development,Kolkata,232184
5723,Qushi Dada,"Lala, Bobal and Narayanan",SEO,Hyderabad,155078
5724,Vamakshi Parekh,"Sridhar, Jain and Natarajan",Google Ads,Mumbai,137244
5725,Nilima Savant,"Sethi, Gade and Lanka",Website Development,Bangalore,263451
5726,Tanmayi Natarajan,"Munshi, Pillai and Solanki",Meta Ads,Delhi,285207
5727,Ria Sharma,Bala and Sons,Social Media Marketing,Ahmedabad,229636
5728,Laban Loke,Natarajan Group,Content Marketing,Pune,176806
5729,Chaitaly Dugar,Mohan and Sons,Google Ads,Bangalore,105168
5730,Kalpit Ben,"Kakar, Khurana and Soni",Email Marketing,Delhi,184603
5731,Yochana Bora,Saini-Kant,SEO,Ahmedabad,232821
5732,Benjamin Hayre,"Morar, Khurana and Sinha",Content Marketing,Mumbai,237172
5733,Dev Chander,"Dhar, Majumdar and Narayanan",Email Marketing,Jaipur,194999
5734,Krish Wali,Comar PLC,Social Media Marketing,Delhi,181484
5735,Kabir Ravel,"Solanki, Joshi and Modi",Website Development,Kolkata,277876
5736,Yauvani Bansal,Bal-Sathe,Content Marketing,Bangalore,232503
5737,Ethan Din,Bakshi-Master,Content Marketing,Bangalore,170191
5738,Kamala Gala,"Chada, Vasa and Shere",Website Development,Mumbai,196219
5739,Dalaja Bera,Sundaram-Chauhan,Meta Ads,Pune,217576
5740,Ojasvi Sama,Lalla-Chauhan,Google Ads,Delhi,63041
5741,Radhika Dhar,Lala-Narayanan,Google Ads,Jaipur,98667
5742,Neel Badami,Chaudhari-Tiwari,Content Marketing,Kolkata,68399
5743,Yashica Guha,Buch-Karnik,Meta Ads,Jaipur,21094
5744,Divya Pandit,"Chakraborty, Chowdhury and Rama",Email Marketing,Mumbai,37136
5745,Ekaja Parekh,"Tak, Lall and Dhaliwal",Meta Ads,Hyderabad,212291
5746,Kashvi Dugal,Lalla Ltd,Social Media Marketing,Delhi,41196
5747,Yatan Hora,Krishnamurthy LLC,Meta Ads,Hyderabad,193089
5748,Qabil Misra,Lall-Chana,Google Ads,Jaipur,63172
5749,Vyanjana Seth,"Kar, Kohli and Andra",SEO,Jaipur,120793
5750,Azad Dara,"Salvi, Vaidya and Suri",Meta Ads,Ahmedabad,277089
5751,Rayaan Sama,"Baral, Modi and Buch",Google Ads,Hyderabad,172792
5752,Ekaja Kapoor,Sama-Sur,Google Ads,Hyderabad,92674
5753,Anvi Tak,Dutt Group,Google Ads,Kolkata,156305
5754,Yashasvi Wadhwa,"Loyal, Grover and Kapoor",Meta Ads,Delhi,280264
5755,Damyanti Rajagopal,Sagar-Apte,Website Development,Hyderabad,36794
5756,Tanvi Balan,Talwar Inc,Content Marketing,Pune,105357
5757,Yahvi Karpe,Grewal-Kashyap,Email Marketing,Kolkata,208089
5758,Unnati Patel,"Hegde, Bedi and Dewan",AI Chatbot Development,Hyderabad,230288
5759,Fitan Dua,"Viswanathan, Chahal and Ghosh",Content Marketing,Bangalore,182175
5760,Anirudh Parmar,"Maharaj, Chauhan and Saran",Social Media Marketing,Bangalore,146186
5761,Siya Agarwal,Gola PLC,Email Marketing,Mumbai,101379
5762,Devansh Ram,"Nayar, Goyal and Bassi",SEO,Delhi,50800
5763,Leena Pradhan,"Rout, Sarna and Dutt",Google Ads,Mumbai,76452
5764,Vincent Mallick,Tara and Sons,Email Marketing,Mumbai,98290
5765,Arya Kar,Kant-Malhotra,Google Ads,Hyderabad,194445
5766,Gaurika Deshpande,Rao-Kala,Social Media Marketing,Bangalore,272495
5767,Bhavika Shroff,"Kamdar, Parsa and Srinivas",Content Marketing,Ahmedabad,84287
5768,Leena Sampath,"Kari, Kannan and Loyal",AI Chatbot Development,Bangalore,268107
5769,Sneha Ram,"Batra, Kar and Kurian",SEO,Pune,102067
5770,Dominic Dugal,Bhatti LLC,Content Marketing,Bangalore,200924
5771,Rajeshri Mangal,Dasgupta Ltd,Google Ads,Jaipur,36451
5772,Yashasvi Kibe,"Ganesh, Sami and Sachdeva",AI Chatbot Development,Ahmedabad,117812
5773,Inaya Chhabra,Ganesh-Pillai,Email Marketing,Kolkata,228399
5774,Vasatika Bakshi,Pant and Sons,Social Media Marketing,Kolkata,89679
5775,Bhavika Hari,Sidhu-Balakrishnan,Social Media Marketing,Ahmedabad,185039
5776,Vansha Kothari,Wali LLC,Meta Ads,Jaipur,106077
5777,Pahal Dass,"Natt, Char and Sani",AI Chatbot Development,Ahmedabad,68872
5778,Veer Das,Babu-Tripathi,Email Marketing,Pune,97682
5779,Ati Khanna,"Balay, Goyal and Soni",SEO,Mumbai,145841
5780,Urishilla Rai,"Walla, Kaur and Bumb",Email Marketing,Hyderabad,126040
5781,Devika Minhas,Lad Group,Meta Ads,Ahmedabad,40158
5782,Aarav Salvi,"Dube, Brahmbhatt and Keer",SEO,Pune,199811
5783,Aarnav Loke,"Doshi, Natarajan and Rai",Social Media Marketing,Pune,21435
5784,Kavya Pingle,Kanda-Vig,Google Ads,Kolkata,282708
5785,Saanvi Nori,"Grewal, Sheth and Gola",Website Development,Bangalore,97492
5786,Andrew Agrawal,"Sharaf, Shanker and Basak",Social Media Marketing,Hyderabad,298328
5787,Garima Mohanty,"Wali, Kurian and Nagarajan",Content Marketing,Bangalore,248032
5788,Anvi Garg,Patla-Bobal,SEO,Kolkata,172144
5789,Charvi Sinha,Deol-Pillay,Email Marketing,Jaipur,169152
5790,Tamanna Kant,Chhabra-Karnik,Social Media Marketing,Jaipur,233561
5791,Avi Batta,Prabhakar LLC,Google Ads,Kolkata,238756
5792,Sathvik Kade,Sachdev Inc,Email Marketing,Bangalore,185244
5793,Ria Bhardwaj,Tella-Guha,Website Development,Kolkata,158779
5794,Nathaniel Ranganathan,Rege-Sheth,AI Chatbot Development,Jaipur,140309
5795,Om Mand,"Magar, Bhalla and Johal",AI Chatbot Development,Ahmedabad,159128
5796,Urvashi Mann,Sridhar-Chauhan,SEO,Bangalore,41256
5797,Anjali Varty,Lanka LLC,Website Development,Kolkata,145294
5798,Gauri Raval,"Gaba, Sarraf and Pandit",Content Marketing,Jaipur,245449
5799,Ayaan Sankar,Wali PLC,SEO,Delhi,163463
5800,Kai Subramanian,"Krishna, Peri and Peri",Content Marketing,Jaipur,283062
5801,Falak Raja,Bhat PLC,AI Chatbot Development,Jaipur,280380
5802,Udant Boase,"Tripathi, Majumdar and Kuruvilla",Website Development,Hyderabad,80750
5803,Jalsa Arya,"Dave, Sharaf and Karan",Website Development,Ahmedabad,192274
5804,Gautami Kari,"Kunda, Jaggi and Gole",Meta Ads,Bangalore,27450
5805,Udant Rajagopal,"Mukherjee, Raval and Kashyap",Content Marketing,Delhi,192372
5806,Ekbal Mitter,Sagar Ltd,Website Development,Kolkata,30847
5807,Tejas Randhawa,Warrior-Seth,Google Ads,Mumbai,155367
5808,Gaurangi Vyas,"Manne, Pandit and Balasubramanian",Meta Ads,Hyderabad,154790
5809,Waida Radhakrishnan,"Sodhi, Aggarwal and Thaker",Content Marketing,Mumbai,243582
5810,Onkar Saini,Prabhakar PLC,Website Development,Mumbai,209493
5811,Aarush Raj,Nagar-Manda,Google Ads,Hyderabad,182263
5812,Agastya Sha,Thaker-Sethi,Google Ads,Delhi,101562
5813,Anjali Anne,Dayal Inc,Google Ads,Jaipur,145593
5814,Jagdish Sunder,Peri Ltd,Google Ads,Hyderabad,113832
5815,Panini Patla,"Bal, Lanka and Mani",Google Ads,Kolkata,196962
5816,Baljiwan Tara,Pau Inc,Google Ads,Kolkata,287795
5817,Harini Saini,"Pai, Nayak and Bava",Google Ads,Kolkata,165909
5818,Onkar Hayer,Thaman-Roy,Google Ads,Pune,68250
5819,Jacob Ravel,Ratta-Uppal,Social Media Marketing,Mumbai,223361
5820,Anjali Sastry,"Tak, Jha and Choudhary",Website Development,Hyderabad,29556
5821,Neha Saraf,Agarwal Inc,Google Ads,Delhi,105087
5822,Nitesh Bajaj,"Chaudry, Sathe and Wadhwa",Meta Ads,Pune,104064
5823,Gaurav Shankar,"Madan, Sandhu and Kar",Website Development,Kolkata,204225
5824,Watika Rau,Acharya-Badal,SEO,Pune,224093
5825,Ekaraj Batta,Chad-Gandhi,Content Marketing,Delhi,288655
5826,Urvashi Ramaswamy,Sankaran LLC,Content Marketing,Bangalore,107830
5827,Udyati Kaur,Thaman Inc,Website Development,Kolkata,55075
5828,Devansh Koshy,Rattan Group,Website Development,Kolkata,260046
5829,Charles Prabhakar,"Sama, Kibe and Viswanathan",Content Marketing,Pune,213394
5830,Nidhi Loyal,Sabharwal Ltd,Website Development,Jaipur,39073
5831,Hardik Goda,Ratti Group,Email Marketing,Bangalore,21951
5832,Krishna Sankaran,Choudhury LLC,Social Media Marketing,Jaipur,215316
5833,Advay Rege,Dhar-Datta,Social Media Marketing,Ahmedabad,23899
5834,Devika Bansal,Kapadia-Srinivasan,Social Media Marketing,Kolkata,64682
5835,Eshana Vaidya,Rajagopal-Singhal,Meta Ads,Delhi,292899
5836,Jackson Wagle,Wali-Sharaf,Google Ads,Mumbai,268213
5837,Jeremiah Khurana,Sidhu-Koshy,Email Marketing,Pune,82785
5838,Joshua Kunda,Panchal Ltd,SEO,Pune,148994
5839,Yutika Dewan,Chaudhari-Dara,AI Chatbot Development,Ahmedabad,173853
5840,Chaitanya Randhawa,Deo-Shan,SEO,Delhi,48790
5841,Nirja Sane,Nagar-Mangat,AI Chatbot Development,Mumbai,155413
5842,Anirudh Dutt,Tailor-Pau,Content Marketing,Mumbai,167150
5843,Isaiah Badal,Gupta and Sons,Social Media Marketing,Ahmedabad,59005
5844,Gopal Chada,Pall Group,Social Media Marketing,Delhi,281245
5845,Ansh Warrior,"Prabhu, Sood and Kala",AI Chatbot Development,Hyderabad,233317
5846,Krish Sidhu,Puri-Nair,SEO,Jaipur,169503
5847,Hardik Kala,Natarajan-Halder,Social Media Marketing,Mumbai,68798
5848,Laban Uppal,"Viswanathan, Balan and Verma",Meta Ads,Delhi,210071
5849,Radha Munshi,Chada Inc,Google Ads,Delhi,158516
5850,Ubika Venkatesh,"Kalita, Doshi and Magar",Social Media Marketing,Pune,84868
5851,Vasudha Apte,"Bassi, Thakkar and Jaggi",Meta Ads,Bangalore,61334
5852,Chanchal Dada,Bhagat-Chana,Website Development,Jaipur,164973
5853,Samesh Narain,"Mohanty, Nath and Bala",AI Chatbot Development,Delhi,175821
5854,Dayita Ben,Kota Ltd,AI Chatbot Development,Delhi,231628
5855,Tanvi Nayak,Bal-Minhas,SEO,Hyderabad,240290
5856,Chakradhar Som,Som Group,Google Ads,Pune,161058
5857,Inaya Bora,Chandran Group,SEO,Mumbai,56043
5858,Utkarsh Nigam,Nazareth-Nagar,Google Ads,Jaipur,76009
5859,Ayaan Dara,"Goda, Sandal and Savant",Email Marketing,Jaipur,266008
5860,Gautam Sarin,"Mall, Gandhi and Bhagat",Social Media Marketing,Ahmedabad,76041
5861,Ekiya Mane,Chaudhary-Baral,AI Chatbot Development,Mumbai,149801
5862,Harish Deshpande,Butala-Salvi,Google Ads,Pune,108279
5863,Anamika Rana,Reddy-Dhar,Meta Ads,Delhi,28831
5864,Gauri Bassi,"Sankar, Dhaliwal and Balan",Email Marketing,Bangalore,86407
5865,Ikshita Hari,Chaudhuri Group,Meta Ads,Bangalore,233862
5866,Alka Ganesan,Choudhury-Bhalla,SEO,Hyderabad,118330
5867,Ekavir Rana,"Mangat, Maharaj and Borde",Email Marketing,Bangalore,51127
5868,Chakradev Hegde,Memon-Aurora,Content Marketing,Bangalore,223655
5869,Simon Rajagopalan,Rastogi PLC,Website Development,Hyderabad,200495
5870,Varsha Maharaj,Karan PLC,Meta Ads,Ahmedabad,235767
5871,Abdul Banik,Savant-Rajan,AI Chatbot Development,Hyderabad,150563
5872,Ekaja Sethi,Arora-Venkatesh,Google Ads,Ahmedabad,153693
5873,Udyati Nagy,Jha Inc,Email Marketing,Jaipur,80089
5874,Omisha Om,Venkatesh-Raja,Content Marketing,Bangalore,152611
5875,Caleb Anne,Bhasin-Apte,Meta Ads,Mumbai,82902
5876,Sathvik Bali,"Dugar, Varghese and Prakash",Website Development,Mumbai,41079
5877,Samaksh Brar,Issac-Sant,Website Development,Bangalore,44413
5878,Kamya Handa,Pandit LLC,Google Ads,Ahmedabad,89710
5879,Alka Mann,Mandal-Swaminathan,Website Development,Hyderabad,79041
5880,Eshana Dass,Rout and Sons,SEO,Bangalore,78077
5881,Zashil Sunder,Chaudhary-Narang,SEO,Ahmedabad,76074
5882,Vanya Chand,Karpe-Bhakta,Social Media Marketing,Bangalore,254395
5883,Aradhana Som,Shah Ltd,Meta Ads,Mumbai,84615
5884,Jeevika Bobal,"Suri, Jaggi and Dara",Social Media Marketing,Pune,235548
5885,David Dubey,"Om, Kari and Parekh",Content Marketing,Hyderabad,252475
5886,Darsh Mohanty,"Verma, Naidu and Sandhu",Website Development,Mumbai,128413
5887,Ishaan Radhakrishnan,"Kadakia, Vaidya and Wagle",Content Marketing,Pune,118566
5888,Ridhi Tank,"Nagar, Bakshi and Ghosh",Website Development,Kolkata,276331
5889,Kritika Dasgupta,"De, Mody and Toor",AI Chatbot Development,Ahmedabad,45655
5890,Yoshita Tripathi,Ram PLC,AI Chatbot Development,Jaipur,247170
5891,Radha Barad,Ahuja Group,Email Marketing,Mumbai,52193
5892,Luke Khatri,Bir Ltd,SEO,Kolkata,294874
5893,Tanay Radhakrishnan,"Karnik, Nanda and Butala",AI Chatbot Development,Bangalore,236742
5894,Andrew Mane,Dhar-Nadkarni,Google Ads,Hyderabad,93766
5895,Guneet Sankar,"Handa, Bail and Oza",AI Chatbot Development,Hyderabad,112830
5896,Avni Rout,Dewan Group,Content Marketing,Jaipur,268110
5897,Kalpit Madan,"Nayar, Patla and Manne",Google Ads,Kolkata,202369
5898,Onkar Raman,"Nayar, Lalla and Sachdev",AI Chatbot Development,Bangalore,255585
5899,Yadavi Agarwal,Kala Inc,Website Development,Hyderabad,269998
5900,Frado Gokhale,Krish Group,Content Marketing,Hyderabad,104126
5901,Kamala Chowdhury,Chandra Inc,Email Marketing,Bangalore,249705
5902,Oni Sem,Kara PLC,Meta Ads,Jaipur,142904
5903,Jacob Apte,Saran-Pandit,Email Marketing,Ahmedabad,134752
5904,Sanya Nadkarni,Khalsa-Butala,Meta Ads,Delhi,160339
5905,Qarin Ramaswamy,"Krish, Krishnan and Patil",Social Media Marketing,Hyderabad,71817
5906,Manthan Krishnamurthy,Luthra-Seshadri,AI Chatbot Development,Hyderabad,231662
5907,Krishna Mohanty,"Basak, Dugal and Narasimhan",SEO,Delhi,76161
5908,Gaurang Sant,Viswanathan Inc,Website Development,Hyderabad,152172
5909,Fariq Tara,Sawhney-Palla,Website Development,Mumbai,280590
5910,Aradhana Rana,Choudhary-Ravi,SEO,Mumbai,30260
5911,Aayush Sabharwal,Khare-Morar,Social Media Marketing,Ahmedabad,198937
5912,Kalpit Sundaram,Tank-Sankaran,SEO,Kolkata,121407
5913,Darpan Butala,Bhalla-Chaudhary,Meta Ads,Delhi,180609
5914,Anay Din,"Natarajan, Keer and Sundaram",Content Marketing,Hyderabad,162575
5915,Gaurangi Sidhu,"Sani, Bhatt and Khare",Website Development,Ahmedabad,207111
5916,Urmi Sanghvi,Ahuja-Puri,Google Ads,Ahmedabad,267387
5917,Advay Vig,Chahal LLC,Website Development,Bangalore,190244
5918,Dayita Shenoy,Arora LLC,SEO,Pune,207108
5919,Yoshita Agrawal,"Krishna, Randhawa and Din",Email Marketing,Bangalore,299176
5920,Ganga Bala,"Varkey, Pingle and Parekh",Social Media Marketing,Kolkata,139316
5921,Tarak Dhillon,"Chakraborty, Salvi and Desai",Content Marketing,Jaipur,59986
5922,Advika Dutta,Bhatt-Mukhopadhyay,Google Ads,Mumbai,141270
5923,Hemang Bose,Rau-Kade,Content Marketing,Jaipur,127457
5924,Dayita Ganesan,Sathe-Kalla,Email Marketing,Ahmedabad,58065
5925,Suhani Pingle,"Tella, Rattan and Talwar",Google Ads,Kolkata,91157
5926,Aachal Brar,"Mukhopadhyay, Sathe and Bhandari",Website Development,Bangalore,134541
5927,Pushti Kaul,Bajwa Inc,Social Media Marketing,Delhi,39197
5928,Vrinda Gopal,Kari-Kothari,AI Chatbot Development,Jaipur,234506
5929,Oviya Sem,Bava-Ramesh,Google Ads,Hyderabad,255844
5930,Vivaan Kulkarni,"Chokshi, Pandit and Sridhar",Website Development,Delhi,198684
5931,Wazir Chaudhari,Naidu-Jhaveri,Website Development,Delhi,69026
5932,Ekalinga Desai,"Bhatt, Sha and Pandya",AI Chatbot Development,Bangalore,43158
5933,Warjas Khanna,"Mahal, Kohli and Kibe",Email Marketing,Hyderabad,107575
5934,Urvi Din,"Sastry, Hora and Subramanian",SEO,Kolkata,133434
5935,Jairaj Borah,Ramanathan Inc,Content Marketing,Pune,72477
5936,Bina Buch,Jayaraman Group,Google Ads,Bangalore,165579
5937,Dhruv Suresh,Subramanian LLC,SEO,Ahmedabad,202954
5938,Elijah Madan,Ramesh Inc,Social Media Marketing,Kolkata,106137
5939,Ekaraj Wagle,Boase Inc,SEO,Delhi,31199
5940,Devansh Bath,Trivedi-Basak,AI Chatbot Development,Bangalore,110213
5941,Ekapad Kade,"Shenoy, De and Verma",Meta Ads,Bangalore,43700
5942,Anjali Mittal,Kaur Group,Meta Ads,Bangalore,129613
5943,Harish Shroff,Raju Ltd,Website Development,Mumbai,174664
5944,Chameli Koshy,Dhingra-Parekh,Email Marketing,Jaipur,255650
5945,Forum Palla,Patla-Bakshi,Website Development,Mumbai,36510
5946,Rishi Seth,Varty-Narayan,Google Ads,Bangalore,212226
5947,Tara Subramanian,Singh-Divan,AI Chatbot Development,Ahmedabad,100703
5948,Forum Radhakrishnan,Dhillon-Muni,Google Ads,Mumbai,268370
5949,Sathvik Lad,Balakrishnan PLC,Content Marketing,Jaipur,109849
5950,Zilmil Parmer,"Upadhyay, Sabharwal and Bobal",Social Media Marketing,Jaipur,299461
5951,Pranit Gole,Kant-Jani,Meta Ads,Ahmedabad,76898
5952,Chaitaly Goel,Mitter PLC,Google Ads,Mumbai,131036
5953,Dakshesh Sinha,"Sagar, Bobal and Kibe",Google Ads,Mumbai,237607
5954,Anthony Loke,Dyal Inc,Google Ads,Ahmedabad,140196
5955,Neha Sinha,Verma-Patla,Meta Ads,Hyderabad,292767
5956,Gagan Rege,Venkatesh and Sons,Social Media Marketing,Kolkata,102521
5957,Vrishti Master,Sridhar-Sastry,Website Development,Kolkata,242762
5958,Falan Bala,Patla-Pant,Meta Ads,Kolkata,166368
5959,Eshana Bava,Srinivasan-Dubey,Social Media Marketing,Hyderabad,132274
5960,Damini Sant,Krishnamurthy-Ramesh,SEO,Bangalore,232764
5961,Imaran Rai,"Choudhury, Varughese and Gera",AI Chatbot Development,Ahmedabad,263724
5962,Upadhriti Gokhale,Anne Inc,Google Ads,Delhi,86468
5963,Ronith Solanki,Walla Group,SEO,Bangalore,299730
5964,Lila Chana,Nagar-Kari,Google Ads,Kolkata,226887
5965,Vinaya Deshmukh,"Mangal, Pau and Ganguly",Meta Ads,Jaipur,291557
5966,Reyansh Dasgupta,Kothari-Venkatesh,Meta Ads,Bangalore,86284
5967,Dalbir Contractor,Sachar Group,Website Development,Jaipur,286556
5968,Anya Bail,"Nair, Chanda and Tailor",Google Ads,Bangalore,63813
5969,Wakeeta Agrawal,"Sachdeva, Barad and Wable",Social Media Marketing,Delhi,156135
5970,Joshua Soman,Luthra LLC,AI Chatbot Development,Pune,91397
5971,Pahal Lala,Pal-Mittal,Meta Ads,Jaipur,244248
5972,Ekansh Pingle,Dugal-Mohan,Email Marketing,Bangalore,93249
5973,Nandini Prabhakar,"Sarkar, Gaba and Madan",Website Development,Delhi,291557
5974,Jhalak Doctor,Prakash-Din,Meta Ads,Kolkata,57452
5975,Watika Chaudry,Mistry Group,Content Marketing,Delhi,188738
5976,Agastya Som,Chad LLC,Email Marketing,Mumbai,164866
5977,Manya Agarwal,Bains-Dara,Social Media Marketing,Jaipur,37357
5978,Kashvi Varkey,Nanda Ltd,SEO,Jaipur,32691
5979,Akshay Raju,Date Inc,SEO,Delhi,189081
5980,Idika Pandey,Behl-Balasubramanian,Meta Ads,Delhi,63323
5981,Raksha Ramachandran,"Chandran, Bhat and Gandhi",Website Development,Kolkata,71516
5982,Yug Gera,Ganesan-Venkataraman,Email Marketing,Pune,50014
5983,Abhimanyu Thaker,"Keer, Char and Hayre",SEO,Mumbai,205250
5984,Yuvraj Barman,Chahal LLC,Social Media Marketing,Ahmedabad,80375
5985,Idika Acharya,"Salvi, Atwal and Tank",AI Chatbot Development,Hyderabad,156736
5986,Bhanumati Sen,Choudhry LLC,Meta Ads,Delhi,97565
5987,Manbir Doctor,Saraf Group,Email Marketing,Hyderabad,277498
5988,Vrinda Nadkarni,"Sundaram, Keer and Dubey",Google Ads,Mumbai,112130
5989,Adweta Patil,"Gaba, Atwal and Mohan",AI Chatbot Development,Jaipur,184686
5990,Tanay Thakur,"Oak, Mandal and Guha",Content Marketing,Kolkata,41172
5991,Chaaya Dube,Kumar PLC,Content Marketing,Kolkata,33763
5992,Omaja Chakrabarti,"Tara, Sethi and Nadkarni",SEO,Jaipur,21465
5993,Leela Arya,Pillay Inc,AI Chatbot Development,Bangalore,218126
5994,Hemani Bandi,Lanka-Nori,Social Media Marketing,Pune,66498
5995,Thomas Yadav,Kapoor and Sons,Social Media Marketing,Hyderabad,297891
5996,Anvi Mahal,"Devi, Goswami and Raman",Meta Ads,Ahmedabad,218034
5997,Netra Chacko,Bose Inc,Google Ads,Bangalore,236516
5998,Zaid Dey,Vohra-Pradhan,Meta Ads,Hyderabad,288269
5999,Balendra Thakkar,Madan-Bobal,Website Development,Pune,213759
6000,Advika Bhandari,"Kant, Kala and Bahri",SEO,Pune,182595
6001,Chatura Wadhwa,Kaur-Mody,Meta Ads,Ahmedabad,41953
6002,Manan Ramaswamy,"Chana, Seth and Bora",SEO,Kolkata,47806
6003,Upma Gera,"Mannan, Basu and Bera",Content Marketing,Bangalore,146033
6004,Yash Nagarajan,Badal-Krishna,Content Marketing,Kolkata,206162
6005,Jeet Badal,"Magar, Dugar and Tailor",SEO,Mumbai,85937
6006,Ayaan Ganesan,Ganesan Group,Google Ads,Jaipur,160409
6007,Laksh Devan,Sem-Ganguly,SEO,Delhi,225351
6008,Ekta Shroff,"Bumb, Keer and Devi",AI Chatbot Development,Delhi,297500
6009,Jairaj Mall,Chahal and Sons,SEO,Hyderabad,155613
6010,Krisha Venkatesh,Varughese Group,Meta Ads,Kolkata,281329
6011,Vanya Subramaniam,Krishnamurthy-Bahri,Website Development,Bangalore,218226
6012,Lucky Sen,Minhas Ltd,Website Development,Delhi,229562
6013,Hritik Hora,"Bahri, Parmar and Comar",AI Chatbot Development,Bangalore,101191
6014,Chanchal Dara,Muni and Sons,Google Ads,Mumbai,229758
6015,Ganga Mangal,"Panchal, Krishnan and Saxena",AI Chatbot Development,Mumbai,293533
6016,Gaurangi Chacko,Cherian Inc,AI Chatbot Development,Ahmedabad,176021
6017,Raagini Kade,Bhattacharyya PLC,Meta Ads,Jaipur,147253
6018,Hema Gola,Walia-Badami,Content Marketing,Mumbai,213072
6019,Lohit Mangat,"Kade, Sastry and Sheth",Content Marketing,Bangalore,74574
6020,Naksh Memon,Sibal-Memon,AI Chatbot Development,Hyderabad,63079
6021,Manbir Ratta,Sharma-Dhaliwal,Email Marketing,Jaipur,224568
6022,Jackson Savant,Dua Ltd,AI Chatbot Development,Ahmedabad,102141
6023,Amara Biswas,"Konda, Chaudhry and De",Social Media Marketing,Pune,172364
6024,Chandran Brahmbhatt,"Gupta, Apte and Dhillon",SEO,Mumbai,231434
6025,Daksh Bedi,Dasgupta PLC,Website Development,Pune,198221
6026,Chameli Deep,"Chahal, Aggarwal and Bath",Meta Ads,Hyderabad,120491
6027,Chatresh Char,Ghose Group,SEO,Delhi,266327
6028,Advik Sabharwal,Chadha-Sibal,Content Marketing,Hyderabad,235582
6029,Anmol Hari,Borde-Bora,AI Chatbot Development,Hyderabad,288949
6030,Onkar Dara,Salvi and Sons,SEO,Bangalore,77129
6031,Devansh Bhat,"Bora, Dada and Misra",Social Media Marketing,Bangalore,282652
6032,Sneha Kamdar,"Patla, Bhasin and Kala",Meta Ads,Hyderabad,193828
6033,Jai Jha,Yogi-Jhaveri,Meta Ads,Kolkata,52259
6034,Finn Dani,Jayaraman Ltd,Social Media Marketing,Jaipur,171884
6035,Jhalak Merchant,Ravi Group,SEO,Hyderabad,145208
6036,Qushi Nagarajan,"Chander, Yadav and Walla",Website Development,Bangalore,129543
6037,Bahadurjit Deshmukh,Luthra PLC,Social Media Marketing,Bangalore,295886
6038,Raagini Yadav,Baria-Chaudhuri,AI Chatbot Development,Pune,84057
6039,Tristan Contractor,Nair PLC,Content Marketing,Bangalore,94142
6040,Yashawini Pau,Lal and Sons,Google Ads,Delhi,69584
6041,Nihal Sanghvi,"Mann, Barad and Srinivas",Email Marketing,Kolkata,84895
6042,Caleb Chaudhuri,De-Padmanabhan,SEO,Bangalore,146403
6043,Indrajit Ahuja,Trivedi and Sons,Google Ads,Bangalore,278254
6044,Eshana Kala,Barad and Sons,Website Development,Mumbai,232333
6045,Gabriel Kumar,"Manne, Oak and Karnik",Social Media Marketing,Bangalore,40557
6046,Jairaj Koshy,Das Group,Content Marketing,Jaipur,60286
6047,Pooja Sinha,"Walla, Guha and Mammen",Google Ads,Kolkata,191673
6048,Vrinda Bhattacharyya,"Choudhury, Borra and Shetty",Content Marketing,Delhi,262070
6049,Caleb Bhakta,Balakrishnan-Banerjee,Content Marketing,Jaipur,25595
6050,Charita Devi,Hora and Sons,Meta Ads,Bangalore,33929
6051,Robert Choudhary,Verma-Patla,SEO,Delhi,195420
6052,Aadi Wali,Bhatt Group,Content Marketing,Delhi,87060
6053,Jalsa Varughese,Dugar-Sarraf,SEO,Bangalore,217809
6054,Vivaan Zacharia,Bahri-Parikh,Social Media Marketing,Kolkata,280755
6055,Ubika Narain,Pau-Ben,AI Chatbot Development,Hyderabad,82757
6056,Indali Lala,"Ramachandran, Sule and Varty",Content Marketing,Jaipur,132041
6057,Unni Mahajan,"Din, Srinivas and Sachar",Content Marketing,Pune,201294
6058,Oliver Chand,Chaudhry-Edwin,Meta Ads,Jaipur,59977
6059,Chakradev Loyal,"Bhasin, Upadhyay and Gola",AI Chatbot Development,Delhi,84578
6060,Leela Suri,Wason LLC,AI Chatbot Development,Delhi,173219
6061,Ati Dhawan,Deo and Sons,Website Development,Bangalore,228143
6062,Oviya Babu,Sekhon-Suri,Email Marketing,Pune,33828
6063,Zaid Patla,Divan-Borah,Meta Ads,Ahmedabad,122081
6064,Urishilla Kari,"Master, Seth and Patel",Meta Ads,Mumbai,133028
6065,Kamya Rau,"Upadhyay, Sami and Dar",Meta Ads,Delhi,145903
6066,Theodore Patil,Ghose-Vyas,Email Marketing,Hyderabad,195736
6067,Ekiya Sinha,"Wagle, Bail and Keer",Social Media Marketing,Ahmedabad,60236
6068,Yatan Chakrabarti,Balakrishnan Group,Google Ads,Hyderabad,39127
6069,Pranit Sur,"Anand, Modi and Bera",AI Chatbot Development,Mumbai,292462
6070,Pallavi Sunder,Sane-Roy,Content Marketing,Jaipur,212327
6071,Tanvi De,"Tata, Narayanan and Sant",SEO,Pune,144596
6072,Siya Mannan,Bhatti-Krishnan,Email Marketing,Ahmedabad,244746
6073,Wridesh Sani,Roy-Tank,Content Marketing,Jaipur,292283
6074,Imaran Varty,"Grover, Mody and Dhawan",Google Ads,Delhi,87521
6075,Bhavya Luthra,"Bhavsar, Saha and Ahluwalia",Content Marketing,Jaipur,42103
6076,Aadhya Chowdhury,Deshmukh-Mukhopadhyay,Website Development,Jaipur,292764
6077,Maanas Sankar,Bakshi-Kohli,Website Development,Pune,224781
6078,Hemani Bora,"Dhar, Bhavsar and Anne",Content Marketing,Delhi,34297
6079,Urmi Natt,"Bala, Saini and Bose",Content Marketing,Mumbai,258880
6080,Kai Sharma,Soman Inc,Google Ads,Pune,131596
6081,Alexander Taneja,Ganesan-Dixit,Google Ads,Mumbai,134611
6082,Nachiket Nori,Bhatia Group,AI Chatbot Development,Pune,206539
6083,Daksha Dewan,Magar-Ghose,SEO,Ahmedabad,286902
6084,Parth Goswami,"Sangha, Banerjee and Saha",Meta Ads,Ahmedabad,77028
6085,Gabriel Oza,Bhalla-Soman,Email Marketing,Kolkata,242546
6086,Rajata Mishra,"Shah, Bhandari and Wali",Meta Ads,Bangalore,294984
6087,Anusha Pal,"Atwal, Modi and Lall",AI Chatbot Development,Hyderabad,41150
6088,Daksha Sahni,Sani Group,Google Ads,Bangalore,179386
6089,Panini Sha,Narang-Mohan,SEO,Kolkata,121748
6090,Brinda Shere,Mane Inc,Social Media Marketing,Hyderabad,144479
6091,Eta Pingle,Ram-Sachdev,Email Marketing,Mumbai,233624
6092,Leela Ganguly,Varty-Ram,SEO,Bangalore,142550
6093,Jhalak Agate,"Zachariah, Sibal and Sengupta",Social Media Marketing,Delhi,47997
6094,Aachal Krish,Mangal-Saha,Google Ads,Pune,256733
6095,Jatin Sachar,Subramanian PLC,SEO,Jaipur,286023
6096,Tamanna Dixit,"Kade, Loke and Bhasin",Social Media Marketing,Delhi,171702
6097,Rayaan Varty,Choudhury-Hora,AI Chatbot Development,Mumbai,28269
6098,Lohit Munshi,"Kannan, Vohra and Master",Email Marketing,Hyderabad,106822
6099,Balhaar Pall,Varughese LLC,Content Marketing,Ahmedabad,217063
6100,Pushti Sahni,Koshy PLC,AI Chatbot Development,Kolkata,67004
6101,Rudra Hayre,Mand-Lal,AI Chatbot Development,Mumbai,211984
6102,Xalak Rajan,"Vohra, Bains and Singhal",Content Marketing,Bangalore,97034
6103,Jack Bala,Ravel-Krishna,Social Media Marketing,Delhi,174354
6104,Raghav Muni,Muni PLC,SEO,Hyderabad,121948
6105,Max Halder,Taneja-Sheth,Meta Ads,Bangalore,76809
6106,Ishwar Kapadia,Chaudhuri Ltd,Meta Ads,Bangalore,174366
6107,Megha Gade,Butala-Khurana,Meta Ads,Ahmedabad,231923
6108,Vihaan Narayan,Pandya-Wagle,SEO,Ahmedabad,32038
6109,Yasti Rege,Bora-Wali,Email Marketing,Mumbai,228663
6110,Madhav Krish,Jani Ltd,Google Ads,Kolkata,238997
6111,Rushil Shenoy,Sood LLC,SEO,Kolkata,111181
6112,Baljiwan Baria,Maharaj-Nigam,Website Development,Hyderabad,139595
6113,Faraj Kashyap,Aggarwal-Edwin,Website Development,Pune,209688
6114,Zehaan Dutta,Hegde Inc,Website Development,Mumbai,29174
6115,Michael Sundaram,Dey-Dyal,AI Chatbot Development,Jaipur,200713
6116,Max Dhar,"Verma, Majumdar and Varughese",Content Marketing,Delhi,94688
6117,Jhalak Hari,Dada-Kade,Content Marketing,Pune,35697
6118,Urmi Thakur,Kalita LLC,Meta Ads,Ahmedabad,208073
6119,Ekaja Murty,Dua-Kala,Meta Ads,Ahmedabad,159480
6120,Ishanvi Tailor,"Warrior, Ganguly and Bhakta",Google Ads,Ahmedabad,218336
6121,Wridesh Dutt,Pai-Mangal,Social Media Marketing,Ahmedabad,58170
6122,Yachana Dani,Konda-Krishnan,Website Development,Jaipur,272669
6123,Faraj Barman,Kashyap Group,Content Marketing,Delhi,96397
6124,Falguni Desai,Varghese Group,Website Development,Pune,196607
6125,Warda Shroff,Soni Ltd,Google Ads,Hyderabad,120684
6126,Banjeet De,Brar-Radhakrishnan,AI Chatbot Development,Ahmedabad,98093
6127,Abeer Setty,"Balan, Banik and Mohan",Website Development,Hyderabad,286878
6128,Indali Kunda,"Tandon, Venkataraman and Dyal",AI Chatbot Development,Jaipur,35442
6129,Udarsh Natt,Manne PLC,Meta Ads,Kolkata,137301
6130,Shaurya Zacharia,Kala Inc,SEO,Jaipur,289430
6131,Rishi Sodhi,"Patla, Shan and Bhargava",Content Marketing,Ahmedabad,224098
6132,Waida Dash,"Bal, Chad and Varty",Google Ads,Jaipur,81228
6133,Balhaar Nagar,Chandra-Nadig,Content Marketing,Bangalore,59351
6134,Neelima Sawhney,Shenoy LLC,Google Ads,Bangalore,195553
6135,Pooja Keer,Bawa-Savant,SEO,Jaipur,54719
6136,Charita Ravel,Dugar-Mahajan,Content Marketing,Jaipur,166405
6137,Priya Sama,"Karnik, Varkey and Kaur",Google Ads,Hyderabad,58358
6138,Zayan Kari,"Bains, Bal and Mane",Social Media Marketing,Jaipur,257574
6139,Omkaar Sahota,Sarin-Chada,Content Marketing,Mumbai,293577
6140,Lucky Sankar,Manne-Salvi,Website Development,Kolkata,235553
6141,Bhavya Sarna,Bhavsar-Narain,Meta Ads,Jaipur,213127
6142,Brinda Dugal,"Malhotra, Master and Saran",Website Development,Hyderabad,161621
6143,Harsh Patel,Nagar-Dasgupta,SEO,Kolkata,251027
6144,Ishani Nayar,"Mukhopadhyay, Biswas and Dubey",Email Marketing,Hyderabad,224859
6145,Brinda Sekhon,Narayan LLC,Meta Ads,Jaipur,255418
6146,Edhitha Ganesh,Sengupta LLC,Meta Ads,Ahmedabad,235821
6147,Faqid Murthy,Arya-Loyal,Meta Ads,Mumbai,200643
6148,Kabir Baria,Divan Group,SEO,Delhi,277999
6149,Gautam Rama,Peri PLC,Email Marketing,Ahmedabad,45005
6150,Reyansh Cherian,"Om, Agarwal and Dada",Meta Ads,Delhi,158173
6151,Ekta Varty,"Saini, Chauhan and Cheema",SEO,Ahmedabad,294717
6152,Odika Kala,Minhas-Chad,AI Chatbot Development,Delhi,122376
6153,Bina Hans,Nagar-Parmar,Website Development,Bangalore,257956
6154,Aarnav Jaggi,Mahajan-Thaker,Website Development,Delhi,89555
6155,Faraj Hans,Ben-Manda,Social Media Marketing,Pune,109783
6156,Jyoti Kota,Chatterjee LLC,Website Development,Pune,230403
6157,Raksha Ahuja,"Sangha, Shan and Kaul",Google Ads,Kolkata,61497
6158,Jason Yadav,Naidu Ltd,Email Marketing,Jaipur,127435
6159,Oviya Ramesh,"Morar, Dhaliwal and Aggarwal",Meta Ads,Delhi,61206
6160,Aryan Tara,Yadav LLC,Meta Ads,Jaipur,219140
6161,Eshana Konda,Jani-Kulkarni,Google Ads,Bangalore,241196
6162,Falan Bhat,"Ghosh, Mishra and Mammen",Website Development,Pune,89392
6163,Idika Sachdev,"Gopal, Deol and Dua",Email Marketing,Kolkata,200861
6164,Upma Mand,Vyas Group,Content Marketing,Delhi,119817
6165,Laban Agarwal,Misra-Radhakrishnan,Website Development,Kolkata,58973
6166,Darika Gupta,Sengupta-Chowdhury,AI Chatbot Development,Hyderabad,158725
6167,Anusha Tara,Vora-Savant,SEO,Mumbai,189356
6168,Gagan Pingle,Bawa PLC,SEO,Mumbai,227402
6169,Harshil Aggarwal,Ramanathan-Brar,AI Chatbot Development,Jaipur,69553
6170,Kavya Manne,"Khalsa, Issac and Dasgupta",Content Marketing,Hyderabad,169296
6171,Wazir Mistry,Shetty-Dara,SEO,Bangalore,256841
6172,Ethan Sarma,Kumar Group,Website Development,Hyderabad,73275
6173,Liam Doshi,Kar Ltd,Content Marketing,Kolkata,76771
6174,Nidra Desai,Bal-Narayanan,Meta Ads,Kolkata,281964
6175,Watika Bains,Kala-Nagi,Meta Ads,Mumbai,59415
6176,Nitesh Oommen,"Khare, Andra and Thakkar",SEO,Mumbai,68375
6177,Indira Sagar,Batra Group,Email Marketing,Mumbai,73654
6178,Kai Dar,Ratti-Chhabra,Website Development,Hyderabad,292328
6179,Zayan Butala,Sandal Inc,Content Marketing,Mumbai,198330
6180,Kashish Sura,Gour and Sons,Email Marketing,Kolkata,142612
6181,Jatin Sabharwal,"Raval, Choudhury and Borah",Content Marketing,Bangalore,147417
6182,Oeshi Sarraf,"Mann, Setty and Garg",Google Ads,Mumbai,186955
6183,Ekansh Yadav,Thakkar Group,Content Marketing,Jaipur,197456
6184,Finn Chopra,Chowdhury-Lala,Website Development,Kolkata,32015
6185,Samuel Vala,Mutti Group,Email Marketing,Ahmedabad,231173
6186,Charita Purohit,Virk PLC,Google Ads,Kolkata,270778
6187,Owen Batta,"Aurora, Parikh and Andra",SEO,Ahmedabad,280290
6188,Varsha Hayer,"Mall, Ahluwalia and Kade",Website Development,Ahmedabad,291726
6189,Kamala Thakur,Nair-Cheema,Meta Ads,Jaipur,211410
6190,Vasana Mukherjee,Kata-Vala,SEO,Ahmedabad,95303
6191,Qushi Nath,"Sarraf, Prabhu and Vasa",Google Ads,Mumbai,114607
6192,Zinal Bhardwaj,Vala PLC,Website Development,Pune,191909
6193,Chasmum Raja,Panchal-Chahal,Meta Ads,Delhi,226232
6194,Faraj Agarwal,"Kumer, Ghose and Murty",Social Media Marketing,Jaipur,195663
6195,Ridhi Parmar,Mani Ltd,Email Marketing,Delhi,158888
6196,Henry Kumar,"Gill, Barad and Chakrabarti",Content Marketing,Mumbai,58200
6197,Hredhaan Mall,Bora-Shenoy,Meta Ads,Delhi,92741
6198,Pahal Kumer,Basak-Jain,Social Media Marketing,Ahmedabad,259455
6199,Fariq Zachariah,Nazareth LLC,SEO,Hyderabad,143322
6200,Forum Saran,"Gopal, Saxena and Kant",Content Marketing,Hyderabad,28475
6201,Faras Pall,Loke-Peri,Meta Ads,Mumbai,39811
6202,Anjali Mallick,Ravi Ltd,Social Media Marketing,Jaipur,140480
6203,Noah Biswas,Kant-Mohan,Content Marketing,Hyderabad,286003
6204,Chandani Solanki,Purohit Ltd,AI Chatbot Development,Mumbai,176309
6205,Garima Seth,"Kumar, Soni and Tripathi",Social Media Marketing,Delhi,64047
6206,Raagini Toor,Lad Inc,AI Chatbot Development,Pune,256906
6207,Faraj Yogi,"Gulati, Bawa and Muni",Email Marketing,Jaipur,251423
6208,Onkar Rajagopal,Karnik LLC,Google Ads,Pune,113869
6209,Ridhi Sagar,Parsa-Palla,Website Development,Ahmedabad,254660
6210,Anvi Edwin,Nanda Group,Content Marketing,Kolkata,122754
6211,Sanya Chandra,"Badal, Nadig and Minhas",Meta Ads,Jaipur,256981
6212,Advika Tak,"Aurora, Chada and Mital",AI Chatbot Development,Ahmedabad,60890
6213,Chatresh Mahal,"Khare, Narayanan and Dave",Google Ads,Kolkata,279469
6214,Balhaar Ray,"Gill, Garg and Sunder",Email Marketing,Ahmedabad,98599
6215,Indira Tata,Sanghvi-Pandya,Content Marketing,Kolkata,100695
6216,Owen Doshi,"Kapadia, Rajagopal and Thakkar",Meta Ads,Pune,290593
6217,Faqid Mitter,"Karpe, Oommen and Kannan",Website Development,Kolkata,40017
6218,Ishanvi Prakash,Ratta-Badal,Social Media Marketing,Jaipur,228977
6219,Ronith Morar,"Dayal, Gulati and Bhasin",Meta Ads,Bangalore,213294
6220,Neha Sule,"Acharya, Wable and Dhingra",SEO,Hyderabad,35675
6221,Anjali Kala,Subramaniam-Sachdeva,Social Media Marketing,Ahmedabad,219721
6222,Wazir Salvi,Upadhyay-Zachariah,Social Media Marketing,Kolkata,40088
6223,Tristan Koshy,Rege Inc,SEO,Delhi,108038
6224,Prisha Sabharwal,Viswanathan LLC,AI Chatbot Development,Mumbai,199637
6225,Harinakshi Jha,"Basak, Baral and Varma",Social Media Marketing,Hyderabad,151704
6226,Thomas Seshadri,Brar-Chaudhuri,Meta Ads,Ahmedabad,261532
6227,Watika Chhabra,"Chopra, Borah and Om",Content Marketing,Bangalore,93586
6228,Tanvi Chauhan,"Bawa, Banik and Kanda",Social Media Marketing,Hyderabad,117354
6229,Warhi Banik,Peri Inc,Website Development,Mumbai,299289
6230,Dakshesh Sidhu,Devi-Kalla,AI Chatbot Development,Ahmedabad,136495
6231,Vasatika Pandey,Borde-Thakkar,Website Development,Delhi,198355
6232,Alexander Desai,"Savant, Dugal and Ganguly",Content Marketing,Mumbai,156696
6233,Vivaan Varghese,Bhatnagar Ltd,Google Ads,Pune,117833
6234,Fiyaz Sood,Ravi-Kota,Social Media Marketing,Kolkata,113270
6235,Garima Som,"Mital, Vora and Bhatia",Social Media Marketing,Ahmedabad,107912
6236,Vrinda Brahmbhatt,Raj LLC,Meta Ads,Ahmedabad,136209
6237,Zehaan Varma,Ganguly-Tara,Website Development,Pune,297736
6238,Chavvi Solanki,Krishnamurthy-Bora,Social Media Marketing,Delhi,137206
6239,Chandresh Sinha,Rout-Choudhry,Google Ads,Ahmedabad,213583
6240,Frado Krishna,"Wadhwa, Mannan and Basak",Social Media Marketing,Jaipur,276708
6241,Falak Singh,"Vasa, Wali and Savant",AI Chatbot Development,Ahmedabad,190066
6242,Pranav Tandon,"Virk, Kalla and Shenoy",SEO,Pune,275731
6243,Maanav Sinha,"Saxena, Nadig and Chaudhry",AI Chatbot Development,Hyderabad,137548
6244,Gaurika Morar,Guha Inc,SEO,Bangalore,180756
6245,Madhav Bhatnagar,Toor-Uppal,Google Ads,Delhi,79347
6246,Bhanumati Gill,Gupta and Sons,Email Marketing,Kolkata,106410
6247,Aishani Bahl,Mukherjee Group,SEO,Bangalore,293438
6248,Guneet Rai,Srinivasan PLC,Social Media Marketing,Bangalore,161103
6249,Urishilla Mandal,Prabhakar Inc,SEO,Delhi,210958
6250,Harini Dhingra,Majumdar-Badal,Website Development,Ahmedabad,181260
6251,Gaurika Bhattacharyya,Varughese-Jani,Google Ads,Pune,173957
6252,Maya Deep,"Sen, Dewan and Chaudhry",Email Marketing,Delhi,191320
6253,Dipta Chada,Contractor Group,Social Media Marketing,Bangalore,76215
6254,Aarini Dhawan,Wali-Sule,Website Development,Mumbai,211947
6255,Ekantika Sur,Badal LLC,Website Development,Ahmedabad,269485
6256,Vedant Bhat,"Nadig, Bhatti and Rajagopalan",Google Ads,Bangalore,243477
6257,Naksh Sharaf,"Balan, Bhatt and Roy",Email Marketing,Pune,44008
6258,Nikita Palan,Vyas Ltd,SEO,Hyderabad,98478
6259,Orinder Vig,Bath Inc,Google Ads,Hyderabad,65684
6260,Qushi Parmer,Ganesh and Sons,SEO,Pune,112969
6261,Divya Dasgupta,"Thakur, Loyal and Bahri",Email Marketing,Ahmedabad,297459
6262,Yashodhara Chakrabarti,Raj PLC,Google Ads,Kolkata,51531
6263,Alexander Patel,Pandey-Sami,Meta Ads,Kolkata,23526
6264,Nakul Bhatnagar,Din-Bir,AI Chatbot Development,Pune,88039
6265,Jairaj Rout,"Venkatesh, Venkatesh and Bassi",Website Development,Pune,230865
6266,Samar Rai,"Roy, Hari and Choudhury",Meta Ads,Mumbai,193483
6267,Anjali Som,Nori-Prabhu,Content Marketing,Ahmedabad,50602
6268,Ucchal Prasad,Pall Inc,Social Media Marketing,Ahmedabad,255814
6269,Lohit Parsa,Devi Inc,Email Marketing,Hyderabad,176578
6270,Dalaja Chawla,"Rama, Vaidya and Kalla",Meta Ads,Mumbai,278322
6271,Alexander Wali,"Reddy, Yadav and Aurora",Social Media Marketing,Pune,166598
6272,Aradhana Prasad,Gera-Seth,Social Media Marketing,Ahmedabad,210688
6273,Advaith Chakraborty,Walla PLC,Social Media Marketing,Hyderabad,113205
6274,Kabir Kuruvilla,"Kannan, Naidu and Som",Meta Ads,Hyderabad,82210
6275,Aradhana Warrior,"Kumer, Ghose and Chaudhary",Google Ads,Ahmedabad,194218
6276,Umang Tailor,Kapoor Group,SEO,Mumbai,23280
6277,Balendra Nayar,"Verma, Balan and Suresh",SEO,Jaipur,101759
6278,Turvi Rai,"Saxena, Mukhopadhyay and Tripathi",AI Chatbot Development,Pune,140362
6279,Advaith Konda,"Kalita, Sharma and Upadhyay",Website Development,Delhi,143952
6280,Oni Basu,"Sandal, Samra and Magar",Meta Ads,Delhi,190906
6281,Liam Handa,Sheth-Dash,Social Media Marketing,Delhi,129232
6282,Yatan Agate,Bobal-Prakash,SEO,Pune,198221
6283,Chanchal Kumer,Raja PLC,Email Marketing,Jaipur,293566
6284,Anamika Shah,"Salvi, Kara and Sethi",Website Development,Ahmedabad,115498
6285,Damini Prakash,Goda PLC,Google Ads,Hyderabad,178996
6286,Yasti Mitter,Chandran-D’Alia,AI Chatbot Development,Ahmedabad,222283
6287,Gautam Murthy,Subramanian-Singhal,Email Marketing,Mumbai,281926
6288,Gagan Keer,Balasubramanian PLC,Website Development,Ahmedabad,255407
6289,Saumya Char,Majumdar PLC,Email Marketing,Hyderabad,236677
6290,Mohammed Kapadia,"Bhatt, Soman and Bera",Meta Ads,Jaipur,88019
6291,Sudiksha Salvi,Tripathi-Chowdhury,Social Media Marketing,Mumbai,213375
6292,Tanish Thaker,Mahajan and Sons,AI Chatbot Development,Bangalore,56486
6293,Ikshita Banik,Chaudhuri LLC,Website Development,Mumbai,75501
6294,Kashish Manda,Sem-Sen,Meta Ads,Bangalore,52985
6295,Yasti Char,Hans LLC,Meta Ads,Bangalore,95084
6296,Jasmit Mahajan,"Bahl, Baral and Randhawa",SEO,Hyderabad,68551
6297,Pooja Borra,"Sachdev, Gara and Sant",SEO,Ahmedabad,24254
6298,Nidhi Mane,Raja-Agrawal,Google Ads,Bangalore,237772
6299,Fiyaz Kara,Bava-Mody,AI Chatbot Development,Kolkata,103965
6300,Mekhala Khalsa,Lanka Group,Website Development,Kolkata,200883
6301,Ayaan Dalal,Kala PLC,SEO,Mumbai,267286
6302,Krisha Soni,Nori-Hans,Content Marketing,Delhi,259089
6303,Harrison Shan,Ramesh-Raval,Meta Ads,Mumbai,203546
6304,Adweta Dayal,"Bahri, Dara and Ratti",Email Marketing,Kolkata,188217
6305,Girish Bandi,"Saran, Dua and Rege",AI Chatbot Development,Pune,159266
6306,Onveer Dass,Shere-Pandey,Email Marketing,Mumbai,218657
6307,Bakhshi Ben,"Khare, Choudhary and Bhalla",Meta Ads,Jaipur,190621
6308,Sachi Wagle,Kale-Uppal,Meta Ads,Delhi,287873
6309,Bhavani Tiwari,"Shere, Deshpande and Hegde",Email Marketing,Ahmedabad,146400
6310,Pratyush Dada,Bail PLC,Google Ads,Ahmedabad,47837
6311,Sarthak Pau,Anand LLC,Meta Ads,Kolkata,83402
6312,Pahal Buch,Baral-Venkatesh,Email Marketing,Mumbai,53198
6313,Charles Sarkar,"Jayaraman, Nadig and Jhaveri",Email Marketing,Bangalore,123977
6314,Gopal Halder,Raja-Randhawa,Email Marketing,Bangalore,117595
6315,Ryan Konda,Dar PLC,SEO,Pune,115309
6316,Hemal Goda,"Savant, Gole and Kumar",Meta Ads,Mumbai,132249
6317,Krish Raja,Batra and Sons,Content Marketing,Mumbai,72853
6318,Gagan Morar,"Rajagopalan, Rout and Bhatia",Content Marketing,Pune,59511
6319,Siddharth Mall,Lal PLC,AI Chatbot Development,Bangalore,95430
6320,Hemal Choudhury,Murty PLC,Website Development,Mumbai,190447
6321,Edhitha Shroff,"Rai, Radhakrishnan and Kala",Social Media Marketing,Bangalore,126528
6322,Bhavani Sant,Bora-Murthy,Social Media Marketing,Hyderabad,159868
6323,Theodore Nayar,"Varghese, Deep and Mohanty",Content Marketing,Delhi,276430
6324,Kalpit Sem,Subramanian-Kothari,Email Marketing,Kolkata,134748
6325,Qadim Ravel,Kulkarni Group,Meta Ads,Ahmedabad,171961
6326,Jacob Chadha,Andra Inc,Website Development,Jaipur,194390
6327,Devansh Sami,Johal-Ganesan,AI Chatbot Development,Hyderabad,281156
6328,Aadhya Kalita,"Dasgupta, Chokshi and Master",Google Ads,Mumbai,254265
6329,Hemani Bansal,"Desai, Srinivas and Setty",Email Marketing,Jaipur,117934
6330,Jack Mohan,"Srinivas, Rau and Bhatnagar",Meta Ads,Kolkata,56638
6331,Saumya Bhasin,"Verma, Agarwal and Ghose",Meta Ads,Jaipur,193596
6332,Mitali Hans,"Baria, Date and Rao",Website Development,Kolkata,296299
6333,Nicholas Savant,Batra-Sant,Email Marketing,Delhi,132321
6334,Rehaan Som,Saha-Aggarwal,Email Marketing,Pune,92496
6335,Nathaniel Ravi,Sami-Agarwal,Website Development,Mumbai,98244
6336,Mugdha Prabhakar,"Golla, Goyal and Yogi",SEO,Delhi,90630
6337,Hardik Vasa,"Keer, Sharaf and Natarajan",Social Media Marketing,Ahmedabad,48463
6338,Kashish Gara,Chaudry-Chaudhari,Website Development,Mumbai,39743
6339,Ucchal Mangat,"Chaudhari, Bhat and Tak",SEO,Hyderabad,276348
6340,Balvan Chad,Mane-Dhingra,Email Marketing,Kolkata,203140
6341,Anamika Brar,Bhavsar LLC,Website Development,Pune,289659
6342,Jai Parmer,"Chada, Nagi and Sem",Social Media Marketing,Mumbai,144149
6343,Aradhana Konda,"Kaur, Mani and Parekh",Content Marketing,Jaipur,41201
6344,Damini Dugar,Dara-Chauhan,Website Development,Jaipur,165820
6345,Qarin Purohit,"Saxena, Iyengar and Keer",AI Chatbot Development,Bangalore,223345
6346,Upadhriti Palan,Ravi-Uppal,Google Ads,Pune,77399
6347,Rachita Lalla,Saha and Sons,Email Marketing,Delhi,201868
6348,Zayyan Raman,"Panchal, Lata and Din",Meta Ads,Bangalore,69057
6349,Meera De,"Bora, Lanka and Rajagopal",SEO,Mumbai,107807
6350,Arunima Borra,Chaudhuri-Kurian,Social Media Marketing,Jaipur,68483
6351,Isaac Bajaj,"Bhat, Prashad and Naidu",AI Chatbot Development,Bangalore,270593
6352,Forum Hari,Wable Inc,AI Chatbot Development,Bangalore,49721
6353,Yug Lala,Garg and Sons,Website Development,Jaipur,237885
6354,Falguni Purohit,Ghosh-Jain,Email Marketing,Delhi,130319
6355,Wridesh Dara,Date LLC,Email Marketing,Delhi,80382
6356,Lavanya Atwal,Saraf Inc,Meta Ads,Ahmedabad,45384
6357,Azad Kara,Minhas-Varma,Meta Ads,Mumbai,80586
6358,Hemang Majumdar,"Ratta, Gola and Wali",Website Development,Mumbai,81907
6359,Jagdish Chaudhuri,Tak-Nagarajan,Email Marketing,Ahmedabad,264608
6360,Eesha Raval,Chakrabarti-Acharya,Meta Ads,Jaipur,80380
6361,Yauvani Thakkar,"Tata, Bhalla and Gara",Google Ads,Delhi,79092
6362,Anthony Ganguly,Mital Group,Content Marketing,Ahmedabad,74790
6363,Vedika Date,"Palla, Mahal and Dar",Meta Ads,Mumbai,41942
6364,Ishaan Mahal,"Aurora, Kumer and Vig",Google Ads,Jaipur,254089
6365,Udant Ratti,Raval PLC,Meta Ads,Pune,297429
6366,Harinakshi Dube,"Chahal, Bhagat and Ramakrishnan",Email Marketing,Bangalore,123783
6367,Madhav Taneja,Magar-Devan,Website Development,Jaipur,173937
6368,Omkaar Dube,Padmanabhan-Mammen,Website Development,Ahmedabad,219378
6369,Gaurika Gade,"Dhawan, Mistry and Hora",Social Media Marketing,Bangalore,27030
6370,Ijaya Sridhar,Sen and Sons,Meta Ads,Kolkata,178054
6371,Ekanta Walia,Varkey-Wable,Google Ads,Mumbai,167872
6372,Osha Prabhakar,"Apte, Chakrabarti and Vig",Meta Ads,Delhi,67238
6373,Agastya Kunda,Sethi-Khare,AI Chatbot Development,Jaipur,226980
6374,David Arya,Sachdeva-Saran,Meta Ads,Pune,24583
6375,Shivansh Magar,Oak PLC,Social Media Marketing,Mumbai,98710
6376,Zayyan Sangha,Dyal PLC,AI Chatbot Development,Ahmedabad,87532
6377,Eesha Vasa,Chadha-Lanka,SEO,Bangalore,212270
6378,Widisha Chaudhary,Goswami-Chopra,Social Media Marketing,Ahmedabad,54612
6379,Warda Taneja,Balasubramanian-Karpe,SEO,Bangalore,201004
6380,Chandresh Gulati,Devan and Sons,Meta Ads,Kolkata,28959
6381,Kiaan Kade,"Khalsa, Char and Bhargava",Google Ads,Bangalore,257887
6382,Nachiket Mody,"Buch, Lanka and Kunda",Google Ads,Mumbai,164421
6383,Eesha Chander,Rajagopal PLC,Website Development,Ahmedabad,208227
6384,Deepa Kalita,Keer Group,Social Media Marketing,Pune,223092
6385,Harinakshi Oza,Sengupta PLC,AI Chatbot Development,Mumbai,131155
6386,Rushil Soman,Issac Inc,SEO,Hyderabad,59294
6387,Oni Verma,Deshpande PLC,Meta Ads,Jaipur,93843
6388,Vaishnavi Sama,"Peri, Sood and Pau",Email Marketing,Jaipur,241490
6389,Charvi Samra,Batta-Varghese,Google Ads,Pune,104910
6390,Leena Raghavan,Gade Ltd,Email Marketing,Bangalore,279447
6391,Balendra Saha,"Pant, Walla and Seth",AI Chatbot Development,Jaipur,107216
6392,Harinakshi Sidhu,Gade-Bhandari,SEO,Kolkata,64760
6393,Bhavini Chaudry,Ramesh-Mani,Content Marketing,Ahmedabad,31733
6394,Agastya Gera,"Tailor, Sengupta and Virk",Content Marketing,Bangalore,88150
6395,Vasatika Gara,"Morar, Gala and Deshpande",Meta Ads,Hyderabad,298421
6396,William Rajagopal,"Raj, Sha and Rau",Google Ads,Pune,187476
6397,Viraj Memon,Patla Inc,AI Chatbot Development,Mumbai,23972
6398,Ekta Chhabra,Banik Inc,Website Development,Hyderabad,36978
6399,Idika Batta,"Bandi, Bajaj and Kant",Website Development,Jaipur,85375
6400,Pranav Kuruvilla,"Wagle, Nagi and Mohan",SEO,Pune,232619
6401,Nachiket Pathak,"Nanda, Nanda and Tank",Email Marketing,Kolkata,213234
6402,Nihal Gulati,Krish-Goda,Content Marketing,Hyderabad,54017
6403,Wriddhish Nagar,Rege PLC,Social Media Marketing,Kolkata,202469
6404,Chaitanya Desai,"Ramachandran, Tailor and Bajwa",Social Media Marketing,Hyderabad,242911
6405,Yuvraj Venkataraman,Shere-Hans,Meta Ads,Bangalore,151743
6406,Madhavi Ravi,Vasa-Basak,Email Marketing,Delhi,91753
6407,Chaitaly Tara,"Mandal, Gill and Shah",AI Chatbot Development,Kolkata,247637
6408,Upasna Kuruvilla,Choudhary Group,SEO,Delhi,43133
6409,Nikita Gopal,"Saxena, Biswas and Gade",SEO,Delhi,289579
6410,Rachit Samra,Kala Inc,Google Ads,Jaipur,128642
6411,Abeer Chacko,Choudhury-Kale,SEO,Ahmedabad,140508
6412,Jason Raval,Rege LLC,Google Ads,Kolkata,229001
6413,Eiravati Lalla,Subramaniam Inc,AI Chatbot Development,Delhi,276368
6414,Isaac Kapur,"Bali, Subramaniam and Hayer",Meta Ads,Ahmedabad,290679
6415,Azaan Cherian,Purohit-Chaudhary,SEO,Jaipur,290979
6416,Darpan Ram,"Shanker, Dyal and Khalsa",Google Ads,Pune,254755
6417,Balendra Nagarajan,Sen LLC,Google Ads,Mumbai,35981
6418,Karan Baral,Bhargava-Malhotra,Google Ads,Pune,51877
6419,Manan Sarin,Lad and Sons,Email Marketing,Delhi,122490
6420,Yahvi Rajagopalan,"Kadakia, Purohit and Gara",SEO,Ahmedabad,257483
6421,Orinder Bora,Batra Ltd,Google Ads,Bangalore,48250
6422,Ekansh Divan,"Nadig, Seshadri and Dube",Email Marketing,Bangalore,194136
6423,Pratyush Ratti,Wable-Nath,Google Ads,Jaipur,170850
6424,Ira Kaur,"Prabhu, Pandey and Handa",Social Media Marketing,Hyderabad,277967
6425,Vasatika Ramakrishnan,"Wali, Mammen and Chana",AI Chatbot Development,Bangalore,230038
6426,Hamsini Kannan,Karan Group,Meta Ads,Delhi,123050
6427,Zilmil Ganesh,"Dhillon, Ray and Dayal",SEO,Jaipur,248115
6428,Brinda Chanda,Puri Group,Meta Ads,Pune,298759
6429,Yashasvi Saraf,Dyal PLC,Social Media Marketing,Kolkata,243298
6430,Netra Anne,Jain-Yogi,Content Marketing,Hyderabad,280138
6431,Andrew Sachar,Vora-Bhasin,SEO,Bangalore,83174
6432,Yadavi Mannan,"Ravi, Kothari and Mahal",SEO,Pune,124314
6433,George Srinivas,Apte PLC,Website Development,Ahmedabad,102095
6434,Benjamin Bahl,Raj PLC,Email Marketing,Hyderabad,249362
6435,Aarna Banik,Palan-Palla,Content Marketing,Ahmedabad,98073
6436,Kamya Ahluwalia,"Hari, Mahal and Oza",Google Ads,Pune,53593
6437,Dipta Andra,Baral-Ganesan,Website Development,Mumbai,269038
6438,Panini Goyal,"Nagi, Sur and Kala",SEO,Jaipur,50188
6439,Girindra Bhatia,"Misra, Brar and Tripathi",AI Chatbot Development,Ahmedabad,237476
6440,Pallavi Sarma,Sura-Kota,Content Marketing,Delhi,182844
6441,Oeshi Virk,"Vig, Date and Wason",Social Media Marketing,Jaipur,55552
6442,Finn Chaudhry,"Parekh, Choudhury and Gupta",Google Ads,Jaipur,254320
6443,Netra Chaudry,Bhalla-Rajagopal,Email Marketing,Kolkata,85181
6444,Qarin Mohan,"Kurian, Chatterjee and Mohan",AI Chatbot Development,Jaipur,30301
6445,Jalsa Nath,Venkatesh Inc,AI Chatbot Development,Bangalore,55622
6446,Zaid Sanghvi,Tandon and Sons,AI Chatbot Development,Jaipur,185175
6447,Dalaja Gill,Yohannan Ltd,Website Development,Delhi,186024
6448,Urvashi Kant,"Kashyap, Sarkar and Toor",Meta Ads,Jaipur,153966
6449,Ansh Vig,Chakraborty-Varghese,SEO,Hyderabad,280521
6450,Sneha Deshmukh,Banik Ltd,Content Marketing,Kolkata,137273
6451,Irya Rastogi,"Subramanian, Cheema and Bains",Google Ads,Bangalore,262875
6452,Keya Kale,Kale PLC,Email Marketing,Delhi,237357
6453,Frederick Misra,Naik PLC,Content Marketing,Hyderabad,73506
6454,Bhavna Shankar,Chandran-Bansal,Content Marketing,Ahmedabad,72206
6455,Samarth Thakur,"Edwin, Dugal and Deol",Meta Ads,Bangalore,274256
6456,Bhavya Sami,Radhakrishnan-Ahluwalia,AI Chatbot Development,Jaipur,274290
6457,Gaurangi Peri,Hayer-Srivastava,Email Marketing,Hyderabad,150150
6458,Udarsh Hora,Gera-Grewal,Website Development,Mumbai,188988
6459,Jeet Nanda,"Baria, Sidhu and Mukhopadhyay",Content Marketing,Mumbai,130590
6460,Rayaan Chauhan,Mane-Mitter,AI Chatbot Development,Delhi,253868
6461,Daniel Rama,Raghavan-Pandey,SEO,Delhi,158471
6462,Udarsh Basu,Andra Ltd,Meta Ads,Ahmedabad,93173
6463,Mahika Sandhu,Srinivasan-Chakraborty,SEO,Bangalore,264983
6464,Kiaan Anand,"Mammen, Badal and Mani",SEO,Kolkata,109930
6465,Wyatt Saraf,"Kuruvilla, Srinivasan and Krishnamurthy",Google Ads,Delhi,235347
6466,Ikbal Raju,Butala LLC,SEO,Mumbai,34380
6467,Suhani Tara,"Jayaraman, Bala and Luthra",AI Chatbot Development,Delhi,63876
6468,Meghana Mall,"Balakrishnan, Golla and Prashad",Website Development,Pune,288936
6469,Neha Mani,Nanda PLC,Email Marketing,Mumbai,78697
6470,Harinakshi Solanki,Kari-Nori,Google Ads,Kolkata,31750
6471,Yutika Wason,Mand-Tak,AI Chatbot Development,Jaipur,57019
6472,Wakeeta Mani,"Pau, Prashad and Agarwal",Content Marketing,Hyderabad,179443
6473,Ranbir Sanghvi,Varughese-Mander,Meta Ads,Mumbai,83041
6474,Siddharth Toor,Kala-Shukla,Email Marketing,Pune,293650
6475,Kashish Mutti,Konda and Sons,Website Development,Kolkata,285734
6476,Chasmum Narasimhan,Shukla PLC,Social Media Marketing,Kolkata,26047
6477,Fitan Borde,Dora LLC,Meta Ads,Jaipur,33470
6478,Tristan Gara,Saran-Issac,AI Chatbot Development,Jaipur,239565
6479,Ansh Srivastava,Zacharia-Kothari,Email Marketing,Pune,268132
6480,Hemang Grewal,Muni-Deo,Google Ads,Mumbai,119045
6481,Diya Garde,Parmar-Goyal,Content Marketing,Delhi,177053
6482,Chaitaly Kanda,"Pai, Bala and Bassi",Content Marketing,Delhi,64057
6483,Jagat Panchal,Kar-Rajagopal,Meta Ads,Kolkata,161775
6484,Zayan Chacko,Borra PLC,Meta Ads,Ahmedabad,284601
6485,Nandini Pathak,Saini-Parikh,Meta Ads,Kolkata,225575
6486,Parth Sama,"Misra, Garg and Shah",Email Marketing,Jaipur,160055
6487,Aadhya Parmar,Jain-Ramesh,SEO,Pune,140238
6488,Gaurika Bhakta,Sastry-Toor,Google Ads,Hyderabad,66366
6489,Nidra Bala,Sekhon-Kapur,Content Marketing,Delhi,205917
6490,Bishakha Balasubramanian,"Mistry, Barad and Basak",Content Marketing,Jaipur,279184
6491,Ayush Gupta,Mander-Sridhar,Website Development,Mumbai,275593
6492,Pallavi Malhotra,Narula PLC,AI Chatbot Development,Bangalore,194748
6493,Nilima Ghosh,Pingle-Khare,Content Marketing,Pune,76103
6494,Omaja Dutta,Bobal-Pant,Email Marketing,Ahmedabad,115276
6495,Sneha Venkatesh,"Basu, Saran and Chahal",AI Chatbot Development,Jaipur,241056
6496,Samaksh Dutt,Sharma PLC,AI Chatbot Development,Ahmedabad,221185
6497,Qarin Mody,Batta-Chad,Website Development,Hyderabad,245081
6498,Chaaya Taneja,"Mody, Gade and Atwal",SEO,Hyderabad,257533
6499,Janaki Chatterjee,"Morar, Rajagopal and Sant",AI Chatbot Development,Mumbai,53952
6500,Charvi Mohan,Raval Ltd,Email Marketing,Jaipur,100189
6501,Radha Kala,Vohra Ltd,Social Media Marketing,Delhi,222341
6502,Vasana Radhakrishnan,Dhar-Bahri,Meta Ads,Mumbai,206421
6503,Qarin Singh,Balasubramanian-Gill,Website Development,Ahmedabad,164293
6504,Harita Lall,Gulati Group,Meta Ads,Jaipur,283471
6505,Ishwar Toor,Sura PLC,Website Development,Hyderabad,229783
6506,Jalsa Devi,Nayar-Din,Website Development,Jaipur,248541
6507,Zaitra Kade,Varkey-Sankar,Meta Ads,Hyderabad,227192
6508,Umang Saran,"Kata, Ganguly and Char",Email Marketing,Mumbai,296409
6509,Rajeshri Virk,Raman and Sons,Email Marketing,Delhi,242777
6510,Max Mitter,Wable-Mutti,SEO,Delhi,66756
6511,Hritik Lad,Dash-Gole,AI Chatbot Development,Delhi,132434
6512,Ekaraj Gara,Shankar Group,Google Ads,Bangalore,207562
6513,Harinakshi Kannan,Issac and Sons,Meta Ads,Bangalore,233584
6514,Harita Doshi,"Borra, Ahluwalia and Pandya",Google Ads,Bangalore,131853
6515,Dalbir Dhar,Ahuja Group,Email Marketing,Ahmedabad,20222
6516,Abha Kulkarni,Mittal Group,Social Media Marketing,Mumbai,150351
6517,Fitan Srinivas,"Varma, Bir and Narula",SEO,Hyderabad,188410
6518,Tanay Seshadri,"Purohit, Bhasin and Bansal",Google Ads,Ahmedabad,194299
6519,Tanish Borde,Patla-Anne,SEO,Mumbai,208909
6520,Sarthak Borah,"Ray, Bajaj and Kari",AI Chatbot Development,Hyderabad,279832
6521,Kavya Yogi,Chandran and Sons,Meta Ads,Hyderabad,85310
6522,Unnati Khalsa,Lall-Garde,Google Ads,Ahmedabad,186662
6523,Simon Muni,Kar-Dey,SEO,Bangalore,171599
6524,Yashoda Goda,Raman-Jaggi,AI Chatbot Development,Jaipur,238308
6525,Jalsa Halder,"Karnik, Vohra and Kohli",Content Marketing,Delhi,266439
6526,Ronith Bhalla,Ravi and Sons,Email Marketing,Delhi,290421
6527,Sathvik Brar,Bala Group,Meta Ads,Hyderabad,41931
6528,Darika Uppal,Ramaswamy-Soman,SEO,Ahmedabad,262076
6529,Ridhi Narayan,Das-Srivastava,Meta Ads,Delhi,162343
6530,Qushi Walia,Bhakta Group,Google Ads,Kolkata,162013
6531,Daniel Parekh,Sachdeva-Hans,Content Marketing,Delhi,138737
6532,Osha Pandit,Pillai-Dugar,Social Media Marketing,Mumbai,226841
6533,Maya Verma,Mutti and Sons,Content Marketing,Hyderabad,241346
6534,Jyoti Karpe,Date-Vyas,Website Development,Ahmedabad,250868
6535,Kavya Sodhi,Golla-Mani,AI Chatbot Development,Ahmedabad,183761
6536,Wazir Kalla,Biswas-Grover,Google Ads,Pune,198407
6537,Baghyawati Ram,"Issac, Gulati and Sangha",AI Chatbot Development,Pune,45847
6538,Girindra Mohan,Khanna-Dash,Google Ads,Delhi,90657
6539,Indali Shankar,Parikh Ltd,Meta Ads,Jaipur,270482
6540,Isha Kota,Sachdeva-Nair,Social Media Marketing,Bangalore,220010
6541,Chakrika Sura,Das and Sons,SEO,Pune,79448
6542,Ethan Nagarajan,Nagar PLC,Google Ads,Kolkata,61212
6543,Aditya Borde,Sen Group,Content Marketing,Jaipur,139049
6544,Upkaar Balan,Biswas and Sons,Content Marketing,Bangalore,240855
6545,Zaid Vaidya,Ramaswamy-Bajwa,Social Media Marketing,Bangalore,235372
6546,Frado Datta,Menon-Solanki,Meta Ads,Delhi,289834
6547,Harita Nagy,Vasa-Karan,AI Chatbot Development,Pune,215238
6548,Aarini Kata,"Chacko, Saini and Shetty",SEO,Ahmedabad,274546
6549,Saumya Sarna,Dave-Uppal,SEO,Jaipur,32988
6550,Mitesh Biswas,Pathak-Dugar,AI Chatbot Development,Mumbai,176611
6551,Urmi Nayar,Verma-Sibal,AI Chatbot Development,Mumbai,44619
6552,Oviya Shan,"Pall, Mody and Palla",AI Chatbot Development,Ahmedabad,216631
6553,Neelima Naidu,Muni-Behl,AI Chatbot Development,Ahmedabad,246146
6554,Chatura Korpal,"Dua, Karan and Khanna",Email Marketing,Ahmedabad,46215
6555,Jagat Dugar,Minhas Inc,Social Media Marketing,Ahmedabad,157432
6556,Yug Kala,Karpe-Warrior,Meta Ads,Jaipur,182918
6557,Urvi Buch,Bala-Magar,Social Media Marketing,Ahmedabad,210939
6558,Balveer Seth,Hari PLC,Email Marketing,Kolkata,198214
6559,Abdul Grewal,Choudhury Ltd,SEO,Kolkata,181754
6560,Balvan Bhat,Kota and Sons,Social Media Marketing,Bangalore,120814
6561,Harita Oak,"Mistry, Bhargava and Arya",SEO,Ahmedabad,88606
6562,Vanya Balan,Sandhu Group,Website Development,Pune,155312
6563,Adweta Nigam,Arora-Vohra,Content Marketing,Ahmedabad,88580
6564,Suhani Natarajan,"Bahri, Chokshi and Kapur",Meta Ads,Ahmedabad,196426
6565,Anusha Mannan,"Sarraf, Kalita and Goel",AI Chatbot Development,Jaipur,76832
6566,Warda Dutta,Pradhan Group,Content Marketing,Pune,201940
6567,Tripti Bhagat,"Sachdev, Pradhan and Yohannan",Website Development,Jaipur,24800
6568,Umang Mandal,"Banerjee, Chowdhury and Mann",Content Marketing,Mumbai,117904
6569,Neha Bir,Mann-Bora,Google Ads,Mumbai,99773
6570,Jalsa Vasa,"Vala, Jayaraman and Dube",AI Chatbot Development,Mumbai,256939
6571,Peter Bhargava,Lad-Prasad,Content Marketing,Kolkata,268485
6572,Harinakshi Handa,Sarkar Inc,AI Chatbot Development,Ahmedabad,90431
6573,Hemang Gala,Dass-Dhawan,Social Media Marketing,Delhi,224547
6574,Ijaya Jaggi,Mangat and Sons,SEO,Delhi,61452
6575,Ranveer Ramanathan,"Chander, Krishna and Contractor",Meta Ads,Hyderabad,72384
6576,Bhavani Das,Lall PLC,Google Ads,Pune,283905
6577,Harish Bhatt,Pathak-Joshi,AI Chatbot Development,Ahmedabad,51440
6578,Baljiwan Gade,Anand-Goyal,SEO,Jaipur,76805
6579,Frederick Rau,"Hegde, Mittal and Sarin",Email Marketing,Ahmedabad,272287
6580,Fiyaz Patil,"Loyal, Sankaran and Vala",Email Marketing,Mumbai,122699
6581,Parth Bajaj,"Magar, Kashyap and Deo",Google Ads,Mumbai,207886
6582,Panini Madan,Yadav-Patla,Email Marketing,Jaipur,163233
6583,Anusha Ratti,Brahmbhatt PLC,Email Marketing,Mumbai,234197
6584,Quincy Mand,Sheth PLC,AI Chatbot Development,Mumbai,242816
6585,Krish Gupta,"Prashad, Raj and Uppal",Google Ads,Mumbai,78147
6586,Madhavi Chokshi,Dugar-Kala,Meta Ads,Jaipur,126897
6587,Geetika Kibe,Saini Group,AI Chatbot Development,Bangalore,270988
6588,Aditya Amble,Atwal LLC,Social Media Marketing,Bangalore,245487
6589,Jhalak Bedi,"Shah, Dave and Barad",Social Media Marketing,Ahmedabad,299073
6590,Vritti Doshi,"Narayan, Sanghvi and Arya",SEO,Kolkata,203686
6591,Nirja Puri,Sant-Raju,Meta Ads,Pune,158793
6592,Triya Kale,Bhatt-Trivedi,Meta Ads,Hyderabad,87065
6593,Ekta Issac,Comar-Ghosh,Google Ads,Bangalore,283959
6594,Urishilla Sahota,"Nigam, Ganguly and Sankaran",Social Media Marketing,Hyderabad,209807
6595,Pushti Chadha,Jha-Ganguly,AI Chatbot Development,Jaipur,36481
6596,Gaurang Goda,Contractor Group,Content Marketing,Hyderabad,180171
6597,Jack Khare,Nigam-Khalsa,Social Media Marketing,Hyderabad,264959
6598,Saumya Comar,"Chaudhari, Dara and Banik",Social Media Marketing,Mumbai,123184
6599,Hardik Mukherjee,"Korpal, Dada and Pal",Google Ads,Delhi,93370
6600,Wakeeta Manne,Devi Inc,Website Development,Mumbai,254592
6601,Robert Dugar,"Bajwa, Deol and Dixit",AI Chatbot Development,Kolkata,64494
6602,Rushil Virk,Sekhon Ltd,Email Marketing,Kolkata,228742
6603,Vrishti Kumer,Rau Inc,Website Development,Bangalore,173862
6604,Dominic Thakur,"Banerjee, Hans and Saran",Meta Ads,Kolkata,108982
6605,Viraj Ramanathan,Arya-Yohannan,SEO,Bangalore,218970
6606,Chandani Batta,Khare-Palan,Meta Ads,Delhi,268896
6607,Siddharth Bajaj,Grover-Hora,Social Media Marketing,Jaipur,51865
6608,Janya Saini,Sant Inc,Google Ads,Ahmedabad,149466
6609,Ekalinga Kala,"Raval, Jhaveri and Dugar",SEO,Hyderabad,192465
6610,Kavya Khatri,Dada Group,Website Development,Jaipur,222696
6611,Sachi Bali,"Srivastava, Vala and Dhingra",Website Development,Pune,283738
6612,Ladli Roy,Varughese Inc,Meta Ads,Hyderabad,140291
6613,Jyoti Pingle,"Rao, Bhatti and Chokshi",Social Media Marketing,Bangalore,180213
6614,Naksh Shere,Dhaliwal and Sons,SEO,Jaipur,74440
6615,Kevin Saran,"Dutta, Gara and Pradhan",Google Ads,Ahmedabad,250970
6616,Anvi Kurian,Krish and Sons,Email Marketing,Hyderabad,289582
6617,Chaitanya Behl,Dugar-Singh,Google Ads,Ahmedabad,201057
6618,Kabir Konda,Dasgupta LLC,Meta Ads,Hyderabad,153222
6619,Ayaan Sandal,Savant-Parekh,AI Chatbot Development,Pune,157181
6620,Laban Aggarwal,Keer LLC,AI Chatbot Development,Ahmedabad,48042
6621,Yagnesh Subramanian,"Atwal, Cherian and Rout",Website Development,Pune,54580
6622,Chavvi Shetty,Varty-Chand,Email Marketing,Bangalore,256105
6623,Dev Sengupta,Nath LLC,Google Ads,Jaipur,188033
6624,Ekantika Lad,"Jain, Sha and Salvi",Website Development,Delhi,97114
6625,Yashoda Kibe,Rajagopalan-Tak,Email Marketing,Hyderabad,222373
6626,Inaya Baral,Vohra Inc,Content Marketing,Mumbai,51940
6627,Tarak Kulkarni,"Vaidya, Chahal and Rau",AI Chatbot Development,Pune,272308
6628,Raksha Sabharwal,Gade and Sons,Meta Ads,Kolkata,74868
6629,Leena Hegde,Saha-Solanki,AI Chatbot Development,Kolkata,92105
6630,Caleb Viswanathan,Chokshi-Chaudhuri,AI Chatbot Development,Ahmedabad,141923
6631,Madhavi Hegde,Johal LLC,SEO,Delhi,219931
6632,Divya Sanghvi,Koshy-Puri,AI Chatbot Development,Mumbai,160404
6633,Om Ahuja,Barman PLC,Meta Ads,Bangalore,138690
6634,Yashasvi Kashyap,Garde-Bedi,Email Marketing,Mumbai,293397
6635,Gagan Contractor,Kar Inc,Website Development,Bangalore,74108
6636,Wazir Suresh,"Bedi, Grover and Wali",Meta Ads,Delhi,282127
6637,Amara Lata,Balay Group,SEO,Ahmedabad,102374
6638,Tanish Borah,Keer Inc,Website Development,Mumbai,291099
6639,Hemani Kibe,Bhavsar Group,SEO,Bangalore,107966
6640,Jack Sha,Prakash Group,Meta Ads,Delhi,43478
6641,Tarak Deshpande,"Ratti, Rajan and Deshpande",Google Ads,Jaipur,117053
6642,Rishi Kakar,Dave PLC,Website Development,Mumbai,21107
6643,Irya Zacharia,Wali and Sons,SEO,Delhi,293689
6644,Omya Kapur,Mitra PLC,Content Marketing,Kolkata,247525
6645,Sneha Bajaj,Barad PLC,Content Marketing,Delhi,43755
6646,Krishna Kari,Sodhi and Sons,SEO,Kolkata,222497
6647,Rachita Mitra,Lad Group,Google Ads,Jaipur,63836
6648,Fariq Khatri,Sodhi-Saini,AI Chatbot Development,Bangalore,215387
6649,Alexander Natt,"Sur, Krish and Thakur",Content Marketing,Delhi,171395
6650,Kamala Choudhury,Sarraf LLC,SEO,Bangalore,171709
6651,Balvan Krish,Kamdar-Sama,Social Media Marketing,Bangalore,64591
6652,Sara De,Sahota Inc,SEO,Kolkata,164894
6653,Banjeet Loyal,Khalsa LLC,Content Marketing,Mumbai,122229
6654,Harrison Iyengar,Guha-Sarkar,Social Media Marketing,Hyderabad,234259
6655,Jai Lall,Sant Inc,Social Media Marketing,Delhi,38281
6656,Lavanya Manda,Mahajan LLC,SEO,Bangalore,28861
6657,Chandani Bahri,"Keer, Atwal and Mutti",Email Marketing,Ahmedabad,115619
6658,Zashil Ramanathan,"Joshi, Goswami and Rana",SEO,Pune,166248
6659,Logan Ramakrishnan,De-Gera,Social Media Marketing,Ahmedabad,249394
6660,Victor Sant,Batra and Sons,Google Ads,Pune,30247
6661,Noah Sarna,Brahmbhatt Group,SEO,Ahmedabad,246938
6662,Vasudha Pillay,Mody LLC,Content Marketing,Ahmedabad,160861
6663,Hemangini Dhillon,"Nair, Buch and Varughese",Google Ads,Delhi,26837
6664,Onkar Chana,"Sarraf, Warrior and Uppal",Content Marketing,Pune,176809
6665,Ira Chadha,Sem Inc,Google Ads,Delhi,137857
6666,Deepa Sarraf,"Dash, Cheema and Wason",AI Chatbot Development,Jaipur,254367
6667,Madhavi Sarma,"Karpe, Roy and Kaur",Social Media Marketing,Delhi,229098
6668,Hamsini Sankaran,Batta and Sons,AI Chatbot Development,Kolkata,41997
6669,Mason Oza,Baral-Lal,SEO,Pune,122051
6670,Onkar Vasa,Kurian-Saha,Content Marketing,Ahmedabad,126064
6671,Rayaan Kumer,Char-Goswami,AI Chatbot Development,Mumbai,218139
6672,Yatin Deshpande,Manda-Datta,Content Marketing,Mumbai,223640
6673,Urishilla Dave,"Barman, Pall and Baria",Email Marketing,Jaipur,296800
6674,Fitan Sunder,"Sen, Shanker and Lal",Website Development,Ahmedabad,292650
6675,Edhitha Dube,Bansal Ltd,Google Ads,Kolkata,297421
6676,Gautam Narasimhan,Din Group,Email Marketing,Delhi,210885
6677,Gunbir Desai,"Khare, Oommen and Devi",SEO,Pune,244790
6678,Ucchal Iyengar,Chawla LLC,Meta Ads,Pune,257782
6679,Shivani Dugar,Master-Vala,Google Ads,Kolkata,217685
6680,Akshay Munshi,Parmar PLC,SEO,Bangalore,86324
6681,Eesha Chakrabarti,"Parmar, Andra and Nair",SEO,Delhi,89573
6682,Warda Dara,Chakraborty-Thakur,Content Marketing,Pune,258316
6683,Udyati Kala,Gandhi PLC,Meta Ads,Ahmedabad,27703
6684,Urmi Yohannan,Varkey-Sood,AI Chatbot Development,Delhi,23064
6685,Wishi Nadig,Mannan Ltd,Social Media Marketing,Mumbai,58188
6686,Balvan Shere,Ghose-Chandran,Email Marketing,Pune,195958
6687,Yamini Bhatia,Kapur Inc,Social Media Marketing,Delhi,261471
6688,Harita Vig,Deo and Sons,Email Marketing,Kolkata,172456
6689,Jhalak Mani,Dhawan-Bassi,Google Ads,Mumbai,275998
6690,Wishi Bumb,Chatterjee-Thakur,AI Chatbot Development,Ahmedabad,116929
6691,Tristan Luthra,"Nagi, Sani and Sawhney",Google Ads,Delhi,95840
6692,Hemal Jha,Rege Inc,AI Chatbot Development,Delhi,231189
6693,Vasatika Loke,Krish-Khatri,Meta Ads,Ahmedabad,159602
6694,Dayamai Warrior,Batta-Gandhi,Meta Ads,Mumbai,93879
6695,Gauri Hayer,Sachdeva-Munshi,Email Marketing,Pune,288554
6696,Inaya Golla,Grover Group,Google Ads,Kolkata,47994
6697,Anya Sridhar,Sagar-Wali,AI Chatbot Development,Pune,159670
6698,Lakshmi Issac,"Mangal, Ben and Sanghvi",Meta Ads,Delhi,201724
6699,Logan Saxena,Kapur-Kar,AI Chatbot Development,Pune,274859
6700,Lavanya Sachdeva,Verma-Ram,SEO,Pune,248126
6701,Hiral Varma,"Barad, Bhargava and Dutta",Meta Ads,Jaipur,94205
6702,Ekaraj Wable,Wagle and Sons,Meta Ads,Pune,280542
6703,Ucchal Pandya,"Pall, Narang and Kota",SEO,Jaipur,46099
6704,Ansh Ramaswamy,"Ram, Roy and Naidu",Google Ads,Ahmedabad,135111
6705,Abdul Sen,"Ramakrishnan, Chawla and Kannan",Social Media Marketing,Ahmedabad,164236
6706,Faras Kulkarni,"Prabhu, Din and Chopra",SEO,Kolkata,110008
6707,Oliver Sachar,Bumb-Anne,Website Development,Mumbai,165985
6708,Eiravati Panchal,Chadha LLC,Email Marketing,Mumbai,283768
6709,Indali Mangat,Koshy-Shah,Meta Ads,Pune,166799
6710,Mohammed Zacharia,Malhotra and Sons,SEO,Jaipur,66640
6711,Shaurya Dey,Patel Inc,Email Marketing,Mumbai,104367
6712,Wahab Munshi,Kannan LLC,AI Chatbot Development,Kolkata,146023
6713,Anita Wali,Sunder-Jain,Google Ads,Mumbai,240035
6714,Advika Mitter,Baral-Chand,Google Ads,Ahmedabad,215633
6715,Ojas Balay,Hora-Jayaraman,SEO,Kolkata,54556
6716,Zehaan Bal,Parikh-Bose,SEO,Pune,50933
6717,Udarsh Ramesh,"Nanda, Bhalla and Mutti",Google Ads,Delhi,214931
6718,Oviya Ratti,"Gola, Khatri and Bala",SEO,Mumbai,263176
6719,Baljiwan Krishnamurthy,"Pal, Acharya and Shroff",Google Ads,Delhi,185142
6720,Chanchal Khosla,Datta Inc,Meta Ads,Ahmedabad,62399
6721,Arunima Bhatnagar,"Bajaj, Bath and Narayanan",SEO,Pune,139229
6722,Benjamin Sabharwal,"Bhattacharyya, Mutti and Bhavsar",Email Marketing,Jaipur,91389
6723,Vasana Deshmukh,Bali-Bath,Website Development,Jaipur,37211
6724,Chaitaly Sankar,Nazareth-Aggarwal,Email Marketing,Delhi,245542
6725,Dayita Raja,Mallick LLC,Social Media Marketing,Jaipur,22413
6726,Megha Sandhu,Chana Group,Email Marketing,Hyderabad,65415
6727,Tamanna Kant,Rau and Sons,AI Chatbot Development,Pune,173635
6728,Rayaan Dada,"Kumer, Ranganathan and Murthy",Website Development,Mumbai,293627
6729,Ayushman Soni,Sunder-Chatterjee,Email Marketing,Ahmedabad,131850
6730,Kala Datta,"Rege, Krishnamurthy and Nair",Content Marketing,Pune,88946
6731,Reva Chada,Master Ltd,AI Chatbot Development,Hyderabad,267577
6732,Hemangini Vig,"Dara, Wali and Sawhney",Google Ads,Ahmedabad,66184
6733,Nathaniel Sunder,"Mall, Varkey and Gill",Meta Ads,Kolkata,126002
6734,Simon Kala,"Tandon, Kara and Kakar",AI Chatbot Development,Delhi,131787
6735,Dayita Butala,Ganesan LLC,Google Ads,Jaipur,155170
6736,Daniel Tailor,"Nigam, Hari and Singhal",Social Media Marketing,Jaipur,100598
6737,Frado Chandra,"Khatri, Sheth and Magar",Social Media Marketing,Ahmedabad,136276
6738,Girish Bhakta,"Dave, Chaudhary and Vala",Meta Ads,Delhi,265509
6739,Triveni Sabharwal,Pillay-Barad,AI Chatbot Development,Bangalore,208713
6740,Faris Doshi,Dass-Deep,Email Marketing,Hyderabad,294736
6741,Veda Tank,Chandra-Rai,Website Development,Pune,99368
6742,Guneet Kala,Buch-Dara,Content Marketing,Jaipur,232667
6743,Maya Tara,Dani-Raju,AI Chatbot Development,Ahmedabad,40404
6744,Sanya Sibal,Yadav Ltd,Content Marketing,Kolkata,121584
6745,Neha Sankaran,Dewan-Oak,Website Development,Hyderabad,177063
6746,Abeer Rajagopal,Suri Ltd,Website Development,Hyderabad,112734
6747,Nimrat Wason,Chakrabarti-Munshi,Social Media Marketing,Bangalore,220605
6748,Vihaan Modi,Balakrishnan and Sons,AI Chatbot Development,Ahmedabad,92299
6749,Siya Ahuja,Bhargava LLC,SEO,Pune,195108
6750,Aadhya Dubey,Rajagopalan-Sethi,SEO,Kolkata,252958
6751,Aryan Sinha,"Boase, Sani and Pillay",AI Chatbot Development,Jaipur,226293
6752,Jacob Guha,"Mammen, Seth and Dewan",Social Media Marketing,Kolkata,195931
6753,Orinder Tank,Mitra-Bains,Social Media Marketing,Delhi,210957
6754,Manan Baral,"Mody, Ratti and Raval",Content Marketing,Mumbai,127998
6755,Irya Luthra,Bali PLC,Meta Ads,Jaipur,37833
6756,Frederick Sood,Nadkarni-Wali,Social Media Marketing,Pune,76172
6757,Rachana Mohanty,Pall-Dada,SEO,Kolkata,182253
6758,Viraj Bassi,Seth-Bhattacharyya,SEO,Delhi,142458
6759,Bishakha Roy,Dhillon-Jha,Google Ads,Delhi,72490
6760,Megha Khanna,"Samra, Uppal and Walla",Email Marketing,Ahmedabad,69678
6761,Kamya Mand,"Khatri, Kothari and Badami",SEO,Mumbai,192246
6762,Nitesh Bath,Guha Ltd,AI Chatbot Development,Kolkata,223982
6763,Nitara Ratta,"Cheema, Dayal and Ramakrishnan",SEO,Mumbai,108180
6764,Veer Walia,Murthy-Maharaj,SEO,Ahmedabad,214484
6765,Upma Dugal,Basak-Dash,Website Development,Pune,160535
6766,Jai Pau,Keer and Sons,Google Ads,Mumbai,20340
6767,Kiaan Bhat,Rastogi-Mannan,Google Ads,Mumbai,115546
6768,Ekta Chandra,"Golla, Sachar and Ravel",Email Marketing,Pune,207351
6769,Siya Gade,Magar PLC,SEO,Jaipur,102789
6770,Ekiya Som,Lad-Kohli,Content Marketing,Jaipur,61387
6771,Aarav Chandra,Mannan LLC,Social Media Marketing,Delhi,196821
6772,Qasim Vohra,Bhattacharyya-Nadkarni,Website Development,Mumbai,201940
6773,Faris Warrior,"Divan, Sen and Jaggi",AI Chatbot Development,Kolkata,198144
6774,Saanvi Mangat,Kannan Inc,SEO,Kolkata,168121
6775,Advaith Sura,"Chahal, Master and Vasa",SEO,Kolkata,72372
6776,Ojasvi Chaudhary,Buch Ltd,Email Marketing,Bangalore,87704
6777,Vritti Dani,"Gara, Sant and Bajwa",Email Marketing,Jaipur,205527
6778,Vincent Krishna,"Sani, Garde and Samra",Social Media Marketing,Jaipur,140900
6779,Yashica Bawa,Sarraf and Sons,Google Ads,Jaipur,25097
6780,Upkaar Arora,Loke-Jhaveri,Content Marketing,Hyderabad,133367
6781,Chandresh Mangal,"Nadig, Keer and Agarwal",AI Chatbot Development,Jaipur,126568
6782,Vasana Dhaliwal,Dara-Mann,Google Ads,Jaipur,165455
6783,Gautam Bir,Chokshi-Korpal,Social Media Marketing,Mumbai,36479
6784,Baljiwan Tailor,Menon Inc,Website Development,Ahmedabad,43911
6785,Sathvik Baral,"Chacko, Sethi and Sankaran",AI Chatbot Development,Delhi,57753
6786,Raagini Chakrabarti,Gill Ltd,AI Chatbot Development,Delhi,136067
6787,Vrishti Sidhu,Badami-Baria,Social Media Marketing,Mumbai,208310
6788,Yagnesh Sangha,Bobal-Pillay,Social Media Marketing,Bangalore,215978
6789,Ikbal Rao,"Swaminathan, Ramesh and Ramesh",Social Media Marketing,Mumbai,43962
6790,Arya Yogi,Nair PLC,Social Media Marketing,Ahmedabad,57047
6791,Manya Nagi,Dass-Desai,SEO,Jaipur,233677
6792,Chakradev Seshadri,"Arya, Warrior and Ganesan",Email Marketing,Jaipur,30077
6793,Vidhi Gaba,Balay PLC,Content Marketing,Ahmedabad,50822
6794,Urvi Shere,Bera Ltd,Google Ads,Ahmedabad,250284
6795,Dalbir Nori,Virk-Basu,Email Marketing,Hyderabad,43115
6796,Manya Hayer,Hayre PLC,Website Development,Kolkata,282644
6797,Faris Vohra,Wali Ltd,AI Chatbot Development,Mumbai,134192
6798,Jeevika Yadav,Borra and Sons,Website Development,Hyderabad,180828
6799,Vinaya Sodhi,Samra Group,Social Media Marketing,Bangalore,30753
6800,Bhanumati Sha,Sankaran-Sood,SEO,Ahmedabad,277308
6801,Avni Bail,Chander-Chaudhari,Email Marketing,Ahmedabad,102405
6802,Utkarsh Swamy,"Rajagopalan, Shenoy and Handa",Social Media Marketing,Pune,24220
6803,Banjeet Zacharia,Nadig-Dar,Website Development,Mumbai,202420
6804,Geetika Patil,"Sabharwal, Choudhury and Kota",SEO,Delhi,278594
6805,Aarav Gole,Dube LLC,Website Development,Ahmedabad,184156
6806,Jeremiah Choudhary,Oommen PLC,AI Chatbot Development,Mumbai,225082
6807,Ethan Mutti,Mahajan Ltd,Meta Ads,Hyderabad,75452
6808,Wakeeta Gara,"Randhawa, Pingle and Mangal",Email Marketing,Hyderabad,116348
6809,Kalpit Arora,Andra PLC,SEO,Mumbai,98355
6810,Harini Talwar,"Bala, Soman and Saxena",Website Development,Bangalore,181331
6811,Ranbir Sahota,Natarajan-Gole,Social Media Marketing,Delhi,56565
6812,Vasana Chokshi,"Dey, Salvi and Reddy",SEO,Jaipur,40884
6813,Nicholas Atwal,"Das, Jaggi and Ghose",Content Marketing,Jaipur,206735
6814,Kamya Sangha,"Thaman, Barman and Parikh",Website Development,Jaipur,237057
6815,Kritika Sachar,Shanker-Nagi,AI Chatbot Development,Bangalore,27310
6816,Raksha Srinivasan,"Thakur, Ram and Dalal",Meta Ads,Delhi,66339
6817,Saksham Palla,Walia-Gola,Content Marketing,Ahmedabad,252821
6818,Turvi Kapur,Lal-Subramanian,Website Development,Mumbai,23405
6819,Mahika Desai,Solanki-Buch,AI Chatbot Development,Pune,259357
6820,Xavier Issac,"Basak, Amble and Datta",Social Media Marketing,Kolkata,189490
6821,Vedhika Prabhakar,"Pandit, Vig and Varghese",Meta Ads,Delhi,109649
6822,Akshay Ramakrishnan,Dhawan LLC,Content Marketing,Hyderabad,107811
6823,Chavvi Sahota,Hora-Pai,Content Marketing,Jaipur,141081
6824,Raghav Koshy,Khare LLC,Website Development,Ahmedabad,113942
6825,Zayan Oommen,Dora-Basu,SEO,Mumbai,259900
6826,Pranav Thakkar,Jha-Baral,Social Media Marketing,Pune,292976
6827,Ishaan Nori,Mallick Inc,Meta Ads,Delhi,154130
6828,Champak Malhotra,"Date, Swamy and Keer",Email Marketing,Kolkata,32931
6829,Nathaniel Chopra,Narula-Borah,Meta Ads,Jaipur,253264
6830,Zaid Ramaswamy,"Behl, Kuruvilla and Bail",Google Ads,Delhi,200487
6831,Ucchal Sachdev,Saini-Bhatia,Meta Ads,Bangalore,23208
6832,Farhan Naik,Dhar PLC,Meta Ads,Bangalore,246203
6833,Vrinda Krishna,"Zacharia, Kanda and Boase",Meta Ads,Delhi,109609
6834,Jairaj Dutt,Patla Group,Google Ads,Pune,294953
6835,Wyatt Randhawa,Naik Group,Google Ads,Kolkata,22241
6836,Anusha Rau,"Yogi, Narayanan and Som",Social Media Marketing,Delhi,247401
6837,Falan Sharma,"Doctor, Viswanathan and Borah",Google Ads,Delhi,283786
6838,Samarth Yogi,Nair-Sem,Content Marketing,Bangalore,214735
6839,Harsh Halder,Jha Group,Social Media Marketing,Delhi,184074
6840,Nitesh Pau,Sangha Group,Email Marketing,Kolkata,107807
6841,Pahal Krish,Dube Group,Google Ads,Ahmedabad,290933
6842,Barkha Jhaveri,"Yohannan, Mani and Sehgal",SEO,Jaipur,198084
6843,Lakshmi Bhasin,"Chanda, Padmanabhan and Dixit",Website Development,Kolkata,133218
6844,Ekani Nanda,"Bhardwaj, Luthra and Sampath",Google Ads,Ahmedabad,101040
6845,Ekanta Narasimhan,"Kalita, Hayer and Bera",Email Marketing,Mumbai,286896
6846,William Pathak,Iyengar Inc,AI Chatbot Development,Pune,183049
6847,Madhavi Bir,Gupta-Desai,SEO,Delhi,289438
6848,Harshil Deshmukh,Bansal Group,Meta Ads,Mumbai,269965
6849,Zayan Batta,"Bahl, Sarkar and Parekh",Meta Ads,Jaipur,48298
6850,Raghav Naidu,Balan-Wadhwa,Meta Ads,Bangalore,174426
6851,Andrew Sani,Parmar-D’Alia,Meta Ads,Bangalore,90920
6852,Hitesh Borde,Sheth-Minhas,Meta Ads,Jaipur,152100
6853,Jatin Sama,Chaudhry Group,Google Ads,Hyderabad,166142
6854,Sara Parikh,Amble-Kurian,Email Marketing,Hyderabad,130846
6855,Vrinda Bassi,Ahluwalia and Sons,Meta Ads,Delhi,54623
6856,Jonathan Bora,Borah-Bandi,Content Marketing,Pune,122908
6857,Vaishnavi Yadav,"Mander, Devan and Handa",SEO,Mumbai,26839
6858,Hema Baral,Bhalla Group,Meta Ads,Jaipur,128977
6859,Kala Dalal,Bhattacharyya-Virk,SEO,Hyderabad,98259
6860,Arunima Ramaswamy,Barad Ltd,Website Development,Mumbai,88463
6861,Jairaj Chaudhary,Mannan Ltd,Email Marketing,Kolkata,208311
6862,Simon Ghosh,Varty-Divan,Meta Ads,Delhi,147768
6863,Arya Dua,Sachar-Swamy,Social Media Marketing,Bangalore,41720
6864,Zinal Sampath,"More, Loyal and Subramaniam",Meta Ads,Delhi,239114
6865,Advika Parmer,Kota Ltd,Social Media Marketing,Jaipur,233468
6866,Frado Prabhu,Venkataraman-Tripathi,AI Chatbot Development,Ahmedabad,123306
6867,Manan Mohanty,"Kurian, Chakraborty and Kala",SEO,Jaipur,200582
6868,Bhanumati Johal,Hayer-Swamy,Website Development,Kolkata,259556
6869,Devansh Ranganathan,Choudhury-Dani,Email Marketing,Pune,228605
6870,Amara Khanna,Chawla Group,Google Ads,Bangalore,89216
6871,Deepa Prabhu,"Prashad, Ratta and Sharaf",Google Ads,Jaipur,104881
6872,Rajata Sharaf,Tripathi and Sons,Google Ads,Ahmedabad,58811
6873,Shaurya Rai,"Soman, Mohanty and Pingle",Email Marketing,Hyderabad,218243
6874,Omya Cheema,"Sethi, Muni and Dhar",SEO,Mumbai,298337
6875,Aashi Keer,Pall Ltd,Website Development,Delhi,35294
6876,Priya Chand,"Vohra, Manda and Pandey",AI Chatbot Development,Bangalore,164654
6877,Charita Sridhar,Samra-Biswas,Google Ads,Ahmedabad,225459
6878,Ronith Sachdeva,"Kar, Kapadia and Dani",Meta Ads,Mumbai,62551
6879,Sarthak Chandra,Mahal-Mangal,Website Development,Delhi,240095
6880,Tanish Mallick,"Jain, Majumdar and Bahri",Email Marketing,Jaipur,282714
6881,Charan Goel,Hari Inc,SEO,Pune,232788
6882,Arin Gulati,Gokhale-Kade,Social Media Marketing,Ahmedabad,226179
6883,Saanvi Zacharia,Khanna-Hegde,Email Marketing,Jaipur,220888
6884,Rajeshri Oak,Narasimhan and Sons,Website Development,Ahmedabad,100201
6885,Eta Chandran,Narula-Madan,Google Ads,Ahmedabad,209818
6886,Ekavir Narayan,Talwar-Sura,Social Media Marketing,Jaipur,178962
6887,Yash Doshi,Garde-Shah,AI Chatbot Development,Hyderabad,177550
6888,Ekiya Dayal,"Chhabra, Nagarajan and Garg",SEO,Kolkata,246222
6889,Yochana Bala,Kalla LLC,Content Marketing,Bangalore,180521
6890,Pahal Bedi,Bhardwaj Group,Website Development,Bangalore,238540
6891,Kamya Upadhyay,Chopra-Agate,Social Media Marketing,Jaipur,178492
6892,Jairaj Thaman,"Sami, Butala and Dube",Content Marketing,Mumbai,257825
6893,Azad Borde,Goel-Din,Website Development,Mumbai,108574
6894,Abha Singhal,Dugal-Parikh,Content Marketing,Mumbai,247457
6895,Varenya Saraf,"Nagar, Chakrabarti and Acharya",Google Ads,Delhi,174936
6896,Dalaja Madan,Krish-Mane,Meta Ads,Hyderabad,133478
6897,Parth Kapoor,"Sehgal, Saxena and Grewal",Content Marketing,Mumbai,200104
6898,Michael Bajaj,Halder Inc,Social Media Marketing,Hyderabad,99327
6899,Sathvik Ram,Jain and Sons,Google Ads,Jaipur,299865
6900,Benjamin Kapur,Varty PLC,Email Marketing,Delhi,233680
6901,Jagdish Pingle,Dhaliwal-Ahluwalia,Meta Ads,Bangalore,183124
6902,Baghyawati Shukla,Dani LLC,Google Ads,Ahmedabad,158238
6903,Ria Swamy,Aurora Inc,Website Development,Bangalore,197647
6904,Andrew Sandhu,"Wagle, Chad and Tailor",Website Development,Mumbai,167709
6905,Libni Ramaswamy,"Oak, Swamy and Saran",Email Marketing,Mumbai,211697
6906,Indrajit Bera,Gala PLC,SEO,Pune,298726
6907,Sneha Nadkarni,Kulkarni-Sethi,Website Development,Bangalore,148724
6908,Falguni Narang,Wagle PLC,AI Chatbot Development,Bangalore,38210
6909,Advay Chandra,"Jha, Krishna and Ranganathan",Website Development,Delhi,61253
6910,Chavvi Balan,"Chandran, Sundaram and Dhar",Social Media Marketing,Kolkata,232686
6911,Udyati Pai,Bhagat-Merchant,SEO,Pune,160024
6912,Udarsh Bava,Deshmukh Group,Social Media Marketing,Kolkata,224684
6913,Siddharth Balay,"Aurora, Ram and Palla",AI Chatbot Development,Kolkata,193447
6914,Michael Kulkarni,Sastry and Sons,Email Marketing,Ahmedabad,160640
6915,Geetika Halder,"Khalsa, Kibe and Korpal",Social Media Marketing,Bangalore,209001
6916,Aarush Narayanan,Shenoy Ltd,Website Development,Ahmedabad,214363
6917,Fariq Murthy,"Arora, Agarwal and Kamdar",Email Marketing,Hyderabad,226059
6918,Sathvik Ben,Gaba-Nagy,Content Marketing,Ahmedabad,53335
6919,Yagnesh Saraf,Kumar-Brar,Content Marketing,Bangalore,166987
6920,Isaac Wable,Raja and Sons,Meta Ads,Delhi,112842
6921,Jagdish Sura,"Banik, Korpal and Mohanty",Social Media Marketing,Hyderabad,213954
6922,Om Pingle,Peri-Chaudhari,SEO,Jaipur,194084
6923,Lakshit Pall,Natarajan Group,AI Chatbot Development,Delhi,199144
6924,Zehaan Bhavsar,"Bhatnagar, Trivedi and Johal",Meta Ads,Ahmedabad,94761
6925,Kashvi Keer,"Oommen, Tandon and Patil",Social Media Marketing,Pune,219904
6926,Qadim Amble,"Master, Misra and Sehgal",Content Marketing,Hyderabad,254191
6927,Bishakha Chakrabarti,"Dayal, Wason and Sodhi",Meta Ads,Delhi,145582
6928,Yashvi Balan,Sachdev LLC,SEO,Kolkata,164799
6929,Anthony Shanker,Nayak-Cherian,Meta Ads,Bangalore,212907
6930,Om Palla,Samra Ltd,Google Ads,Hyderabad,115206
6931,Ryan Khare,Thaman and Sons,Content Marketing,Delhi,169901
6932,Suhani Thaker,Gara-Mital,SEO,Hyderabad,122452
6933,Kamala Bajaj,Kant Group,Website Development,Mumbai,237818
6934,Dipta Aggarwal,"Ramachandran, Manda and Batta",Google Ads,Hyderabad,186060
6935,Anusha Saraf,Sehgal-Nazareth,AI Chatbot Development,Bangalore,49274
6936,Nihal Yogi,Sen-Mandal,Email Marketing,Ahmedabad,135348
6937,Baghyawati Basu,"Chandran, Deep and Kapur",Email Marketing,Bangalore,74656
6938,Christopher Sen,"Memon, Muni and Chandran",SEO,Jaipur,83953
6939,Libni Ahluwalia,Konda Inc,Email Marketing,Pune,107562
6940,Harshil Bal,Joshi PLC,Meta Ads,Delhi,61628
6941,Oviya Goel,"Saha, Sinha and Kalla",Social Media Marketing,Kolkata,68432
6942,Sara Garde,Agarwal Ltd,AI Chatbot Development,Pune,102008
6943,Nandini Kurian,"Sha, Tandon and Saran",Website Development,Pune,166465
6944,Kai Varma,Rana PLC,Meta Ads,Ahmedabad,285020
6945,Tejas Raj,Date Inc,Email Marketing,Hyderabad,160015
6946,Jagdish Raghavan,"Raja, Manne and Patla",Email Marketing,Jaipur,78944
6947,Imaran Bahl,Sura LLC,Email Marketing,Bangalore,105773
6948,Watika Dixit,"Bora, Mander and Chandran",SEO,Ahmedabad,199011
6949,Janani Wadhwa,"Modi, Padmanabhan and Gopal",Meta Ads,Bangalore,253155
6950,Vansha Sandal,"Kumar, Iyer and Deep",Email Marketing,Kolkata,89235
6951,Hitesh Chand,"Prabhakar, Apte and Sekhon",Content Marketing,Ahmedabad,189824
6952,Divya Basak,Mahal LLC,Content Marketing,Bangalore,122225
6953,Nathaniel Balan,Pradhan-Chakrabarti,Email Marketing,Jaipur,78445
6954,Ishanvi Khanna,Sagar-Chatterjee,AI Chatbot Development,Jaipur,44453
6955,Sachi Kunda,"Varughese, Gokhale and Lala",Social Media Marketing,Mumbai,250334
6956,Elijah Kalita,"Sunder, Amble and Lata",Google Ads,Jaipur,212669
6957,Logan Shukla,"Tara, Mann and Natarajan",Social Media Marketing,Jaipur,39066
6958,Gabriel Chaudhari,Nair LLC,SEO,Mumbai,273674
6959,Tanay Modi,Sibal Group,Meta Ads,Mumbai,54452
6960,Dhriti Bansal,Nagy Group,AI Chatbot Development,Mumbai,187661
6961,Simon Mander,Panchal Inc,Email Marketing,Bangalore,82870
6962,Frederick Deep,Kara-Hayer,Content Marketing,Jaipur,177875
6963,Simon Lanka,De Group,Website Development,Delhi,134093
6964,Chakrika Zacharia,Bakshi PLC,Content Marketing,Delhi,279195
6965,Ranveer Krishna,"Bala, Ghose and Kuruvilla",Meta Ads,Jaipur,124049
6966,Chatura Barad,Nath-Deshpande,Google Ads,Bangalore,218224
6967,Yashodhara Sant,"Pradhan, Mukhopadhyay and Sule",Social Media Marketing,Pune,100831
6968,Triveni Kaur,Patla Ltd,Content Marketing,Mumbai,34045
6969,Kashish Bawa,Pandya-Kapoor,Meta Ads,Kolkata,149043
6970,Chaman Dhar,Munshi Inc,Social Media Marketing,Mumbai,215836
6971,Pranav Handa,Hora Group,Social Media Marketing,Bangalore,143014
6972,Eta Majumdar,Shetty-Dara,Meta Ads,Mumbai,99050
6973,Gagan Sawhney,Dass PLC,Email Marketing,Bangalore,119669
6974,Tristan Magar,Konda Ltd,Meta Ads,Jaipur,170643
6975,Geetika Dhawan,"Ravel, Kota and Chauhan",Social Media Marketing,Kolkata,136423
6976,Falak Bhargava,Choudhary and Sons,Social Media Marketing,Bangalore,87739
6977,Quincy Swamy,Bora Group,Website Development,Ahmedabad,243777
6978,Yoshita Chanda,Rajagopalan-Varghese,Google Ads,Pune,38223
6979,Anya Jayaraman,Ramesh-Bhargava,Email Marketing,Ahmedabad,68044
6980,Ekavir Jaggi,Khalsa Inc,SEO,Kolkata,43887
6981,Lekha Bains,"Ganesh, Sampath and Sheth",Meta Ads,Ahmedabad,281008
6982,Ekaja Acharya,Maharaj-Chatterjee,Google Ads,Mumbai,124806
6983,George Bal,Barad-Swaminathan,Content Marketing,Jaipur,71731
6984,Manthan Bora,Savant-Bahl,SEO,Kolkata,85368
6985,Charvi Nigam,Saha Ltd,Meta Ads,Ahmedabad,72311
6986,Aashi Ramesh,"Pathak, Thakur and Singhal",Social Media Marketing,Bangalore,115884
6987,Urvi Badami,Doshi-Patla,Google Ads,Kolkata,247929
6988,Udant Pant,"Madan, Kant and Bandi",AI Chatbot Development,Hyderabad,231045
6989,Ria Agate,Patla-Sachdev,Email Marketing,Bangalore,190032
6990,Samar Malhotra,Chad Group,Email Marketing,Hyderabad,88694
6991,Chatresh Rajan,Yogi-Patla,Meta Ads,Bangalore,133608
6992,Lajita Nayak,"Din, Parekh and Balay",Meta Ads,Mumbai,104612
6993,Logan Jain,"Nagy, Sagar and Varkey",SEO,Delhi,173111
6994,Charvi Garde,Kota Group,AI Chatbot Development,Mumbai,201459
6995,Ekiya Chatterjee,Bath-Bajaj,Meta Ads,Mumbai,113657
6996,Aachal Bhattacharyya,Cherian-Srinivasan,Social Media Marketing,Ahmedabad,49968
6997,Chakrika Kunda,Kapoor-Lala,Content Marketing,Mumbai,196964
6998,Advaith Char,Lad-Chaudhary,Website Development,Pune,45852
6999,Qushi Sengupta,Bora PLC,Content Marketing,Bangalore,271023
7000,Ekantika De,Sankar-Thaker,Website Development,Delhi,80156
7001,Balvan Raju,Bail Ltd,SEO,Hyderabad,228047
7002,Nisha Lata,"Savant, Goel and Jain",Email Marketing,Hyderabad,74809
7003,Bachittar Sanghvi,Naik-Aurora,Website Development,Jaipur,274576
7004,Aarush Varughese,Doshi-Ray,Social Media Marketing,Bangalore,179850
7005,Sanya Pai,"Chauhan, Narain and Misra",Google Ads,Pune,97855
7006,Mitali Sangha,Suresh and Sons,SEO,Delhi,135213
7007,Ayaan Dugal,"Brahmbhatt, Khatri and Iyengar",Content Marketing,Mumbai,230392
7008,Dayita Korpal,Dayal and Sons,SEO,Hyderabad,229346
7009,Sai Krishnan,"Sanghvi, Dave and Kara",Website Development,Kolkata,211561
7010,Warjas Mital,Bir-Manda,Content Marketing,Delhi,184537
7011,William Nagar,Dutta-Anand,AI Chatbot Development,Kolkata,43610
7012,Dhruv Amble,Sur-Dhaliwal,Social Media Marketing,Pune,151820
7013,Arin Kadakia,"Gill, Dey and Hans",Google Ads,Mumbai,55280
7014,Elijah Balay,"Bal, Patel and Lala",Social Media Marketing,Delhi,244457
7015,Yug Ben,Patla and Sons,AI Chatbot Development,Delhi,60628
7016,Chanakya Rout,Merchant PLC,Social Media Marketing,Pune,244534
7017,Oeshi Ganesh,Pathak Inc,AI Chatbot Development,Jaipur,67880
7018,Nandini Nadig,"Buch, Yohannan and Cherian",Content Marketing,Bangalore,188317
7019,Harini Dora,"Parsa, Kara and Dutta",Email Marketing,Kolkata,207565
7020,Chaitaly Chopra,"Nagi, Verma and Comar",Meta Ads,Jaipur,270169
7021,Lipika Sood,Dash Ltd,SEO,Mumbai,29521
7022,Jairaj Tak,Kapur Group,AI Chatbot Development,Mumbai,247853
7023,Keya Parekh,"Kibe, Pillay and Dave",Meta Ads,Jaipur,57287
7024,Geetika Chaudhary,Batta Ltd,Email Marketing,Delhi,91279
7025,Lakshit Pau,"Grover, Parikh and Deshmukh",Google Ads,Mumbai,181208
7026,Dalbir Sankar,Sachdev-Bhargava,Google Ads,Bangalore,147743
7027,Vasatika Bahri,Tella Inc,Content Marketing,Ahmedabad,262618
7028,Ekalinga Kapadia,"Gulati, Srivastava and Samra",Email Marketing,Ahmedabad,39050
7029,Kashish Iyer,Bhakta-Bahl,Email Marketing,Bangalore,58898
7030,Finn Kothari,Dora Ltd,Meta Ads,Ahmedabad,277189
7031,Vamakshi Chaudhari,Krishnamurthy PLC,Email Marketing,Bangalore,61892
7032,Ishwar Dua,"Din, Buch and Gupta",Meta Ads,Mumbai,249559
7033,Ishwar Mukhopadhyay,Dugar and Sons,Content Marketing,Jaipur,261372
7034,Isaiah Divan,Raj-Bora,Social Media Marketing,Kolkata,240387
7035,Nathan Sibal,Tara-Kata,Social Media Marketing,Bangalore,129054
7036,Vritti Rajagopalan,Bassi-Joshi,AI Chatbot Development,Bangalore,80444
7037,Onveer Bawa,"Dalal, Shan and Pandya",Google Ads,Ahmedabad,192394
7038,Mason Uppal,Pathak-Dugar,AI Chatbot Development,Bangalore,36188
7039,Jhalak Natt,"Bedi, Mangal and Batta",Social Media Marketing,Mumbai,142250
7040,Eesha Patel,Tiwari-Bath,Google Ads,Mumbai,43949
7041,Amrita Wason,"Varty, Uppal and Thaman",Meta Ads,Delhi,56308
7042,Gagan Dixit,Deo PLC,Social Media Marketing,Jaipur,203031
7043,Ikbal Pandit,"Sarin, Dhawan and Sengupta",Email Marketing,Ahmedabad,162757
7044,Meghana Maharaj,"Sane, Bajaj and Ganesan",AI Chatbot Development,Kolkata,168946
7045,Tristan Subramanian,Merchant-Mangat,Email Marketing,Jaipur,46183
7046,Pratyush Borra,"Mitter, Kamdar and Memon",SEO,Mumbai,240654
7047,Yashvi Cheema,"Varty, Balasubramanian and Patla",Email Marketing,Ahmedabad,180521
7048,Omya Luthra,"Mital, Subramanian and Sant",AI Chatbot Development,Ahmedabad,280262
7049,Akshay Sha,"Vyas, Dubey and Ben",Content Marketing,Hyderabad,254789
7050,Udarsh Barad,"Ganesh, Kashyap and Mahal",Email Marketing,Hyderabad,66675
7051,Hemani Din,"Patel, Dua and Natarajan",Content Marketing,Bangalore,222195
7052,Oscar Khosla,Vig-Balan,Social Media Marketing,Ahmedabad,37707
7053,Radhika Soman,"Devi, Bail and Savant",AI Chatbot Development,Pune,37315
7054,Girik Bains,Gill-Sem,SEO,Ahmedabad,148064
7055,Udant Vaidya,"Khosla, Kapur and Nanda",Social Media Marketing,Pune,135653
7056,Neha Venkataraman,Mohanty-Om,Email Marketing,Bangalore,39731
7057,Tristan Sankaran,Naik Ltd,Content Marketing,Hyderabad,243674
7058,Matthew Ganesan,Venkatesh-Borra,Meta Ads,Kolkata,251409
7059,Hemang Kaul,"Loke, Sinha and Borah",Google Ads,Delhi,207744
7060,Charvi Sachar,Mander-Menon,Meta Ads,Ahmedabad,136779
7061,Darsh Doshi,Narain-Baria,Social Media Marketing,Bangalore,45976
7062,Yasti Devi,Parekh-Chowdhury,Social Media Marketing,Kolkata,24171
7063,Charles Dube,Naik Group,Meta Ads,Pune,203377
7064,Wridesh Loyal,"Natarajan, Sarin and Pillay",Google Ads,Mumbai,297356
7065,Samar Nagi,"Walia, Bedi and Master",Meta Ads,Kolkata,236806
7066,Victor Prashad,Chawla LLC,Website Development,Ahmedabad,177134
7067,Sara Vaidya,Sen Ltd,Website Development,Delhi,184633
7068,Michael Naidu,"Gaba, Naidu and De",AI Chatbot Development,Pune,226292
7069,Dominic Murty,"Chokshi, Shroff and Sidhu",Social Media Marketing,Hyderabad,237027
7070,Charan Magar,"Jhaveri, Andra and Kunda",Content Marketing,Bangalore,176519
7071,Wriddhish Purohit,Chowdhury Group,Social Media Marketing,Hyderabad,173175
7072,Chandani Patla,Gill Group,Website Development,Hyderabad,154950
7073,Barkha Loyal,Bahri and Sons,Google Ads,Hyderabad,83602
7074,Max Wable,"Anand, Garg and Saraf",Content Marketing,Bangalore,147117
7075,Jhalak Mann,"Aurora, Kala and Srinivasan",AI Chatbot Development,Hyderabad,256396
7076,Henry Nagi,Kothari-Hora,AI Chatbot Development,Bangalore,161368
7077,Lila Uppal,Patla Inc,Content Marketing,Hyderabad,29005
7078,Vrishti Dada,Taneja-Dugar,Meta Ads,Mumbai,137717
7079,Jai Naidu,Pillai Group,SEO,Pune,282408
7080,Ladli Mutti,Cherian-Chaudhuri,Content Marketing,Mumbai,270100
7081,Samaksh Munshi,Badami-Natarajan,Website Development,Hyderabad,72302
7082,Tanay Bobal,"Bobal, Johal and Sathe",Website Development,Mumbai,74322
7083,Ishwar Mandal,Cherian PLC,SEO,Kolkata,87679
7084,Max Chaudry,Joshi-Chaudry,SEO,Mumbai,80368
7085,Hamsini Rattan,Pai Group,Email Marketing,Jaipur,271097
7086,Aashi Sharaf,Talwar PLC,Social Media Marketing,Hyderabad,291881
7087,Chasmum Krishna,Sule-Sagar,Social Media Marketing,Bangalore,170504
7088,Abdul Vohra,Bobal-Palla,Content Marketing,Pune,196516
7089,Chandani Vala,"Dugar, Borah and Ahuja",Email Marketing,Mumbai,85882
7090,Qasim Kata,Prashad-Chokshi,SEO,Bangalore,25327
7091,Sanya Borah,Lata-Dugar,SEO,Hyderabad,165824
7092,Ekta Butala,Shukla-Sarraf,Content Marketing,Hyderabad,220016
7093,Bhavini Dua,Garg Inc,Google Ads,Mumbai,137150
7094,Joshua Narasimhan,"Bajaj, Natarajan and Gandhi",SEO,Jaipur,94152
7095,Vyanjana Ram,Balakrishnan Ltd,Social Media Marketing,Delhi,91492
7096,Unni Sule,"Tata, Basak and Kothari",Google Ads,Bangalore,261943
7097,Kiaan Sidhu,"Kar, Pradhan and Bahri",Social Media Marketing,Ahmedabad,206771
7098,Mohammed Purohit,Lanka Inc,Content Marketing,Bangalore,193417
7099,Varenya Balasubramanian,Mallick PLC,Social Media Marketing,Kolkata,21214
7100,Darsh Borra,"Tandon, Bobal and Narayan",Content Marketing,Delhi,134504
7101,Turvi Sarraf,"Kapur, Garg and Basak",Google Ads,Hyderabad,209003
7102,Aarav Raman,"Bandi, Lal and Memon",AI Chatbot Development,Bangalore,155987
7103,Priya Ravi,Pandey-Shenoy,Social Media Marketing,Ahmedabad,223364
7104,Ekani Wable,Bhalla LLC,Website Development,Delhi,57999
7105,Omisha Bahl,"Hans, Natt and Bahl",Website Development,Pune,45196
7106,Bhanumati Gade,"Bansal, Kakar and Kari",Website Development,Hyderabad,116242
7107,Yagnesh Badal,Bali Ltd,Website Development,Ahmedabad,102612
7108,Thomas Sheth,Nadig Ltd,Meta Ads,Jaipur,150369
7109,Daksh Contractor,Narayanan-Srivastava,Website Development,Hyderabad,259871
7110,Bhavani Mishra,Sangha-Nanda,AI Chatbot Development,Mumbai,159000
7111,Gopal Malhotra,Mody Inc,Content Marketing,Bangalore,76508
7112,Thomas Char,"Desai, Wadhwa and Tak",SEO,Hyderabad,141629
7113,Abha Ramaswamy,"Raju, Dugar and Borde",Email Marketing,Ahmedabad,284469
7114,Vamakshi Mallick,Walla-Banik,Content Marketing,Jaipur,37128
7115,Dipta Bhasin,Banerjee Ltd,Social Media Marketing,Mumbai,167104
7116,Logan Baral,Suri Group,Content Marketing,Jaipur,100211
7117,Urvi Kota,Varghese-Thakkar,Google Ads,Kolkata,249718
7118,Priya Sura,"Bir, Shukla and Gole",AI Chatbot Development,Delhi,264221
7119,Rajeshri Manne,"Pai, Jani and Bahl",AI Chatbot Development,Bangalore,39681
7120,Pratyush Mital,Lall-Kaur,AI Chatbot Development,Bangalore,187005
7121,Warda Sur,Ahuja LLC,SEO,Mumbai,139737
7122,Ira Dalal,"Badal, Upadhyay and Edwin",Social Media Marketing,Jaipur,105652
7123,Balveer Lanka,"Pandey, Mishra and Choudhary",Meta Ads,Hyderabad,241314
7124,Ronith Shanker,Agrawal Ltd,Content Marketing,Pune,114987
7125,Aditya Rao,Suresh Ltd,Email Marketing,Pune,103615
7126,Wriddhish Lad,"Parsa, Date and Borde",Website Development,Bangalore,89980
7127,Laksh Chaudhuri,Mahajan-Rao,Meta Ads,Bangalore,24885
7128,Yochana Rastogi,Dutt-Nagarajan,Meta Ads,Jaipur,90486
7129,Damini Brahmbhatt,"Chaudhary, Nagarajan and Badal",Social Media Marketing,Ahmedabad,76521
7130,Unnati Sundaram,Chopra-Rau,Website Development,Bangalore,25222
7131,Eiravati Parmar,Sarraf-Misra,Website Development,Jaipur,135060
7132,Tejas Mall,"Khare, Kumar and Hegde",Website Development,Hyderabad,234062
7133,Balendra Shankar,"Som, Bhalla and Pandya",Email Marketing,Kolkata,55505
7134,Zaid Vala,Chanda-Mall,Google Ads,Ahmedabad,259229
7135,Inaya Rajagopal,Handa LLC,Social Media Marketing,Jaipur,249396
7136,Diya Minhas,"Jha, Peri and Apte",Content Marketing,Mumbai,270813
7137,Nicholas Chanda,Kara Group,Social Media Marketing,Pune,150612
7138,Aditya Viswanathan,Oommen-Sibal,SEO,Mumbai,165748
7139,Theodore Jani,Andra-Wagle,Social Media Marketing,Bangalore,49386
7140,Falak Lanka,"Pillai, Bobal and Sarkar",Google Ads,Mumbai,141021
7141,Charita Iyengar,Yohannan LLC,AI Chatbot Development,Kolkata,109457
7142,Amrita Parikh,"Parmer, Luthra and Agate",Website Development,Jaipur,133657
7143,Zarna Bali,"Kulkarni, Kale and Pillay",AI Chatbot Development,Mumbai,44466
7144,Charan Biswas,Walia-Chawla,Meta Ads,Hyderabad,260361
7145,Umang Lad,Bedi Inc,Google Ads,Jaipur,67640
7146,Jackson Gandhi,Mand Group,Email Marketing,Mumbai,105672
7147,Ansh Balakrishnan,Grewal-Hegde,Meta Ads,Hyderabad,47325
7148,Eta Murthy,"Vyas, Ray and Sachdev",Social Media Marketing,Jaipur,250344
7149,Dayita Baria,Bhatt-Mohanty,Content Marketing,Hyderabad,262519
7150,Libni Krishnamurthy,Samra PLC,Google Ads,Kolkata,279623
7151,Faras Lal,Ghosh-Bhatnagar,Social Media Marketing,Hyderabad,237013
7152,Divya Mangat,Kapadia-Dash,Google Ads,Mumbai,158259
7153,Ria Soni,"Dani, Bakshi and Parikh",SEO,Ahmedabad,208618
7154,Abhiram Khare,"Bava, Magar and Venkataraman",Website Development,Kolkata,100785
7155,Aryan Kala,"Narain, Virk and Hora",Email Marketing,Mumbai,197984
7156,Rajata Shukla,Toor-Char,Google Ads,Mumbai,101553
7157,Anamika Dara,"Bahl, Munshi and Pai",Social Media Marketing,Jaipur,199957
7158,Finn Sandhu,Muni Inc,Content Marketing,Ahmedabad,299852
7159,Barkha Wason,Raju LLC,AI Chatbot Development,Hyderabad,285883
7160,Chasmum Savant,Ravi Ltd,Meta Ads,Bangalore,274524
7161,Advay Saxena,Muni Ltd,Website Development,Bangalore,256647
7162,Mason Deo,Bhatt and Sons,Google Ads,Mumbai,72287
7163,Gunbir Deol,Gola Inc,Meta Ads,Delhi,65063
7164,Yutika Kade,"Naik, Raman and Balakrishnan",SEO,Delhi,298352
7165,Barkha Muni,Choudhury-Datta,Email Marketing,Jaipur,143577
7166,Warhi Srinivas,Agarwal Group,Social Media Marketing,Ahmedabad,46212
7167,Jagrati Kalita,Batra-Wagle,Google Ads,Kolkata,45943
7168,Yochana Kannan,Rout-Patel,Email Marketing,Hyderabad,38902
7169,Aryan Venkatesh,Bhatt-Bir,Website Development,Mumbai,204822
7170,Krisha Mangat,Bakshi Inc,Google Ads,Hyderabad,206101
7171,Ronith Atwal,"Raman, Hayre and Modi",Meta Ads,Pune,77352
7172,Kevin Pall,Ramakrishnan-Chaudhari,Email Marketing,Delhi,110525
7173,Jagvi Sibal,Salvi-Sarraf,Meta Ads,Mumbai,278070
7174,Noah Pillai,Iyengar Group,Content Marketing,Hyderabad,150953
7175,Lavanya Minhas,Sidhu-Subramanian,Website Development,Kolkata,115309
7176,Nimrat Madan,Gopal Inc,Meta Ads,Jaipur,209119
7177,Ganga Kade,"Radhakrishnan, Sandhu and Divan",AI Chatbot Development,Mumbai,95676
7178,Chatura Sangha,Ganesan Ltd,Google Ads,Ahmedabad,112352
7179,Ishaan Chada,Edwin-Wason,Content Marketing,Pune,156667
7180,Hemang Nadkarni,"Sehgal, Patil and Dey",Content Marketing,Bangalore,122392
7181,Baghyawati Ahuja,Gala-Ahluwalia,SEO,Bangalore,126093
7182,Hema Behl,Dubey Inc,AI Chatbot Development,Hyderabad,178356
7183,Jonathan Bath,"Atwal, Mandal and Chanda",Email Marketing,Jaipur,179767
7184,Gabriel Gokhale,Dhar Group,Email Marketing,Pune,26157
7185,Rajata Bajaj,Doctor-Sinha,AI Chatbot Development,Kolkata,30910
7186,Sneha Boase,Anand LLC,Meta Ads,Jaipur,216183
7187,Manthan Bobal,"Bhalla, Sethi and Divan",Content Marketing,Pune,57419
7188,Vedhika Tiwari,Desai and Sons,Social Media Marketing,Bangalore,254983
7189,Charvi Balan,Johal Ltd,Email Marketing,Hyderabad,115241
7190,Diya Brar,"Arya, Goda and Sarma",Content Marketing,Ahmedabad,129682
7191,Faraj Jha,Mander-Wagle,Meta Ads,Pune,237115
7192,Tanay Sachar,Chokshi-Batta,Website Development,Hyderabad,116986
7193,Keya Kuruvilla,Bhalla-Koshy,Email Marketing,Kolkata,268599
7194,Vidhi Sachdev,Rama Group,Social Media Marketing,Mumbai,103895
7195,Jalsa Parikh,Deshpande and Sons,Social Media Marketing,Mumbai,29194
7196,Mekhala Kala,Jhaveri-Bhasin,Content Marketing,Delhi,229383
7197,Zayan Minhas,Dani LLC,Social Media Marketing,Delhi,94323
7198,Aadi Sarkar,Doctor-Kata,Meta Ads,Jaipur,213402
7199,Timothy Bains,Pingle LLC,Meta Ads,Mumbai,169861
7200,Hemang Date,"Sood, Bora and Dada",Google Ads,Delhi,189124
7201,Madhav Sachdev,Balan Inc,Content Marketing,Bangalore,42041
7202,Garima Bava,Divan-Virk,Meta Ads,Pune,185572
7203,Chandresh Saxena,"Kunda, Bhakta and Dyal",Content Marketing,Bangalore,248532
7204,Meera Bose,Sandal-Prashad,Website Development,Kolkata,100829
7205,Jai Sundaram,Sunder Group,Content Marketing,Mumbai,175534
7206,Robert Butala,"Khurana, Ramakrishnan and Brar",Meta Ads,Jaipur,246211
7207,Umang Sahni,"Thaman, Ghose and Rajagopalan",Content Marketing,Delhi,195754
7208,Irya Biswas,Sunder-D’Alia,AI Chatbot Development,Jaipur,198070
7209,Eiravati Soman,Tailor PLC,Google Ads,Bangalore,127354
7210,Aarini Bajwa,Zacharia Ltd,Google Ads,Bangalore,41206
7211,Abhimanyu Mutti,Amble Group,SEO,Hyderabad,137676
7212,Darsh Chaudry,Garg Inc,Meta Ads,Delhi,63887
7213,Vrishti Tandon,Das-Raval,Meta Ads,Mumbai,69472
7214,Lucky Shenoy,Pall-Chandran,Meta Ads,Delhi,215094
7215,Jeremiah Dora,Patil Inc,AI Chatbot Development,Delhi,215291
7216,Ansh Balasubramanian,"Wali, Choudhury and Barad",Meta Ads,Ahmedabad,238710
7217,Vasatika Bansal,Loyal-Choudhury,Email Marketing,Ahmedabad,176213
7218,Eta Vaidya,Suri-Sarin,SEO,Delhi,77532
7219,Adweta Patel,Manda-Chakraborty,Social Media Marketing,Hyderabad,50664
7220,Rohan Raman,"Guha, Muni and Barad",Content Marketing,Hyderabad,180219
7221,Ekapad Mammen,Ravi Ltd,Meta Ads,Jaipur,42324
7222,Shravya Krishna,Walla Ltd,Content Marketing,Mumbai,283442
7223,Anvi Lal,Bala-Murty,Email Marketing,Kolkata,294945
7224,Vritti Rana,Manne Ltd,Email Marketing,Bangalore,184457
7225,Urvi Upadhyay,Menon-Manda,Social Media Marketing,Ahmedabad,230620
7226,Yutika Dara,D’Alia Group,AI Chatbot Development,Ahmedabad,182944
7227,Farhan Suresh,Dara and Sons,Google Ads,Ahmedabad,87791
7228,Chaman Sankar,"Bhargava, Bala and Chander",Website Development,Hyderabad,114525
7229,Yamini Mani,Choudhary and Sons,Google Ads,Mumbai,248651
7230,Rehaan Rana,Borah Ltd,Meta Ads,Mumbai,59375
7231,Avni Behl,Nath-Palan,Website Development,Mumbai,28969
7232,Samarth Dasgupta,"Andra, Brahmbhatt and Ratti",AI Chatbot Development,Delhi,43840
7233,Victor Baria,Grewal-Modi,AI Chatbot Development,Mumbai,152611
7234,Ethan Dyal,"Bhalla, Gandhi and Upadhyay",Website Development,Delhi,167537
7235,Chatresh Randhawa,Raja Ltd,Email Marketing,Delhi,67210
7236,Pavani Gulati,Johal PLC,Email Marketing,Kolkata,100438
7237,Chasmum Mahal,Krishnan LLC,Content Marketing,Hyderabad,296219
7238,Hardik Malhotra,Yohannan-Mall,Google Ads,Mumbai,289320
7239,Ucchal Tara,Bhargava Group,Website Development,Delhi,30434
7240,Saanvi Sama,"Rastogi, Ramakrishnan and Master",SEO,Bangalore,246487
7241,Azaan Ganesh,"Vohra, Bansal and Padmanabhan",Content Marketing,Ahmedabad,30976
7242,Ekantika Ben,Chander LLC,Meta Ads,Jaipur,52709
7243,Dakshesh Sankar,Prabhakar Ltd,SEO,Pune,123131
7244,Sai Arora,"Prakash, Sekhon and Hans",Meta Ads,Pune,121392
7245,Vasana Shankar,Ganesan-Bal,Content Marketing,Bangalore,70521
7246,Fiyaz Krishnan,"Ahluwalia, Zacharia and Gade",SEO,Pune,44333
7247,Azad Sangha,Mangal-Dhar,Social Media Marketing,Mumbai,161637
7248,Falguni Palan,Gade-Sem,Website Development,Bangalore,21001
7249,Bhanumati Oza,"Shankar, Sodhi and Bali",Social Media Marketing,Mumbai,239115
7250,Madhavi Kanda,Bains-Ranganathan,Meta Ads,Jaipur,51269
7251,Utkarsh Chana,"Raju, Majumdar and Ahuja",Email Marketing,Ahmedabad,299960
7252,Utkarsh Singh,Goel-Konda,Content Marketing,Mumbai,259803
7253,Girindra Sidhu,"Trivedi, Nagarajan and Char",Content Marketing,Bangalore,139085
7254,Yadavi Pau,"Dey, Munshi and Pai",Meta Ads,Bangalore,282983
7255,Chavvi Vaidya,Agrawal-Reddy,Content Marketing,Bangalore,132454
7256,Ladli Deol,Narain-Sengupta,Email Marketing,Ahmedabad,63674
7257,Diya Balasubramanian,"Sheth, Sastry and Dutta",Social Media Marketing,Delhi,231020
7258,Champak Mani,Dube-Korpal,Meta Ads,Ahmedabad,258485
7259,Eshana Naidu,Garde-Nazareth,Google Ads,Bangalore,247569
7260,Timothy Bains,Ben-Raghavan,AI Chatbot Development,Delhi,20430
7261,Yadavi Das,Viswanathan-Krishna,Google Ads,Bangalore,101292
7262,Darika Dugar,"Karnik, Sule and Dass",Meta Ads,Bangalore,138284
7263,Lekha Dutt,"Narayan, Malhotra and Sinha",Meta Ads,Delhi,286391
7264,Peter Parmer,Thakkar Group,Website Development,Pune,117955
7265,Wriddhish Mohanty,"Bhargava, Kant and Samra",Email Marketing,Delhi,297010
7266,Ekalinga Ghose,Rattan and Sons,Email Marketing,Pune,30372
7267,Pushti Balay,"Yohannan, Sandhu and Kumer",Content Marketing,Kolkata,278478
7268,Samaksh Chopra,Prasad Group,Content Marketing,Delhi,42779
7269,Lucky Patel,Madan-Dar,Content Marketing,Pune,107581
7270,Om Oommen,"Dar, Dyal and Cherian",SEO,Delhi,159670
7271,Rajata Ranganathan,"Verma, Vig and Bali",Website Development,Delhi,86812
7272,Harita Chandra,"Chokshi, Dada and Kapadia",Email Marketing,Kolkata,234827
7273,Veda Majumdar,"Prashad, Sur and Pall",Google Ads,Kolkata,283804
7274,Damyanti Dewan,Munshi-Bir,Google Ads,Pune,239676
7275,Hemang Khalsa,"Chauhan, Saini and Verma",Website Development,Hyderabad,203471
7276,Veer Sanghvi,Batra and Sons,Email Marketing,Mumbai,28722
7277,Pratyush Mangal,"Sen, Gokhale and Menon",Meta Ads,Ahmedabad,217588
7278,Falak Puri,Ramachandran PLC,Social Media Marketing,Ahmedabad,299899
7279,Charita Chand,Kakar-Chander,Content Marketing,Mumbai,205546
7280,Fariq Mane,Shenoy Group,Google Ads,Mumbai,189697
7281,Gopal Ravi,Gala-Pillay,Email Marketing,Bangalore,181505
7282,Brijesh Rana,"Pai, Agarwal and Singh",Meta Ads,Pune,190996
7283,Zinal Sem,Kibe-Mittal,Website Development,Hyderabad,248146
7284,Rushil Thaman,"Rajagopalan, Saini and Kumar",SEO,Kolkata,176165
7285,Keya Karan,Walia-Dayal,Meta Ads,Jaipur,253335
7286,Yashoda Mallick,Hora-Ramesh,AI Chatbot Development,Kolkata,94826
7287,Bhavini Radhakrishnan,"Loyal, Kothari and Chowdhury",Content Marketing,Ahmedabad,179652
7288,Andrew Pai,Mital LLC,Google Ads,Kolkata,227805
7289,Isha Balan,"Verma, Mishra and Padmanabhan",Email Marketing,Jaipur,22017
7290,Anay Pingle,"Roy, Nagar and Halder",Email Marketing,Hyderabad,281111
7291,Udarsh Buch,Kurian-Bumb,AI Chatbot Development,Pune,169016
7292,Vihaan Doshi,"Som, Kadakia and Wable",Content Marketing,Hyderabad,59462
7293,Bhavini Dhawan,Pillay-Balay,Website Development,Hyderabad,79005
7294,Noah Sura,Loke Group,Content Marketing,Kolkata,147156
7295,Zilmil Choudhry,"Kalla, Parikh and Tripathi",AI Chatbot Development,Kolkata,292098
7296,Rajata Pai,Jani LLC,Social Media Marketing,Bangalore,229016
7297,Anay Cherian,Lal-Goyal,Google Ads,Ahmedabad,173599
7298,Yutika Devi,Sule-Samra,SEO,Hyderabad,172051
7299,Dayita Bansal,Panchal PLC,Social Media Marketing,Jaipur,107380
7300,Veda Agrawal,Bajwa Group,Content Marketing,Jaipur,191267
7301,Harinakshi Radhakrishnan,Dar and Sons,Meta Ads,Delhi,36462
7302,Ansh Peri,Tella PLC,Meta Ads,Ahmedabad,93159
7303,Hredhaan Chowdhury,"Bir, Varma and Narain",Email Marketing,Jaipur,227989
7304,Tristan Varkey,Garg-Choudhry,Content Marketing,Hyderabad,52089
7305,Falguni Jani,Dar LLC,SEO,Mumbai,161851
7306,Eiravati Narain,Nori-Sura,AI Chatbot Development,Pune,292673
7307,Rachit Jhaveri,Kamdar LLC,Google Ads,Bangalore,20285
7308,Veda Loke,Dixit-Rastogi,Website Development,Jaipur,192952
7309,Praneel Iyengar,"Sampath, Kohli and Subramaniam",Email Marketing,Hyderabad,144235
7310,Bhavini Kannan,Kurian Inc,Email Marketing,Hyderabad,75567
7311,Inaya Mittal,Anne Ltd,Social Media Marketing,Ahmedabad,144026
7312,George Luthra,Parikh-Sharma,SEO,Mumbai,254397
7313,Zashil Bains,Sahota Ltd,Social Media Marketing,Jaipur,44769
7314,Girik Dhingra,Sehgal-Ram,SEO,Bangalore,44077
7315,Sathvik Prabhu,Rout-Iyer,Social Media Marketing,Ahmedabad,231443
7316,Madhav Anne,Dada-Sodhi,Google Ads,Pune,126590
7317,Ekalinga Edwin,Kara LLC,SEO,Pune,223110
7318,Anamika Natt,Kohli-Jhaveri,AI Chatbot Development,Delhi,156870
7319,Amruta Mishra,Chana Group,Website Development,Kolkata,174240
7320,Lopa Sen,"Biswas, Vig and Arya",Content Marketing,Kolkata,47150
7321,Abeer Gill,Badami Inc,Email Marketing,Jaipur,82031
7322,Naveen Mand,Shah-Chaudry,Email Marketing,Mumbai,237288
7323,Wishi Bhatnagar,Misra Ltd,SEO,Jaipur,79243
7324,Yashodhara Chadha,Arora Inc,Website Development,Ahmedabad,215224
7325,Shaurya Ganguly,"Bhakta, Kaur and Nori",Google Ads,Jaipur,141071
7326,Dakshesh Sharaf,"Merchant, Tailor and Sinha",AI Chatbot Development,Hyderabad,178867
7327,Diya Sankar,Chana-Bath,AI Chatbot Development,Mumbai,42683
7328,Yamini Buch,"Gulati, Swamy and Purohit",Content Marketing,Kolkata,163790
7329,Peter Patel,Chaudhari LLC,Social Media Marketing,Ahmedabad,230170
7330,Anvi Mallick,Mand-Vora,Social Media Marketing,Mumbai,177749
7331,Yagnesh Shankar,Balay-Devan,SEO,Ahmedabad,94324
7332,Chandani Singhal,Nath-Sem,Meta Ads,Delhi,189663
7333,Harshil Pall,Aurora LLC,Social Media Marketing,Ahmedabad,270445
7334,Gavin Bandi,Rajagopalan and Sons,Meta Ads,Pune,243068
7335,Megha Goyal,"Dhingra, Jhaveri and Kant",Meta Ads,Mumbai,114791
7336,Balvan Batra,Halder-Bhagat,Google Ads,Jaipur,193951
7337,Upma Wadhwa,Dutt Inc,Website Development,Bangalore,174610
7338,Upadhriti Deep,Borah-Buch,Email Marketing,Jaipur,155591
7339,Ubika Kalita,"Sengupta, Mannan and Panchal",Email Marketing,Hyderabad,271868
7340,Vasudha Chacko,Tata-Kapoor,Content Marketing,Hyderabad,171295
7341,Yachana Ravi,Modi and Sons,Social Media Marketing,Pune,136830
7342,Alka Menon,Radhakrishnan LLC,Content Marketing,Pune,109507
7343,Lakshmi Kibe,Dixit Inc,Google Ads,Bangalore,138082
7344,Amaira Bakshi,Divan PLC,Social Media Marketing,Jaipur,276428
7345,Jonathan Lal,"Kumer, Swamy and Agrawal",Google Ads,Mumbai,170716
7346,Vedant Zachariah,Ganguly-Pau,Social Media Marketing,Pune,134379
7347,Ethan Bhandari,Goyal-Chatterjee,Google Ads,Mumbai,49547
7348,Kashvi Kar,Setty-Dutt,SEO,Bangalore,226772
7349,Anita Dutta,"Merchant, Mandal and Nagy",Meta Ads,Mumbai,67922
7350,Nandini Lalla,Date and Sons,Google Ads,Kolkata,144166
7351,Rudra Patla,"Jain, Sibal and Toor",Meta Ads,Kolkata,279340
7352,Andrew Goyal,Dara and Sons,Meta Ads,Ahmedabad,161924
7353,Darika Nazareth,"Narain, Din and Bumb",Website Development,Pune,188288
7354,Oviya Wadhwa,"Dixit, Dada and Roy",Social Media Marketing,Pune,109637
7355,Zansi Munshi,"Borde, Sankaran and Ramanathan",Meta Ads,Hyderabad,109292
7356,Mugdha Narayanan,Kumer-Dhar,Social Media Marketing,Mumbai,183907
7357,Lopa Mangat,Patel-Dora,Google Ads,Ahmedabad,80637
7358,Maanas More,"Jaggi, Palan and Purohit",Social Media Marketing,Kolkata,213065
7359,Nihal Krish,Magar-Sehgal,Google Ads,Kolkata,54896
7360,Pratyush Andra,Balay PLC,SEO,Pune,47381
7361,Aryan Minhas,"Das, Mani and Patla",SEO,Pune,181750
7362,Ridhi Pingle,Bath-Vaidya,Google Ads,Hyderabad,255005
7363,Aarav Ramanathan,Kar-Chahal,Email Marketing,Hyderabad,161161
7364,Nathaniel Malhotra,"Savant, Banik and Dar",Email Marketing,Bangalore,211953
7365,Rohan Narain,Tara Group,Website Development,Pune,94001
7366,Henry Panchal,"Memon, Dass and Parsa",AI Chatbot Development,Kolkata,297308
7367,Sanaya Sengupta,Dayal LLC,AI Chatbot Development,Delhi,261824
7368,Saksham Bhatia,Brahmbhatt-Kanda,Google Ads,Pune,177433
7369,Chavvi Varghese,"Grewal, Iyer and Kala",Email Marketing,Bangalore,156292
7370,Thomas Dhillon,Chadha-Varty,AI Chatbot Development,Bangalore,39213
7371,Saumya Som,Pall PLC,Social Media Marketing,Bangalore,276025
7372,Falak Madan,"Nayak, Iyer and Sridhar",SEO,Bangalore,122359
7373,Yahvi Amble,Soman-Sangha,Google Ads,Bangalore,240874
7374,Saanvi Krish,"Dhar, Bhardwaj and Sane",Google Ads,Delhi,125402
7375,Ishita Karan,Nazareth Ltd,Website Development,Mumbai,243935
7376,Ria Tandon,Vasa Ltd,SEO,Kolkata,285304
7377,Henry Raju,Khosla-Subramaniam,Meta Ads,Delhi,204877
7378,Bina Iyer,"Dasgupta, Sankar and Mander",Meta Ads,Kolkata,269151
7379,Zashil Kannan,"Balakrishnan, Jain and Devan",Website Development,Jaipur,169548
7380,Kalpit Yogi,Sawhney LLC,Content Marketing,Mumbai,185659
7381,Aachal Bhakta,Chaudhuri PLC,Google Ads,Pune,115178
7382,Hema Sharma,Wali Inc,Google Ads,Kolkata,180290
7383,Vrishti Acharya,Banerjee PLC,Content Marketing,Pune,131519
7384,Aradhana Padmanabhan,Hayre-Bhatnagar,Social Media Marketing,Bangalore,273037
7385,Urmi Purohit,"Kadakia, Koshy and Sathe",SEO,Delhi,288374
7386,Udyati Sarna,Morar LLC,Google Ads,Pune,242746
7387,Jeremiah Luthra,Edwin-Patla,Email Marketing,Bangalore,173373
7388,Harrison Dora,Natt Group,AI Chatbot Development,Ahmedabad,280342
7389,Zarna Majumdar,Deshmukh LLC,Google Ads,Kolkata,252098
7390,Raghav Sanghvi,Oak-Kamdar,Content Marketing,Mumbai,228399
7391,Raksha Swamy,"Singh, Banik and Bhasin",Google Ads,Hyderabad,137694
7392,Zaid Mittal,Sathe-Madan,Website Development,Ahmedabad,91592
7393,Mohini Butala,Bora Group,AI Chatbot Development,Ahmedabad,245449
7394,Harita Oak,"Pal, Trivedi and Sha",AI Chatbot Development,Pune,47608
7395,Samuel Soni,Borah-Bhargava,SEO,Jaipur,78807
7396,Samuel Prakash,"Bal, Oza and Arya",SEO,Pune,271496
7397,Ladli Dave,"Mital, Yohannan and Shetty",Website Development,Jaipur,298549
7398,Harini Cheema,Badami-Choudhry,Website Development,Pune,105839
7399,Damyanti Sastry,Patel-Guha,Google Ads,Delhi,234747
7400,Keya Dey,Saxena PLC,AI Chatbot Development,Hyderabad,109234
7401,Arjun Tak,Pandey LLC,AI Chatbot Development,Ahmedabad,165193
7402,Nachiket Mittal,Upadhyay-Edwin,AI Chatbot Development,Kolkata,214359
7403,Yauvani Madan,"Dugar, Chaudhary and Nagar",Email Marketing,Mumbai,214476
7404,Warhi Khare,Sem-Minhas,Email Marketing,Pune,202729
7405,Kavya Mital,"Lal, Chandran and Reddy",Meta Ads,Delhi,46918
7406,Widisha Basu,"Date, Konda and Agrawal",Meta Ads,Mumbai,57464
7407,Manya Khanna,"Kashyap, Nazareth and Tata",Email Marketing,Kolkata,58786
7408,Indali Sundaram,Rattan-Lalla,Meta Ads,Hyderabad,297252
7409,Sai Dayal,Chandra Ltd,Website Development,Kolkata,62965
7410,Sudiksha Hora,"Kant, Nigam and Gaba",Email Marketing,Jaipur,192053
7411,Sai Gole,Merchant PLC,AI Chatbot Development,Hyderabad,192349
7412,Yashodhara Boase,Khanna-D’Alia,Google Ads,Hyderabad,128061
7413,Anthony Chauhan,Rau Inc,Content Marketing,Kolkata,103821
7414,Mitesh Dara,Walla Inc,Content Marketing,Delhi,63515
7415,Avni Mann,Pau-Ram,Meta Ads,Bangalore,35563
7416,Panini Gaba,Sinha LLC,Website Development,Pune,247759
7417,Benjamin Dhaliwal,Padmanabhan Ltd,Google Ads,Delhi,148849
7418,Manbir Munshi,Srinivasan-Pradhan,Email Marketing,Delhi,164232
7419,Tanish Bir,Solanki Ltd,Social Media Marketing,Jaipur,31882
7420,Ekta Nagar,"Shan, Raju and Mannan",Meta Ads,Delhi,253462
7421,Leela Wason,Subramaniam PLC,Email Marketing,Jaipur,214199
7422,Jalsa Ramesh,"Barad, Bath and Soman",Social Media Marketing,Mumbai,242940
7423,Udant Ganesan,Saini Group,Content Marketing,Bangalore,135873
7424,Yadavi Borah,Mohanty-Bhalla,Social Media Marketing,Delhi,184144
7425,Zashil Sane,Narayanan Inc,SEO,Kolkata,26233
7426,Kashish Tailor,Bhargava Group,Social Media Marketing,Bangalore,86341
7427,Agastya Chaudhary,Ghosh-Mukhopadhyay,Content Marketing,Jaipur,83720
7428,Kalpit Kapoor,Golla-Datta,Google Ads,Bangalore,61848
7429,Agastya Bhalla,"Pillai, Mukherjee and Virk",SEO,Bangalore,299255
7430,Zinal Merchant,"Devan, Amble and Thaman",Meta Ads,Kolkata,181152
7431,Charvi Shetty,Sanghvi-Sidhu,Meta Ads,Pune,203271
7432,Saumya Jayaraman,Krishnan-Ghose,Google Ads,Bangalore,243657
7433,Rajeshri Randhawa,"Chhabra, Trivedi and Verma",SEO,Jaipur,298459
7434,Sanya Dani,Korpal Group,Social Media Marketing,Delhi,283343
7435,Ekantika Khalsa,Grover Inc,Google Ads,Jaipur,168586
7436,Dhruv Luthra,Sarna-Raj,Social Media Marketing,Jaipur,91108
7437,Ubika Luthra,Bandi PLC,AI Chatbot Development,Bangalore,261716
7438,Prisha Rastogi,Lal-Dhar,Website Development,Ahmedabad,56531
7439,Vamakshi Divan,Buch Ltd,Social Media Marketing,Kolkata,127815
7440,Priya Arya,More-Viswanathan,Content Marketing,Ahmedabad,93327
7441,Krishna Prashad,Borah-Randhawa,Email Marketing,Delhi,133787
7442,Zaid Babu,Parikh-Gaba,Social Media Marketing,Ahmedabad,148631
7443,Aishani Atwal,Doctor LLC,Website Development,Pune,146874
7444,Dalbir Lala,Varma Ltd,SEO,Jaipur,195040
7445,Priya Sangha,Murthy Group,Social Media Marketing,Ahmedabad,67368
7446,Indali Grewal,Tandon-Chada,Social Media Marketing,Hyderabad,256119
7447,Baghyawati Kakar,Tailor and Sons,Website Development,Delhi,195275
7448,Yatin Menon,"Ravel, Devi and Nadig",Content Marketing,Ahmedabad,145519
7449,Advaith Deep,"Butala, Rau and Murthy",Email Marketing,Mumbai,207206
7450,Dalaja Thaman,Raghavan and Sons,Social Media Marketing,Delhi,73090
7451,Veer Gera,Vohra Ltd,Content Marketing,Hyderabad,149026
7452,Ekavir Mangat,"Brar, Tiwari and Lalla",Content Marketing,Jaipur,90267
7453,Gauri Kohli,Tripathi-Mander,Website Development,Kolkata,274887
7454,Timothy Brar,Vala and Sons,Meta Ads,Kolkata,34770
7455,Ayush Oza,Mukhopadhyay-Prakash,Meta Ads,Ahmedabad,218291
7456,Nihal Bhargava,Comar Group,Content Marketing,Jaipur,199891
7457,Lakshmi Halder,Kakar LLC,Website Development,Hyderabad,112845
7458,Anmol Sant,Ray-Butala,Google Ads,Ahmedabad,153634
7459,Nihal Cherian,"Bansal, Kumer and Ramakrishnan",AI Chatbot Development,Delhi,236116
7460,Wriddhish Bhagat,Balan PLC,Google Ads,Jaipur,74967
7461,Viraj Sridhar,"Trivedi, Borra and Sekhon",Email Marketing,Pune,127341
7462,Rajata Chacko,De-Sabharwal,Social Media Marketing,Hyderabad,234745
7463,Idika Walia,Natt-Mander,AI Chatbot Development,Jaipur,215719
7464,Warinder Tank,Goyal and Sons,Google Ads,Jaipur,119042
7465,Caleb Lala,Dani Ltd,SEO,Mumbai,277118
7466,Janani Naidu,"Verma, Gole and Magar",Website Development,Jaipur,158442
7467,Onveer Kanda,Kuruvilla PLC,Meta Ads,Kolkata,240042
7468,Zehaan Kant,"Dani, Dash and Ram",Website Development,Ahmedabad,90422
7469,Balvan Subramanian,"Bhatti, Khanna and Kari",Google Ads,Hyderabad,155876
7470,Warjas Raju,Salvi-Karpe,AI Chatbot Development,Kolkata,80848
7471,William Salvi,"Sarkar, Bhatia and Shere",Website Development,Pune,130842
7472,Patrick Kota,Das-Ghosh,SEO,Ahmedabad,43542
7473,Upma Borde,Dugar-Vig,Content Marketing,Kolkata,230832
7474,Ekani Bhakta,Bir-Patla,AI Chatbot Development,Jaipur,111069
7475,Tanmayi Dani,Guha-Buch,Meta Ads,Hyderabad,286939
7476,Zayyan Chad,Bahl Ltd,Email Marketing,Hyderabad,187720
7477,Veda Sabharwal,Gandhi-Ganguly,Social Media Marketing,Delhi,144324
7478,Saksham Buch,Dixit PLC,Social Media Marketing,Kolkata,91190
7479,Advaith Manne,Apte-Khare,Email Marketing,Delhi,257771
7480,Maanav Bail,Pai-Balakrishnan,AI Chatbot Development,Bangalore,31153
7481,Vincent Kaul,"Hayer, Sule and Saraf",Content Marketing,Delhi,75395
7482,Indrajit Narayanan,Joshi and Sons,Content Marketing,Hyderabad,38410
7483,Tanay Vala,Aggarwal Inc,Website Development,Hyderabad,129190
7484,Barkha Menon,Mistry Ltd,Google Ads,Kolkata,127765
7485,Osha Dave,Sahota and Sons,Email Marketing,Kolkata,208295
7486,Frado Sanghvi,Barad and Sons,Website Development,Bangalore,132433
7487,Keya Joshi,Sarkar-D’Alia,Content Marketing,Hyderabad,268982
7488,Chaitaly Agate,"Dass, Dubey and Iyengar",Email Marketing,Jaipur,151632
7489,Chaaya Basu,Lal-Viswanathan,Google Ads,Bangalore,24419
7490,Osha Ramakrishnan,Konda-Kakar,SEO,Delhi,203032
7491,Praneel Rana,"Barad, Sachdeva and Wason",Website Development,Ahmedabad,32159
7492,Gautam Tailor,Bhandari LLC,Meta Ads,Mumbai,227564
7493,Ekapad Kapadia,Walla-Naik,Meta Ads,Pune,158678
7494,Omisha Kala,"Vyas, Garg and Chokshi",Meta Ads,Jaipur,157345
7495,David Bose,"Sachdev, Mannan and Gola",Google Ads,Mumbai,141972
7496,Saumya Chakraborty,De-Atwal,Google Ads,Jaipur,206698
7497,Charvi Dhar,Jani Group,Email Marketing,Kolkata,90228
7498,Keya Naidu,Sastry Ltd,SEO,Hyderabad,166537
7499,Ansh Master,Prashad-Minhas,Google Ads,Jaipur,49673
7500,Ekaja Kaul,Nayak and Sons,Email Marketing,Hyderabad,72274
7501,Ojasvi Banerjee,Oza Inc,Website Development,Mumbai,161936
7502,Nikita Murthy,"Chopra, Goda and Bail",Social Media Marketing,Bangalore,59470
7503,Gaurangi Din,"Amble, Andra and Din",SEO,Kolkata,182301
7504,Vaishnavi Luthra,Walla-Nazareth,Google Ads,Mumbai,95601
7505,Alexander Chakrabarti,"Behl, Goyal and Loyal",AI Chatbot Development,Kolkata,34764
7506,Tristan Yohannan,Hayre-Chad,Email Marketing,Mumbai,224354
7507,Jacob Kapur,"Chawla, Acharya and Lala",AI Chatbot Development,Ahmedabad,127314
7508,Rudra Purohit,Mohan-Vora,Meta Ads,Mumbai,215661
7509,Rudra Bali,Nayak Group,Google Ads,Kolkata,176524
7510,Simon Sem,Som-Goda,Meta Ads,Mumbai,171840
7511,Meghana Khare,Wagle-Murthy,SEO,Hyderabad,132189
7512,Jagdish Banerjee,"Sarin, Kamdar and Dass",Meta Ads,Ahmedabad,72260
7513,Riya Parmer,"Virk, Wason and Sharaf",Google Ads,Jaipur,38583
7514,Bhavani Agate,Das-Kurian,Website Development,Hyderabad,220577
7515,Warjas Mutti,Raj-Kaul,Content Marketing,Delhi,220006
7516,Jalsa Chokshi,Mohanty Inc,Website Development,Jaipur,268979
7517,Imaran Palla,Panchal-Oommen,SEO,Mumbai,229377
7518,Champak Talwar,Jhaveri Ltd,Email Marketing,Mumbai,49407
7519,Imaran Keer,Lad-Nayak,Meta Ads,Jaipur,36671
7520,Azad Vala,"Magar, Jhaveri and Kakar",Social Media Marketing,Bangalore,224956
7521,Yash Rastogi,"Nagarajan, Jani and Gaba",Content Marketing,Mumbai,56741
7522,Daksha Tak,Chakrabarti and Sons,Social Media Marketing,Bangalore,234575
7523,Azaan Swamy,"Behl, Chawla and Varghese",SEO,Jaipur,197714
7524,Banjeet Johal,"Choudhary, Kashyap and Savant",Email Marketing,Kolkata,184096
7525,Abhimanyu Zachariah,Natarajan-Kunda,SEO,Jaipur,70216
7526,Ira Suri,"Kala, Natt and Swaminathan",Email Marketing,Bangalore,91597
7527,Faraj Khare,"Varghese, Sastry and Krish",Social Media Marketing,Jaipur,33629
7528,Dalaja Sharaf,Rajagopalan-Parekh,Email Marketing,Bangalore,261947
7529,Pranit Dube,"Dugar, Vora and Peri",Google Ads,Bangalore,38144
7530,Vanya Bhatt,"Kale, Chakrabarti and Shroff",Email Marketing,Mumbai,104015
7531,Frederick Behl,"Ratta, Chaudhuri and Dasgupta",Google Ads,Delhi,127056
7532,Saksham Barman,Trivedi-Ray,Content Marketing,Jaipur,287028
7533,Aradhana Bawa,"Palla, Apte and Tara",Email Marketing,Delhi,224392
7534,Anita Banik,Savant-Kala,Email Marketing,Mumbai,117327
7535,Kashish Sankar,Bail Group,Google Ads,Jaipur,153109
7536,Kritika Kumar,Pandey-Bhatti,Social Media Marketing,Hyderabad,233654
7537,Vedika Kalita,"Virk, Khurana and Dhillon",Google Ads,Kolkata,78174
7538,Gavin Golla,Vora and Sons,Meta Ads,Delhi,268492
7539,Kiaan Ahluwalia,Brar PLC,SEO,Kolkata,154655
7540,Yagnesh Rama,"Krishnamurthy, Tella and Varkey",AI Chatbot Development,Bangalore,233417
7541,Megha Nadig,Bose-Atwal,SEO,Mumbai,138270
7542,Abeer Agate,Sangha-Dhar,AI Chatbot Development,Hyderabad,89072
7543,Prisha Setty,Vig-Sangha,Meta Ads,Pune,95615
7544,George Dalal,"Kapoor, Sangha and Bhakta",Google Ads,Ahmedabad,28072
7545,Onkar Bahl,"Naidu, Chawla and Chadha",Meta Ads,Pune,114940
7546,Jonathan Kala,Edwin-Buch,Website Development,Hyderabad,63139
7547,Parth Chaudhry,"Viswanathan, Mangat and Tandon",Meta Ads,Jaipur,162395
7548,Anirudh Magar,"Sharaf, Khatri and Krishna",AI Chatbot Development,Kolkata,268753
7549,Vansha Salvi,Chandra PLC,Meta Ads,Ahmedabad,31850
7550,Anirudh Tank,Bala Inc,Website Development,Mumbai,240550
7551,Ati Bhandari,"Rajagopal, Bhatnagar and Lad",Social Media Marketing,Pune,69478
7552,Jagvi Kale,Naik-Sehgal,Website Development,Mumbai,266585
7553,Karan Pillay,"Gade, Sastry and Boase",Content Marketing,Delhi,264118
7554,Aayush Boase,Bava PLC,AI Chatbot Development,Jaipur,90221
7555,Vasudha Gade,Gandhi Inc,AI Chatbot Development,Pune,208266
7556,Udant Bose,"Mallick, Parmar and Kibe",Social Media Marketing,Delhi,220416
7557,Umang Pillay,Bose-Majumdar,SEO,Mumbai,75453
7558,Kalpit Chaudhuri,Agarwal-Kannan,Google Ads,Delhi,187598
7559,Naveen Raval,De Inc,Google Ads,Mumbai,245374
7560,Gaurika Magar,Sandal-Bhalla,Content Marketing,Hyderabad,236858
7561,Gautami Saini,"Swamy, Mital and Bahl",AI Chatbot Development,Kolkata,244374
7562,Barkha Menon,Majumdar-Chatterjee,Content Marketing,Mumbai,132142
7563,Om Saini,"Prabhakar, Sachar and Wali",Email Marketing,Ahmedabad,50821
7564,Abeer Vyas,"Sekhon, Chana and Hora",SEO,Hyderabad,183557
7565,Atharv Balay,Jain-Kale,Email Marketing,Hyderabad,32391
7566,Bina Prabhu,Chander-Thaker,Website Development,Kolkata,66436
7567,Rayaan Ghosh,"Deshmukh, Nagi and Khalsa",Google Ads,Jaipur,277265
7568,Waida Bains,Saran-Tak,AI Chatbot Development,Mumbai,64959
7569,Chakradev Kala,Devan Ltd,Content Marketing,Hyderabad,42865
7570,Dhruv Sampath,Narayan-Mittal,SEO,Ahmedabad,297393
7571,Bina Jayaraman,Pal and Sons,Website Development,Ahmedabad,87034
7572,Yashvi Madan,"Dhawan, Bera and Ben",Website Development,Pune,140828
7573,Oviya Dave,"Sama, Keer and Gokhale",AI Chatbot Development,Hyderabad,287314
7574,Onveer Chanda,Tak Ltd,Content Marketing,Hyderabad,255430
7575,Isaac Chaudhary,Ravel-Badami,SEO,Mumbai,81482
7576,Rajeshri Brar,Mannan-Parsa,Website Development,Ahmedabad,187017
7577,Ekani Bassi,Issac-Bail,AI Chatbot Development,Ahmedabad,118299
7578,Kai Uppal,Goswami-Sarin,Meta Ads,Jaipur,108170
7579,Diya Agarwal,Wason LLC,Google Ads,Mumbai,124491
7580,Liam Goel,Pathak Group,Email Marketing,Mumbai,27625
7581,Bimala Parmer,Khosla PLC,Social Media Marketing,Pune,20781
7582,Qadim Murthy,Walia-Gade,Website Development,Bangalore,21037
7583,Chakrika Chanda,Lalla Inc,SEO,Jaipur,29528
7584,Anjali Dhar,"Pandya, Goel and Mann",Content Marketing,Bangalore,172929
7585,Tanish Shroff,Sekhon and Sons,Content Marketing,Kolkata,145447
7586,Neha D’Alia,"Seshadri, Mammen and Modi",Google Ads,Jaipur,21760
7587,Veer Choudhury,Gour Inc,Google Ads,Delhi,152184
7588,David Bhakta,Minhas-Sengupta,Google Ads,Ahmedabad,21389
7589,Samarth Patla,"Sheth, Misra and Saran",SEO,Delhi,221579
7590,Wridesh Mangat,Kannan-Kothari,Meta Ads,Bangalore,92804
7591,Upma Bath,Raja-Varkey,Email Marketing,Bangalore,259466
7592,Raghav Narain,Rajan-Keer,Email Marketing,Jaipur,223531
7593,Hemangini Chandra,Palan-Wadhwa,SEO,Pune,177392
7594,Tanveer Amble,Patel-Sharma,Google Ads,Ahmedabad,271673
7595,Siddharth Thakur,Apte LLC,AI Chatbot Development,Ahmedabad,148421
7596,Kritika Mitra,"Dar, Sami and Sura",SEO,Jaipur,32088
7597,Tamanna Dani,Tiwari and Sons,AI Chatbot Development,Bangalore,150569
7598,Manan Yogi,More Ltd,Content Marketing,Delhi,70741
7599,Agastya Varty,"Ghosh, Sha and Seth",Website Development,Kolkata,63244
7600,Bimala Reddy,"Thaker, Lanka and Prashad",Google Ads,Delhi,186902
7601,Omya Mammen,"Anand, Zachariah and Suresh",Google Ads,Pune,155862
7602,Liam Chaudhari,Gala-Bansal,Social Media Marketing,Mumbai,182029
7603,Sai Mukhopadhyay,Yogi Inc,Meta Ads,Jaipur,119149
7604,Dhruv Doshi,Som Group,AI Chatbot Development,Jaipur,55868
7605,Adweta Edwin,"Grewal, Sabharwal and Tailor",Social Media Marketing,Bangalore,189838
7606,Chaman Grover,"Wason, Konda and Tella",Website Development,Hyderabad,236464
7607,Amara Sani,Chahal-Divan,Content Marketing,Jaipur,254082
7608,Sudiksha Goel,Puri-Sodhi,Social Media Marketing,Ahmedabad,151272
7609,Pranit Dyal,Chaudry-Bal,AI Chatbot Development,Hyderabad,232033
7610,Gagan Pandit,"Comar, Nayar and Anand",Content Marketing,Kolkata,97736
7611,Tarak Sekhon,"Dewan, Mani and Yadav",SEO,Delhi,50702
7612,Tanish Naidu,"Ghose, Chaudhary and Mutti",Meta Ads,Hyderabad,28405
7613,Dalbir Sastry,"Deol, Vasa and Patla",Meta Ads,Delhi,285811
7614,Yamini Batra,Joshi Inc,Meta Ads,Mumbai,136649
7615,Samesh Karpe,"Dewan, Nanda and Sastry",Email Marketing,Hyderabad,20591
7616,Oeshi Bhatt,Zachariah Group,Meta Ads,Ahmedabad,93787
7617,Hemal Issac,Grewal Group,SEO,Pune,282561
7618,Varsha Devi,Hayre-Uppal,Google Ads,Kolkata,157405
7619,Upadhriti Andra,Tara-Master,Social Media Marketing,Mumbai,265140
7620,Rachita Soman,Bal Inc,Website Development,Pune,121005
7621,Irya Misra,Bera and Sons,Content Marketing,Hyderabad,103765
7622,Pallavi Sachdeva,Mohan-Date,Website Development,Pune,258254
7623,Zansi Kakar,Bains Group,SEO,Jaipur,174486
7624,Hemani Taneja,Halder-Dora,Google Ads,Mumbai,69650
7625,Frado Ratti,Wali-Koshy,Meta Ads,Pune,76194
7626,Arunima Kulkarni,"Kata, Subramaniam and Mutti",Google Ads,Ahmedabad,56408
7627,Arunima Peri,Narain-Saran,Meta Ads,Pune,201378
7628,Aayush Subramaniam,Kohli-Kata,SEO,Hyderabad,228447
7629,Krish Bhardwaj,"Kadakia, Wadhwa and Dar",Google Ads,Jaipur,51893
7630,Lakshit Loke,"Dara, Gill and Murty",Email Marketing,Mumbai,134852
7631,Baljiwan Parekh,"Korpal, Behl and Mukhopadhyay",SEO,Hyderabad,243593
7632,Bimala Venkataraman,"Guha, Sinha and Varty",Content Marketing,Jaipur,48197
7633,Dakshesh Ratta,Garde-Gulati,Google Ads,Mumbai,147036
7634,Chakrika Deshpande,Bandi-Pandya,Meta Ads,Kolkata,65437
7635,Adweta Chokshi,"Lata, Garg and Bumb",SEO,Delhi,112159
7636,Triveni Chaudhuri,Bali-Sunder,Website Development,Mumbai,243984
7637,Yamini Chopra,Nori and Sons,Google Ads,Pune,66961
7638,Anvi Biswas,"Krishna, Garg and Nigam",Meta Ads,Jaipur,158669
7639,Diya Modi,Parmar and Sons,Social Media Marketing,Jaipur,280968
7640,Netra Pal,More Inc,Content Marketing,Ahmedabad,190447
7641,Gunbir Khatri,"Mandal, Dhar and Ganguly",Website Development,Hyderabad,183607
7642,Ayaan Batta,Kapur PLC,Content Marketing,Jaipur,180149
7643,Mugdha Mangal,"Prakash, Batta and Lanka",Meta Ads,Mumbai,250585
7644,Zaitra Karpe,"Tripathi, Din and Bajwa",Content Marketing,Bangalore,177205
7645,Bakhshi Agarwal,Andra-Arya,Content Marketing,Jaipur,76136
7646,Zarna Som,"Kohli, Mitter and Guha",Google Ads,Pune,144045
7647,Balhaar Rajagopal,Dyal Group,SEO,Pune,281735
7648,Waida Oommen,Pai-Peri,Website Development,Hyderabad,277854
7649,Qarin Krishna,"Nagy, Ram and Parikh",Meta Ads,Hyderabad,143143
7650,Keya Sachar,"Prabhu, Bobal and Pau",Social Media Marketing,Ahmedabad,63554
7651,Vivaan Bath,"Korpal, Pau and Hegde",Email Marketing,Ahmedabad,108645
7652,Benjamin Venkataraman,Raj-Deshpande,Meta Ads,Pune,73245
7653,Ati Venkataraman,Ahluwalia PLC,Meta Ads,Kolkata,116087
7654,Saumya Prasad,Sama and Sons,Content Marketing,Kolkata,21988
7655,Hemang Dalal,Pillai-Mistry,Content Marketing,Ahmedabad,223123
7656,Darika Hari,Deshmukh and Sons,Social Media Marketing,Ahmedabad,100028
7657,Bishakha Pathak,Kurian-Misra,Meta Ads,Hyderabad,60154
7658,Laban Borra,Luthra Ltd,Email Marketing,Ahmedabad,251734
7659,Lopa Kannan,Salvi-Kumer,AI Chatbot Development,Hyderabad,268148
7660,Mason Pau,"Shroff, Gour and Swamy",Email Marketing,Delhi,103699
7661,Vanya Gokhale,Jhaveri and Sons,SEO,Bangalore,209585
7662,Balendra Nagy,Mital PLC,SEO,Jaipur,236416
7663,Anamika Grover,Munshi-Borde,Google Ads,Hyderabad,282457
7664,Isaiah Kalita,Gala LLC,Email Marketing,Hyderabad,96322
7665,Naveen Raju,Chaudhuri Inc,Meta Ads,Bangalore,184210
7666,Daksha Kapadia,Baral-Chand,AI Chatbot Development,Bangalore,181270
7667,Neel Ghose,"More, Misra and Bora",SEO,Hyderabad,239821
7668,Bimala Tailor,Gandhi LLC,Content Marketing,Mumbai,77914
7669,Wriddhish Barman,Dalal-Dhawan,Meta Ads,Delhi,196306
7670,Bakhshi Sidhu,Rama and Sons,Content Marketing,Hyderabad,206793
7671,Ethan Palan,Devi Ltd,Meta Ads,Pune,154625
7672,Yauvani Bahl,Bhatia-Sekhon,Meta Ads,Jaipur,229541
7673,Bishakha Bawa,Desai-Kapoor,AI Chatbot Development,Hyderabad,66106
7674,Maya Narasimhan,"Grover, Bhattacharyya and Saxena",Google Ads,Delhi,278504
7675,Vedant Bhalla,"Gala, Rana and Tank",Website Development,Delhi,298499
7676,Guneet Butala,"Sinha, Suri and Kari",Meta Ads,Kolkata,150588
7677,Ishanvi Rai,"Kurian, Soman and Parikh",SEO,Ahmedabad,142422
7678,Rachita Buch,"Chad, Puri and Kaur",AI Chatbot Development,Bangalore,196875
7679,Kavya Bora,Kunda-Hegde,AI Chatbot Development,Mumbai,53959
7680,Ranveer Mane,"Kurian, Lalla and Ramaswamy",AI Chatbot Development,Ahmedabad,32163
7681,Jacob Dasgupta,Srinivasan and Sons,Content Marketing,Ahmedabad,156142
7682,Jonathan Oak,Memon-Singh,SEO,Pune,71558
7683,Odika Dash,"Bahl, Ramanathan and Shere",Google Ads,Jaipur,115286
7684,Lila Mittal,Som-Oak,Google Ads,Mumbai,214547
7685,Yahvi Sarma,Sem LLC,AI Chatbot Development,Bangalore,166258
7686,Ira Shan,Nagy and Sons,Google Ads,Mumbai,149569
7687,Ria Bir,Dhar-Ravel,SEO,Delhi,230474
7688,Yadavi Kurian,Mani-Kaul,SEO,Hyderabad,296767
7689,Ansh Shroff,Morar Ltd,Content Marketing,Jaipur,145680
7690,Garima Gill,"Sachdev, Nagar and Balan",Email Marketing,Mumbai,72680
7691,Vihaan Cheema,Kunda-Acharya,Content Marketing,Jaipur,50646
7692,Yuvraj Bhargava,Manne and Sons,Website Development,Mumbai,52758
7693,Dipta Krishnamurthy,Sant-Kade,Website Development,Delhi,254210
7694,Dalaja Arora,Ahluwalia Group,SEO,Delhi,66905
7695,Omisha Mukherjee,Das-Shere,AI Chatbot Development,Jaipur,26923
7696,Zaid Memon,"Memon, Kalla and Shan",Website Development,Hyderabad,268954
7697,Lavanya Dhar,Sagar-Mohan,Google Ads,Bangalore,76066
7698,Lekha Brar,Kulkarni Group,Email Marketing,Delhi,264651
7699,Fariq Wable,"Varughese, Brar and Raghavan",Content Marketing,Jaipur,75030
7700,Gauri Dugar,"Kapur, Dar and Agrawal",Content Marketing,Mumbai,206006
7701,Ekaraj Khanna,"Chawla, Talwar and Andra",SEO,Hyderabad,71653
7702,Netra Sekhon,"Suresh, Kunda and Shukla",AI Chatbot Development,Kolkata,294665
7703,Dakshesh Gola,Tella-Narang,Social Media Marketing,Pune,24941
7704,Jai Suri,Dayal-Krishna,Google Ads,Delhi,128020
7705,Aryan Vohra,"Raj, Bala and Gaba",Email Marketing,Pune,137155
7706,William Oak,"Halder, Sahota and Swaminathan",Social Media Marketing,Mumbai,82589
7707,Guneet Brahmbhatt,Kumer-Ramakrishnan,SEO,Kolkata,107277
7708,Eiravati Swamy,Jain Group,Email Marketing,Jaipur,267292
7709,Dominic Korpal,Rout-Sheth,Meta Ads,Kolkata,49484
7710,Zehaan Aurora,Din-Ranganathan,Website Development,Kolkata,78694
7711,Nilima Wali,Bajwa PLC,Content Marketing,Delhi,243740
7712,Zehaan Sami,"Mangat, Dave and Sekhon",SEO,Delhi,266405
7713,Prisha Aggarwal,Bhagat-Chowdhury,Meta Ads,Mumbai,126326
7714,Bhanumati Dani,Muni-Sood,Content Marketing,Hyderabad,272246
7715,Ladli Kaul,Kakar-Das,Email Marketing,Delhi,123790
7716,Adweta Rajagopal,"Manda, Narang and Rout",Email Marketing,Pune,138848
7717,Ekiya Patla,Sheth-Karan,SEO,Kolkata,239794
7718,Arya Nagi,"Sidhu, Chaudhari and Banik",Google Ads,Jaipur,115452
7719,Ria Dave,Hans LLC,AI Chatbot Development,Jaipur,212065
7720,Harish Murthy,Venkataraman-Rastogi,Social Media Marketing,Kolkata,282406
7721,Sara Krishnan,Swamy LLC,SEO,Jaipur,108980
7722,Indali Bhargava,Deo-Devan,AI Chatbot Development,Hyderabad,121792
7723,Anamika Date,Ravel-Bhattacharyya,Meta Ads,Bangalore,227230
7724,Manya Lanka,Goswami-Kota,Meta Ads,Mumbai,83722
7725,Zaid Shah,"Palla, Devan and Menon",Content Marketing,Jaipur,221563
7726,Yashica Narayan,"Salvi, Majumdar and Khare",Content Marketing,Pune,259019
7727,Rehaan Mishra,"Tripathi, Nayak and Mangat",AI Chatbot Development,Ahmedabad,267547
7728,Omaja Seth,Rattan-Sundaram,SEO,Ahmedabad,251989
7729,Upasna Wagle,Deol and Sons,Social Media Marketing,Delhi,249077
7730,Girik Nayar,"Kade, Bhatt and Rama",Google Ads,Bangalore,211195
7731,Libni Kari,"Salvi, Choudhary and Zachariah",Meta Ads,Delhi,188744
7732,Vamakshi Menon,"Muni, Dugar and Kale",SEO,Delhi,233160
7733,Chakradev Menon,"Vasa, Shankar and Gade",AI Chatbot Development,Mumbai,223630
7734,Ishanvi Devi,Borde-Parikh,Google Ads,Jaipur,271837
7735,Maanas Pillay,Narayan PLC,SEO,Bangalore,123612
7736,Farhan Deshpande,Sibal Ltd,Social Media Marketing,Jaipur,294035
7737,Triya Jaggi,"Bera, Jani and Rastogi",AI Chatbot Development,Mumbai,167885
7738,Patrick Rege,Khare-Kannan,Website Development,Delhi,136460
7739,Saanvi Kale,Kulkarni-Kota,Meta Ads,Hyderabad,173529
7740,Anamika Bains,Shukla PLC,Google Ads,Bangalore,32365
7741,Leena Natt,"Ram, Randhawa and Sahota",SEO,Hyderabad,76170
7742,Vaishnavi Baral,"Shankar, Luthra and Sur",Content Marketing,Delhi,28110
7743,Netra Borde,"Chaudhari, Saini and Tiwari",Social Media Marketing,Bangalore,44563
7744,Eiravati Goel,Patla-Parmer,Meta Ads,Delhi,213095
7745,Rishi Nagar,"Khalsa, Jaggi and Chaudhari",Google Ads,Ahmedabad,269703
7746,Eesha Mand,Divan PLC,Social Media Marketing,Ahmedabad,172463
7747,Daksha Kale,"Gupta, Kalita and Sarin",Content Marketing,Bangalore,141156
7748,Oeshi Khare,"Kumer, Deshpande and Kanda",Social Media Marketing,Bangalore,182454
7749,Nidhi Wadhwa,Gole-Nagar,Google Ads,Delhi,21646
7750,Pavani Tiwari,Sankaran-Karpe,Social Media Marketing,Jaipur,82123
7751,Inaya Kothari,Sachdev-Kale,AI Chatbot Development,Kolkata,240521
7752,Mekhala Naidu,Bandi PLC,AI Chatbot Development,Mumbai,277207
7753,Harita Deshmukh,Raman-Sidhu,Content Marketing,Delhi,187802
7754,Amaira Palan,Majumdar-Goswami,Email Marketing,Bangalore,196664
7755,Pavani Saha,Gour-Varghese,Social Media Marketing,Delhi,91730
7756,Sudiksha Ramakrishnan,Ben LLC,Google Ads,Kolkata,278305
7757,Vincent Shankar,Sule Inc,Social Media Marketing,Delhi,90247
7758,Raagini Bath,Varkey-Deo,Website Development,Pune,280964
7759,Widisha Luthra,"Sachdeva, Lala and Chokshi",Google Ads,Pune,209939
7760,Neha Barad,Goda-Natt,AI Chatbot Development,Mumbai,217331
7761,Rachit Sharma,Wadhwa Inc,SEO,Kolkata,104293
7762,Harinakshi Sehgal,Jain-Doctor,Website Development,Ahmedabad,29888
7763,Yoshita Singhal,Chauhan Ltd,Meta Ads,Hyderabad,173468
7764,Arin Sarna,"Dey, Golla and Varughese",Content Marketing,Pune,166896
7765,Jagrati Das,Sridhar-Chatterjee,Content Marketing,Kolkata,265662
7766,Onveer Bath,"Tandon, Tandon and Biswas",Meta Ads,Jaipur,207749
7767,Henry Chada,"Sama, Kumar and Batta",Google Ads,Kolkata,73344
7768,Ethan Munshi,"Date, Oza and Garg",SEO,Kolkata,126731
7769,Avi Goel,Borra-Raja,SEO,Kolkata,84226
7770,Tarak Mann,"Ranganathan, Sood and Madan",Social Media Marketing,Ahmedabad,158188
7771,Vritti Dixit,Krish Inc,Email Marketing,Bangalore,272263
7772,Amara Seth,Lalla Ltd,SEO,Bangalore,71224
7773,Oeshi Goyal,Dhillon-Bhardwaj,Email Marketing,Pune,180901
7774,Urmi Sangha,"Shah, Kalla and Srinivasan",Website Development,Jaipur,117366
7775,Hritik Parikh,Sastry PLC,Email Marketing,Hyderabad,58218
7776,Urmi Agate,Nanda-Upadhyay,AI Chatbot Development,Pune,260658
7777,Widisha Behl,Krishnan-Oommen,Meta Ads,Ahmedabad,46115
7778,Yashvi Chawla,"Narayan, Ganesh and Sridhar",Meta Ads,Mumbai,194237
7779,Jyoti Gopal,"Parmar, Kala and Baria",AI Chatbot Development,Ahmedabad,296864
7780,Samuel Sabharwal,Borra-Narasimhan,Content Marketing,Mumbai,256384
7781,Sara Agarwal,"Mangat, Rajan and Warrior",Meta Ads,Hyderabad,43956
7782,Bhavini Brar,"Thakkar, Bali and Sawhney",Email Marketing,Ahmedabad,244715
7783,Arjun Bhagat,Sarkar-Sandal,AI Chatbot Development,Mumbai,25392
7784,Lopa Arora,Tank-Shankar,Email Marketing,Ahmedabad,128461
7785,Akshay Chakrabarti,"Zachariah, Dalal and Butala",Meta Ads,Kolkata,55440
7786,Harini Mangat,"Viswanathan, Raj and Vyas",Website Development,Pune,129180
7787,Siya Sunder,Arora-Gala,Content Marketing,Kolkata,238926
7788,Vasana Baral,Agarwal PLC,Meta Ads,Pune,85735
7789,Nikita Chad,Taneja-Handa,Website Development,Ahmedabad,284214
7790,Utkarsh Majumdar,"Sani, Dua and Mann",Email Marketing,Jaipur,233090
7791,Imaran Dash,Jaggi LLC,SEO,Hyderabad,291063
7792,Praneel Bhalla,Chhabra LLC,Content Marketing,Bangalore,112466
7793,Rehaan Chhabra,Sharma Ltd,SEO,Pune,214257
7794,Gaurangi Dube,"Borde, Gopal and Mann",Website Development,Hyderabad,23159
7795,Mekhala Bobal,Kaur LLC,Social Media Marketing,Jaipur,295160
7796,Gautami Mani,Subramaniam-Sodhi,Meta Ads,Kolkata,124865
7797,Chanchal Misra,Suresh PLC,Content Marketing,Delhi,191637
7798,Janaki Shanker,"Dube, Pall and Trivedi",Email Marketing,Ahmedabad,154937
7799,Bakhshi Khosla,Randhawa-Badami,SEO,Pune,120585
7800,Anmol Raman,Chahal PLC,Social Media Marketing,Ahmedabad,256051
7801,Vedant Chaudhari,Pau LLC,SEO,Kolkata,282244
7802,Vasana Jha,Nadig and Sons,Email Marketing,Kolkata,197734
7803,Hamsini Mander,"Pal, Joshi and Biswas",Social Media Marketing,Hyderabad,103249
7804,Banjeet Sengupta,Goel-Barman,Content Marketing,Delhi,34481
7805,Advik Malhotra,Savant Group,Website Development,Hyderabad,97155
7806,Yashasvi Bhavsar,Nagi Group,Meta Ads,Kolkata,130130
7807,Dipta Mangat,Bains Inc,Content Marketing,Mumbai,258782
7808,Eshana Natt,"Naik, Agarwal and Nagarajan",Website Development,Mumbai,51266
7809,Aarnav Nadkarni,Sem-Batra,Meta Ads,Mumbai,97188
7810,Chaman Narasimhan,"Viswanathan, Narang and Krishnan",Email Marketing,Delhi,75793
7811,Henry Randhawa,Purohit and Sons,Google Ads,Kolkata,214506
7812,Ronith Parmar,"Ramakrishnan, Merchant and Bakshi",Email Marketing,Ahmedabad,83277
7813,Manya Chad,Sankar PLC,Email Marketing,Delhi,241739
7814,Farhan Raval,Bajaj LLC,Meta Ads,Jaipur,174417
7815,Neelima Majumdar,"Bhardwaj, Sathe and Talwar",Meta Ads,Pune,79779
7816,Utkarsh Prasad,Hans Ltd,AI Chatbot Development,Hyderabad,231890
7817,Sai Reddy,Swamy-Desai,Website Development,Jaipur,216501
7818,Zaid Tailor,"Thaman, Reddy and Mangal",Meta Ads,Delhi,242733
7819,Balhaar Dhawan,Bail-Kanda,SEO,Bangalore,113937
7820,Nidhi More,Sami Ltd,Meta Ads,Jaipur,114467
7821,Frado Kunda,Arya-Ghosh,Content Marketing,Jaipur,70150
7822,Jai Sur,Srinivas-Dani,AI Chatbot Development,Mumbai,228415
7823,Tripti Dalal,"Nigam, Mani and Kata",AI Chatbot Development,Kolkata,60596
7824,Kala Panchal,"Viswanathan, Brar and Rana",SEO,Ahmedabad,33250
7825,Garima Borra,Garde PLC,Google Ads,Kolkata,263559
7826,Ryan Sawhney,Chander Group,SEO,Bangalore,62144
7827,William Pai,Keer-Thakur,Content Marketing,Bangalore,253648
7828,Dev Banik,"Kale, Kamdar and Loyal",SEO,Pune,25651
7829,Qadim Babu,Chandra-Barman,SEO,Hyderabad,123958
7830,Zilmil Minhas,"Apte, Majumdar and Iyengar",Website Development,Mumbai,236671
7831,Ethan Majumdar,"Taneja, Johal and Nanda",Email Marketing,Mumbai,153067
7832,Hitesh Sama,Balan-Parekh,AI Chatbot Development,Ahmedabad,137375
7833,Ranveer Kapadia,"Borde, Shanker and Dugal",Google Ads,Kolkata,103838
7834,Daniel Dugal,Balakrishnan-Kalla,AI Chatbot Development,Kolkata,247137
7835,Yutika Sankar,Choudhary-Thaman,Website Development,Jaipur,136545
7836,Vivaan Mane,"Bassi, Raju and Dash",SEO,Ahmedabad,190444
7837,Vasatika Rajagopal,Grover PLC,AI Chatbot Development,Jaipur,101932
7838,Panini Mutti,"Mutti, Dhawan and Setty",Social Media Marketing,Pune,77003
7839,Tejas Kohli,Chana Ltd,Website Development,Bangalore,86700
7840,Samarth Dar,Chandra-Bhattacharyya,Email Marketing,Mumbai,278608
7841,Ekansh Natt,"Virk, Krishnamurthy and Ben",Meta Ads,Delhi,103920
7842,Wahab Grewal,Gole-Nadig,Google Ads,Ahmedabad,136501
7843,Benjamin Konda,"Samra, Rajagopal and Kalita",Social Media Marketing,Jaipur,176481
7844,Ekapad Murthy,Sura-Mandal,Content Marketing,Jaipur,85765
7845,Ganga Narain,Sundaram and Sons,Content Marketing,Ahmedabad,257273
7846,Shivansh Contractor,"Konda, Kashyap and Bakshi",Content Marketing,Pune,109991
7847,Laksh Batra,"Jaggi, Virk and Mander",Email Marketing,Mumbai,179238
7848,Lohit Goyal,Nagi-Mangal,Social Media Marketing,Bangalore,276508
7849,Geetika Rajan,Venkatesh-Sachdev,AI Chatbot Development,Pune,32265
7850,Chandran Keer,"Raval, Jaggi and Ghose",Email Marketing,Jaipur,285114
7851,Orinder Karpe,"Shroff, Chadha and Bajwa",Content Marketing,Hyderabad,21462
7852,Rajeshri Saxena,Mitra-Arya,Content Marketing,Kolkata,210519
7853,Nimrat Chandra,Murthy-Chadha,Content Marketing,Jaipur,108943
7854,Jai Bose,"Yogi, Oza and Chad",SEO,Jaipur,74149
7855,Parth Mody,Dar-Prabhu,Meta Ads,Jaipur,106981
7856,Noah Bala,Dasgupta-Ratta,Meta Ads,Delhi,214722
7857,Alka Palan,Batta Group,AI Chatbot Development,Bangalore,37078
7858,Tanish Gola,Behl Ltd,AI Chatbot Development,Hyderabad,38137
7859,Manan Mall,Hayer PLC,Website Development,Mumbai,102248
7860,Wahab Dasgupta,Mammen Inc,Social Media Marketing,Bangalore,149638
7861,Hitesh Deshpande,Nair-Choudhury,Website Development,Mumbai,23439
7862,Aarnav Halder,Deshpande-Chakrabarti,Meta Ads,Bangalore,207443
7863,Odika Nanda,Mody Ltd,Google Ads,Jaipur,100721
7864,Yatan Raghavan,Mishra LLC,Social Media Marketing,Pune,200382
7865,Hiral Kamdar,Thaker-Kalita,SEO,Delhi,138616
7866,Vritti Garde,Parsa-Tank,Social Media Marketing,Hyderabad,192260
7867,Varsha Reddy,"Chander, Kadakia and Manne",SEO,Bangalore,232242
7868,Watika Pingle,Balakrishnan and Sons,AI Chatbot Development,Bangalore,121523
7869,Chandran Mandal,Anand LLC,Website Development,Bangalore,105040
7870,Mugdha Mistry,Chad PLC,AI Chatbot Development,Bangalore,226629
7871,Lavanya Shan,Naik-Dhaliwal,Meta Ads,Ahmedabad,89343
7872,Harrison Nori,Bhattacharyya and Sons,SEO,Jaipur,201833
7873,Dhruv Chawla,"Gade, Magar and Dutt",Website Development,Delhi,86230
7874,Bhavini Nadig,"Mani, Raman and Pillai",AI Chatbot Development,Hyderabad,67430
7875,Owen Sidhu,Ben Ltd,Meta Ads,Jaipur,252957
7876,Orinder Ghose,"Bansal, Sur and Nagarajan",Social Media Marketing,Ahmedabad,184131
7877,Qabil Karpe,Patil Ltd,Meta Ads,Jaipur,81815
7878,Falguni Sharaf,Din PLC,Meta Ads,Bangalore,280263
7879,Anthony Ramesh,Mangat LLC,Content Marketing,Bangalore,59454
7880,Onveer Nayak,Hegde LLC,Email Marketing,Kolkata,181999
7881,Zinal Arora,Devan PLC,Social Media Marketing,Hyderabad,103913
7882,Sudiksha Dhaliwal,Sarma LLC,Google Ads,Jaipur,221290
7883,Yoshita Murty,"Tak, Mallick and Bandi",Meta Ads,Hyderabad,68709
7884,Dhriti Vasa,"Dani, Ramanathan and Keer",Website Development,Kolkata,199252
7885,Tanay Guha,Mody-Nagarajan,Google Ads,Mumbai,114797
7886,Hitesh Soni,Ghose-Mittal,Content Marketing,Kolkata,59852
7887,Harshil Rama,Pal-Nagar,Website Development,Delhi,272506
7888,Harshil Pillay,Karan PLC,Social Media Marketing,Bangalore,230125
7889,Lohit Oza,"Kuruvilla, Mane and Virk",Meta Ads,Ahmedabad,163691
7890,Avni Warrior,Gola-Raja,Email Marketing,Pune,99243
7891,Nitara Dhillon,"Bal, Bhalla and Pal",Content Marketing,Hyderabad,220852
7892,Rehaan Bobal,Salvi Group,Google Ads,Mumbai,33319
7893,Banjeet Handa,Cherian PLC,Content Marketing,Delhi,255179
7894,Darsh De,"Pai, Biswas and Sinha",Website Development,Jaipur,22364
7895,Samuel Prabhu,Bora Group,Meta Ads,Hyderabad,185363
7896,Gaurang Kala,Bhattacharyya-Gera,Meta Ads,Hyderabad,52025
7897,Jagat Sahota,"Das, Samra and Wason",Website Development,Mumbai,75519
7898,Viraj Chandran,Krishnamurthy-Atwal,Google Ads,Pune,140728
7899,Divya Bhat,"Ahuja, Parmer and Pandit",Social Media Marketing,Pune,25207
7900,Eiravati Sekhon,Pradhan Group,Social Media Marketing,Delhi,162032
7901,Chakrika Chand,"Deo, Loyal and Mane",Website Development,Mumbai,72621
7902,Girindra Seth,Panchal and Sons,Google Ads,Hyderabad,144656
7903,Nimrat Brahmbhatt,Bala and Sons,SEO,Kolkata,274339
7904,Ira Sami,Sibal-Gole,Email Marketing,Mumbai,156801
7905,Aarini Dugar,Agate PLC,Email Marketing,Mumbai,216273
7906,Rachit Pillay,"Chokshi, Chandran and Borra",AI Chatbot Development,Mumbai,100386
7907,Aarna Pant,Dalal-Thaman,Google Ads,Bangalore,153364
7908,Raagini Tripathi,Bora-Kunda,Social Media Marketing,Delhi,114546
7909,Gautami Vasa,"Banik, Anne and Contractor",SEO,Hyderabad,273284
7910,Kashish Roy,"Dugal, Koshy and Mandal",Email Marketing,Jaipur,246189
7911,Sarthak Luthra,Pathak and Sons,Email Marketing,Ahmedabad,123952
7912,Chakrika Mandal,"Gara, Dayal and Mani",Website Development,Bangalore,109210
7913,Kavya Yadav,Sachdeva LLC,Content Marketing,Pune,69951
7914,Libni Pant,"Gour, Dhar and Dalal",Social Media Marketing,Jaipur,106994
7915,Manthan Vala,Narula-Batra,Social Media Marketing,Kolkata,171957
7916,Chakradhar Gulati,Bawa-Barad,Content Marketing,Hyderabad,50057
7917,Lajita Shroff,"Kumar, Reddy and Chadha",Social Media Marketing,Pune,296452
7918,Ishanvi Mutti,Ravel-Khatri,Website Development,Mumbai,188107
7919,Charita Sama,Ramesh Ltd,Content Marketing,Kolkata,90766
7920,Warda Dhingra,Babu-Lad,Content Marketing,Mumbai,29431
7921,Kabir Sidhu,Datta-Parmar,AI Chatbot Development,Ahmedabad,272840
7922,Isha Raja,"Sabharwal, Dhar and Shenoy",Meta Ads,Mumbai,210008
7923,Leena Cheema,Kara-Nagar,AI Chatbot Development,Bangalore,187186
7924,Max Dua,Narayan Ltd,Social Media Marketing,Delhi,225410
7925,Tamanna Dayal,"Borah, Balay and Karan",Meta Ads,Mumbai,110499
7926,Krish Dugal,Sandhu-Bedi,Meta Ads,Pune,24520
7927,Ishani Pandya,Wali-Hegde,Google Ads,Mumbai,204899
7928,Jackson Sarin,Sanghvi-Gade,Content Marketing,Mumbai,177221
7929,Leela Balasubramanian,"Vyas, Bir and Dixit",Email Marketing,Mumbai,235581
7930,Quincy Dhaliwal,Radhakrishnan-Acharya,Website Development,Hyderabad,114518
7931,Tristan Sharaf,Pandit-Oza,SEO,Delhi,108881
7932,Chatresh Deshmukh,Samra-Sood,Meta Ads,Bangalore,163406
7933,Balhaar Cheema,"Gaba, Bath and Maharaj",Google Ads,Hyderabad,111752
7934,Nihal Dutt,Madan Group,SEO,Jaipur,238893
7935,Nachiket Khosla,Ramanathan Ltd,Content Marketing,Mumbai,252460
7936,Dhruv Talwar,Bora-Konda,SEO,Mumbai,234910
7937,Onkar Dube,"Nori, Chaudhari and Bhakta",Content Marketing,Jaipur,157508
7938,Manbir Mittal,Sahni Inc,Social Media Marketing,Jaipur,209428
7939,Udyati Sahni,Pau-Gara,Content Marketing,Bangalore,117051
7940,Idika Mandal,Bakshi PLC,Google Ads,Kolkata,169443
7941,Dayita Rajagopal,"Kari, Deol and De",SEO,Jaipur,141424
7942,Benjamin Hayre,"Master, Mannan and Swaminathan",Google Ads,Jaipur,64251
7943,Rayaan Mani,Parmer Inc,Website Development,Bangalore,214372
7944,Chanakya Apte,Dara Group,Website Development,Mumbai,90500
7945,Jason Mutti,Kakar and Sons,Meta Ads,Hyderabad,263102
7946,Upkaar Deo,Golla-Gour,Google Ads,Delhi,136493
7947,Lucky Bhakta,Tripathi and Sons,Content Marketing,Jaipur,44524
7948,Amol Bahl,Gupta PLC,Content Marketing,Jaipur,297283
7949,Omkaar Sura,Buch PLC,Meta Ads,Kolkata,274727
7950,Mugdha Nori,Prashad-Dayal,SEO,Pune,229701
7951,Om Iyer,Boase-Dey,AI Chatbot Development,Ahmedabad,78142
7952,Farhan Sachdeva,"Mital, Wali and Trivedi",Content Marketing,Jaipur,268513
7953,Gautami Hayre,"Mohanty, Bahri and Varty",Content Marketing,Mumbai,224955
7954,Sara Merchant,"Loke, Bumb and Sengupta",AI Chatbot Development,Bangalore,295629
7955,Anjali Borra,Kata LLC,Social Media Marketing,Jaipur,27720
7956,Rachit Choudhury,Tara-Sinha,Social Media Marketing,Bangalore,262760
7957,Veer Atwal,"Narasimhan, Luthra and Chopra",Meta Ads,Bangalore,162279
7958,Nitara Gandhi,Puri Ltd,Content Marketing,Delhi,253147
7959,Sanaya Bera,Sodhi-Mannan,Content Marketing,Mumbai,136880
7960,Qabil D’Alia,"Dani, Kar and Mane",Google Ads,Bangalore,123928
7961,Matthew Kapur,Sahota Ltd,Content Marketing,Delhi,26517
7962,Aadhya Biswas,"Ramanathan, Chada and Aggarwal",AI Chatbot Development,Hyderabad,68839
7963,Mekhala Sathe,Sodhi Group,Content Marketing,Hyderabad,91941
7964,Adya Oommen,Kale-Mishra,Website Development,Delhi,223994
7965,Kalpit Walla,Chawla Inc,Social Media Marketing,Hyderabad,170840
7966,Dhruv Bath,Biswas-Prakash,Google Ads,Bangalore,261050
7967,Owen Loke,Chana Group,Meta Ads,Kolkata,266346
7968,Kamya Seshadri,"More, Bhalla and Yadav",Content Marketing,Pune,269880
7969,Aarav Pau,Gour-Mane,Content Marketing,Jaipur,241244
7970,Manya Taneja,Dave-Kadakia,Website Development,Hyderabad,173258
7971,Ladli Barad,Warrior-Parikh,Meta Ads,Jaipur,165460
7972,Zashil Loyal,Suri-Kara,Content Marketing,Delhi,268188
7973,Amaira Kashyap,"Narasimhan, Yadav and Kala",Social Media Marketing,Pune,72474
7974,Jagat Memon,Sankaran LLC,Email Marketing,Jaipur,65373
7975,Yasti Babu,"Zacharia, Bose and Majumdar",Email Marketing,Bangalore,110405
7976,Ubika Rajagopalan,Dave and Sons,AI Chatbot Development,Mumbai,41588
7977,Manya Deshmukh,Radhakrishnan-Basu,Meta Ads,Hyderabad,134920
7978,Urishilla Nath,Mane-Dugar,Email Marketing,Hyderabad,159779
7979,Geetika Suri,Mahal Ltd,AI Chatbot Development,Delhi,280157
7980,Pranit Shankar,Bhagat-Gala,Meta Ads,Bangalore,160859
7981,Netra Kaul,"Korpal, Comar and Buch",Social Media Marketing,Ahmedabad,195762
7982,Hemangini Bhasin,Hora-Jha,Website Development,Ahmedabad,153970
7983,Dakshesh Behl,Srinivas Group,Email Marketing,Jaipur,106773
7984,Zaid Pandey,Mitra Inc,Social Media Marketing,Hyderabad,213841
7985,Advik Sawhney,"Taneja, Chanda and Tata",Website Development,Ahmedabad,91730
7986,Anvi Sankar,"Chand, Vig and Samra",Content Marketing,Jaipur,167258
7987,Nimrat Wali,Hans-Chokshi,Email Marketing,Mumbai,123735
7988,Pushti Zachariah,Chanda Group,Content Marketing,Hyderabad,53145
7989,Ekansh Puri,"Wali, Sood and Anand",SEO,Jaipur,197683
7990,Krishna Seth,Sama Group,Website Development,Pune,184077
7991,Ronith Mall,"Sridhar, Mandal and Gokhale",Email Marketing,Hyderabad,111425
7992,Siddharth Pradhan,Sethi-Bera,Google Ads,Ahmedabad,166028
7993,Azad Kothari,Narain-Bhalla,Website Development,Pune,28390
7994,Aarnav Wali,Vohra-Barman,SEO,Bangalore,270062
7995,Ekaja Ramakrishnan,Rastogi-Sheth,Google Ads,Hyderabad,244049
7996,Abhimanyu Bhatt,"Bhalla, Palan and Dugar",SEO,Hyderabad,276234
7997,Ekantika Bhatt,Vora-Bhasin,Content Marketing,Delhi,173930
7998,Anthony Ravel,Ghosh-Iyengar,Website Development,Kolkata,284864
7999,Pranav Mital,"Gole, Singh and Modi",AI Chatbot Development,Hyderabad,131295
8000,Hiral Ahluwalia,Narula LLC,Email Marketing,Jaipur,227712
8001,Upasna Contractor,Arora-Bains,Content Marketing,Delhi,256649
8002,Sanaya Mand,"Sanghvi, Sachdev and Keer",Social Media Marketing,Ahmedabad,154431
8003,Bhavani Kothari,Bajaj-Ramesh,Content Marketing,Kolkata,88877
8004,Reva Kashyap,Chawla Group,Content Marketing,Bangalore,231881
8005,Leela Mittal,"Ramakrishnan, Karpe and Shetty",Google Ads,Pune,175679
8006,Pratyush Savant,"Nagarajan, Mohan and Ramachandran",Google Ads,Pune,291334
8007,Timothy Bala,"Bains, Banerjee and Kala",SEO,Jaipur,98198
8008,Anika Pillay,Mitter PLC,Email Marketing,Kolkata,107523
8009,Kiaan Tiwari,"Varkey, Kunda and Peri",Google Ads,Jaipur,291069
8010,Mohammed Mahajan,"Yogi, Narayanan and Hans",AI Chatbot Development,Pune,41500
8011,Divya Dixit,Ahuja-Konda,Email Marketing,Ahmedabad,30713
8012,Jyoti Golla,"Mutti, Pillay and Deshmukh",AI Chatbot Development,Bangalore,210495
8013,Elijah Toor,Gopal-Guha,Content Marketing,Ahmedabad,37441
8014,Onkar Sharma,Mallick-Patil,Social Media Marketing,Jaipur,139481
8015,Yuvraj Bal,"Gupta, Shan and Chokshi",Website Development,Kolkata,159989
8016,Hamsini Banik,Grewal LLC,Content Marketing,Bangalore,130768
8017,Lajita Rajagopal,Dada-Murty,SEO,Ahmedabad,273255
8018,Ladli Dugar,"Choudhury, Vala and Wali",Email Marketing,Bangalore,31667
8019,Radha Golla,Kala and Sons,Content Marketing,Kolkata,83041
8020,Veer Ramaswamy,"Johal, Mammen and Parekh",Meta Ads,Mumbai,116159
8021,Udyati Toor,Ray-Padmanabhan,Content Marketing,Ahmedabad,269233
8022,Zashil Mandal,"Prabhu, Ahluwalia and Mitter",AI Chatbot Development,Delhi,28464
8023,Unni Mishra,"Banerjee, Sani and Varkey",Email Marketing,Ahmedabad,192541
8024,Eesha Ganesh,"Varghese, Mall and Mammen",Website Development,Pune,44479
8025,Oliver Devan,Sahni-Dube,Content Marketing,Kolkata,127608
8026,Forum Bose,"Agarwal, Basu and Narayanan",Content Marketing,Bangalore,179740
8027,Priya Sant,Ghosh and Sons,Meta Ads,Kolkata,229612
8028,Inaya Singh,Ram-Prakash,SEO,Pune,189163
8029,Hemal Narula,"Saran, Chowdhury and Sant",SEO,Hyderabad,92378
8030,Aradhana Jhaveri,"Nayak, Toor and Sama",Meta Ads,Delhi,258766
8031,Gunbir Bhat,"Lad, Goda and Bhalla",SEO,Hyderabad,241557
8032,Elijah Hayre,"Sastry, Patel and Nair",Google Ads,Ahmedabad,252145
8033,Hemal Dasgupta,"Palla, Pradhan and Bahl",SEO,Ahmedabad,224867
8034,Abeer Tata,"Kumer, Bhatnagar and Karpe",Website Development,Mumbai,52082
8035,Ayaan Madan,Dalal-Shanker,Google Ads,Ahmedabad,105385
8036,Banjeet Sarin,Singhal-Bhalla,SEO,Kolkata,120483
8037,Ishaan Sagar,Malhotra-Gola,Meta Ads,Delhi,103748
8038,Fitan Bir,Chand and Sons,Email Marketing,Delhi,100697
8039,Wishi Johal,Sandal Inc,Content Marketing,Pune,126993
8040,Vihaan Raval,"Tandon, Sawhney and Handa",Website Development,Kolkata,67415
8041,Jeremiah Manda,Devi and Sons,Email Marketing,Jaipur,299913
8042,Harita Pillai,Tandon-Kurian,Content Marketing,Hyderabad,157580
8043,Neel Brahmbhatt,Kala PLC,Meta Ads,Ahmedabad,173058
8044,Manbir Divan,"Seth, Krishnamurthy and Chada",Meta Ads,Jaipur,128132
8045,Kritika Patla,"Batra, Tailor and Nigam",Website Development,Delhi,144468
8046,Forum Ramakrishnan,Batta-Venkataraman,Social Media Marketing,Hyderabad,30107
8047,Aayush Prabhakar,Venkataraman-Mistry,Google Ads,Hyderabad,208110
8048,Chaaya Sood,Chaudhari LLC,Content Marketing,Kolkata,34042
8049,Ladli Borra,Thaker Ltd,Content Marketing,Mumbai,53297
8050,Nitara Manda,Dua-Iyengar,Social Media Marketing,Kolkata,119536
8051,Jeevika Keer,Bala PLC,SEO,Pune,155509
8052,Chakradhar Saraf,"Sahota, Bobal and Sharma",Meta Ads,Hyderabad,141634
8053,Ayushman Krishnan,Mander PLC,AI Chatbot Development,Bangalore,48470
8054,Jagat Bassi,Merchant LLC,Meta Ads,Delhi,264270
8055,Baljiwan Guha,Dave LLC,Google Ads,Ahmedabad,267189
8056,Agastya Oak,"Shah, Sridhar and Ramachandran",SEO,Ahmedabad,217606
8057,Kamala Hans,"Sha, Natt and Wable",AI Chatbot Development,Bangalore,79715
8058,Aarini Dutta,"Sur, Kari and Mallick",Social Media Marketing,Jaipur,73978
8059,Balvan Sule,"Din, Chakrabarti and Mander",Content Marketing,Hyderabad,94405
8060,Saksham Khurana,Sharma-Khosla,Google Ads,Pune,20772
8061,Dhruv Biswas,"Sidhu, Memon and Kala",Website Development,Kolkata,44317
8062,Vasana Badami,"Mann, Nagy and Jain",Google Ads,Kolkata,48520
8063,Xavier Chaudry,"Sarraf, Swaminathan and Chandra",Meta Ads,Ahmedabad,176418
8064,Lopa Jaggi,Shenoy-Nayak,SEO,Kolkata,45126
8065,Mitali Ratta,"Mahal, Sagar and Modi",Website Development,Jaipur,289052
8066,Aryan Gandhi,Sidhu-Wali,SEO,Delhi,258163
8067,Tanish Merchant,Konda Ltd,Meta Ads,Ahmedabad,98759
8068,George Thakur,Kari-Borde,Meta Ads,Ahmedabad,111149
8069,Wyatt Gopal,Raman-Gopal,AI Chatbot Development,Hyderabad,296078
8070,Azaan Radhakrishnan,Bansal Group,Social Media Marketing,Jaipur,30087
8071,Aarna Vaidya,Bajwa and Sons,Email Marketing,Mumbai,290710
8072,Pranit Rege,"Kale, Shukla and Ben",Social Media Marketing,Mumbai,264804
8073,Nisha Arya,Chaudhry-Oommen,AI Chatbot Development,Delhi,59458
8074,Gavin Chaudry,"Vig, Misra and Dewan",Content Marketing,Jaipur,241764
8075,Yachana Saha,Parmar-Brar,Google Ads,Ahmedabad,77765
8076,Aryan Bath,Gandhi-Setty,Meta Ads,Kolkata,232936
8077,Kashvi Das,"Tandon, Guha and Uppal",Content Marketing,Mumbai,28155
8078,Chavvi Tata,Badami Group,SEO,Mumbai,28778
8079,Widisha Sekhon,Chandran-Vasa,Website Development,Delhi,259227
8080,Finn Shere,"Rajagopalan, Manne and Palla",SEO,Mumbai,240871
8081,Maanav Lala,Sule Ltd,Website Development,Hyderabad,167120
8082,Faris Kalla,Bora-Sridhar,AI Chatbot Development,Bangalore,190951
8083,Ojas Nagar,Joshi-Mandal,Content Marketing,Mumbai,152687
8084,Nachiket Pau,Jain-Chaudhry,Social Media Marketing,Kolkata,23077
8085,Suhani Srinivasan,Sem PLC,Google Ads,Mumbai,25742
8086,Faris Chakraborty,"Bajaj, Bava and Choudhary",AI Chatbot Development,Mumbai,176372
8087,Omkaar Madan,Zachariah-Nadig,Meta Ads,Pune,132695
8088,Harita Khare,"Narasimhan, Vasa and Manne",Content Marketing,Jaipur,67198
8089,Chaman Sani,Sarma-Gara,Meta Ads,Bangalore,260401
8090,Daniel Dugal,Palan PLC,Social Media Marketing,Bangalore,24694
8091,Yochana Pandey,Ghosh PLC,Meta Ads,Hyderabad,256636
8092,Omkaar Brahmbhatt,Malhotra-Sood,Content Marketing,Jaipur,151032
8093,Omya Tata,"Gokhale, Naik and Setty",Content Marketing,Kolkata,20403
8094,Samar Ganguly,Buch-Prabhakar,Meta Ads,Hyderabad,147026
8095,Liam Madan,Doshi and Sons,Content Marketing,Pune,89708
8096,Rohan Dubey,Hans-Bassi,AI Chatbot Development,Jaipur,204512
8097,Agastya Pai,"Bhandari, Hayer and Bawa",Social Media Marketing,Bangalore,242777
8098,Eiravati Menon,Kohli-Lata,AI Chatbot Development,Delhi,299334
8099,Triveni Choudhury,Aurora-Anne,Email Marketing,Pune,165952
8100,Ekalinga Naik,Patla Group,SEO,Bangalore,229771
8101,Gaurangi Madan,Agate PLC,AI Chatbot Development,Mumbai,82315
8102,Wriddhish Nadkarni,"Mangat, Rama and Raja",Social Media Marketing,Kolkata,281311
8103,Kiaan Goyal,"Tailor, Khanna and Garde",Website Development,Pune,164936
8104,Falak Peri,"Mishra, Deep and Ghosh",Content Marketing,Ahmedabad,99833
8105,Ekanta Reddy,Kala-Sane,Website Development,Mumbai,141016
8106,Ubika Jayaraman,"Subramanian, Basu and Basak",Content Marketing,Jaipur,219837
8107,Nidra Prabhakar,Ratta Ltd,Content Marketing,Kolkata,297316
8108,Anya Dixit,Deshpande-Biswas,Content Marketing,Hyderabad,58634
8109,Arjun Barad,More-Mann,Meta Ads,Pune,182745
8110,Jagrati Venkataraman,Sidhu PLC,Email Marketing,Mumbai,90720
8111,Daksh Sahota,"Hari, Venkatesh and Deo",SEO,Hyderabad,117515
8112,Samar Sidhu,Yogi Ltd,Content Marketing,Mumbai,106919
8113,Edhitha Bhatnagar,Srivastava-Mangal,Content Marketing,Mumbai,25808
8114,Vasana Vala,"Bhavsar, Gulati and Chakrabarti",Content Marketing,Ahmedabad,228747
8115,Faqid Agate,"Sandhu, Pradhan and Chhabra",Google Ads,Kolkata,234004
8116,Gautami Warrior,Kohli PLC,Meta Ads,Bangalore,200749
8117,Gaurav Ganguly,Vasa-Roy,Content Marketing,Mumbai,149996
8118,Lucky Babu,Khanna Inc,Website Development,Pune,270326
8119,Indali Prashad,Pillay-Iyer,Content Marketing,Kolkata,279749
8120,Atharv Agrawal,Yohannan Inc,Email Marketing,Mumbai,215123
8121,Yashoda Rattan,Ghose Inc,Content Marketing,Jaipur,177867
8122,Yahvi Thakkar,Hora PLC,Google Ads,Bangalore,153592
8123,Ekani More,Wason Ltd,Meta Ads,Jaipur,294337
8124,Aayush Bhakta,Borra-Varghese,AI Chatbot Development,Bangalore,70145
8125,Ati Bal,"Kala, Contractor and Kalita",Social Media Marketing,Bangalore,296761
8126,Ekani Datta,"Mannan, Karan and Date",Website Development,Delhi,101137
8127,Lipika Gokhale,Taneja-Dada,Meta Ads,Ahmedabad,25160
8128,Chandresh Bora,Modi LLC,SEO,Jaipur,54864
8129,Kashish Karpe,"Mohan, Rajan and Jaggi",AI Chatbot Development,Hyderabad,46041
8130,Nikita Tandon,Chakrabarti Group,Email Marketing,Ahmedabad,96962
8131,Kevin Balay,"Iyer, Lata and Shan",Google Ads,Hyderabad,138923
8132,Raksha Balan,"Nayar, Dhawan and Mishra",SEO,Hyderabad,57076
8133,Ryan Shankar,Anne-Dugal,Website Development,Hyderabad,81975
8134,Keya Kannan,Om LLC,SEO,Bangalore,290839
8135,Tanvi Chopra,Sinha-Andra,Email Marketing,Pune,99852
8136,Ishanvi Deep,Modi Group,Email Marketing,Mumbai,37391
8137,Qarin Pradhan,Lad Inc,Content Marketing,Pune,221192
8138,Kabir Loyal,"Kant, Dugar and Roy",AI Chatbot Development,Mumbai,91005
8139,Chakrika Narang,Arora LLC,AI Chatbot Development,Jaipur,192756
8140,Yashasvi Bawa,"Behl, Swamy and Bajwa",Meta Ads,Jaipur,291890
8141,Samaksh Ratta,Krishnan PLC,Meta Ads,Bangalore,196597
8142,Praneel Keer,Suri PLC,Website Development,Jaipur,274006
8143,Oscar Murty,Parmar LLC,Content Marketing,Ahmedabad,73637
8144,Sudiksha Sama,Dube-Sachdev,AI Chatbot Development,Ahmedabad,85589
8145,Niharika Nath,Sahni Ltd,SEO,Pune,230920
8146,Idika Bassi,Wason-Dara,Meta Ads,Jaipur,64656
8147,Turvi Ahluwalia,Choudhry-Dyal,Email Marketing,Pune,148977
8148,Yash Agarwal,Varma-Golla,SEO,Kolkata,234167
8149,Ekbal Raju,Lad LLC,Content Marketing,Delhi,295876
8150,Sanaya Uppal,"Chahal, Mani and Biswas",Content Marketing,Pune,271811
8151,Chaman Parekh,Radhakrishnan-Parmer,Meta Ads,Hyderabad,23527
8152,Unni Dara,"Shetty, Ramesh and Srinivas",AI Chatbot Development,Bangalore,181141
8153,Farhan Bava,Chana Inc,Email Marketing,Hyderabad,83185
8154,Anirudh Basu,Aurora Inc,Meta Ads,Pune,138247
8155,Urvashi Pillai,Chakrabarti-Som,Google Ads,Bangalore,272791
8156,Viraj Sekhon,"Devan, Narula and Saraf",Social Media Marketing,Ahmedabad,70820
8157,Qasim Chacko,Palla-Bala,SEO,Jaipur,280152
8158,Banjeet Reddy,Choudhury-De,Email Marketing,Kolkata,122996
8159,Balvan Munshi,"Sood, Sodhi and Sha",Meta Ads,Delhi,280219
8160,Gabriel Arya,Rastogi-Bir,Social Media Marketing,Jaipur,138361
8161,Hiral Singh,"Agrawal, Dave and Baral",Content Marketing,Delhi,114025
8162,Kiaan D’Alia,Bhatti Inc,SEO,Mumbai,194863
8163,Jhalak Deep,Thaker-Khurana,Google Ads,Bangalore,290341
8164,Aayush Sachar,"Viswanathan, Parikh and Roy",Email Marketing,Bangalore,130083
8165,Zaitra Vyas,Misra-Toor,Email Marketing,Jaipur,119550
8166,Devansh Ahluwalia,Zacharia Group,AI Chatbot Development,Mumbai,174100
8167,Daksh Gour,Korpal LLC,AI Chatbot Development,Hyderabad,255171
8168,Ekanta Mani,Goda Group,AI Chatbot Development,Jaipur,162047
8169,Mitesh Parekh,Dey PLC,Email Marketing,Ahmedabad,33459
8170,Krishna Bhatt,Borde Ltd,Email Marketing,Ahmedabad,87460
8171,Tanveer Raval,Bhatt-Shan,Website Development,Pune,54439
8172,Rishi Choudhary,Kannan Inc,SEO,Kolkata,236813
8173,Pavani Shah,Nagy-Shan,Social Media Marketing,Delhi,57377
8174,Krishna Chaudhry,Krishna and Sons,Email Marketing,Jaipur,207317
8175,Widisha Sarkar,Dubey-Ramaswamy,Google Ads,Kolkata,145248
8176,Gaurang Barad,Comar Ltd,Meta Ads,Pune,61134
8177,Kamya Tara,"Goel, Shetty and Kakar",AI Chatbot Development,Pune,221078
8178,Chakradev Joshi,Majumdar-Prabhakar,Website Development,Hyderabad,39419
8179,Rajeshri Chanda,Kota PLC,Google Ads,Pune,286801
8180,Vincent Dutta,Manda-Dora,SEO,Pune,201569
8181,Falan Tailor,Butala-Dubey,Google Ads,Delhi,188275
8182,Parth Narayan,Gera Inc,Email Marketing,Hyderabad,162212
8183,Dalaja Gopal,"Bath, Goda and Bhatt",Content Marketing,Pune,150482
8184,Dayita Rau,Tella-Gara,Google Ads,Ahmedabad,44584
8185,Anusha Chokshi,"Shetty, Bakshi and Buch",Email Marketing,Kolkata,21411
8186,Henry Basu,"Bhasin, Wable and Setty",SEO,Hyderabad,25928
8187,Anvi Chanda,Sehgal LLC,Website Development,Jaipur,183306
8188,Sanaya Nath,Vohra PLC,Social Media Marketing,Hyderabad,81462
8189,Geetika Bhargava,"Parsa, Grewal and Andra",AI Chatbot Development,Jaipur,150361
8190,Vivaan Mital,"Vasa, Sem and Parmer",Meta Ads,Mumbai,62695
8191,David Agarwal,Guha-Swaminathan,SEO,Bangalore,220602
8192,Vihaan Chada,Baral Group,Content Marketing,Mumbai,40922
8193,Dev Varty,Pillay LLC,Website Development,Pune,229369
8194,Vasudha Naik,"Kaur, Patel and Pai",AI Chatbot Development,Jaipur,253211
8195,Henry Mukhopadhyay,Bhatnagar LLC,SEO,Mumbai,225385
8196,Atharv Soni,Puri Group,Social Media Marketing,Mumbai,197181
8197,Yachana Seshadri,Sant and Sons,Google Ads,Ahmedabad,168103
8198,Harinakshi Sinha,"Lata, Khalsa and Parsa",Content Marketing,Bangalore,126809
8199,Qadim Ramesh,Bala-Yadav,Website Development,Pune,238902
8200,Ira Sood,Dani Group,Meta Ads,Bangalore,49094
8201,Tejas Chaudry,"Kar, Krishna and Khurana",Website Development,Kolkata,177276
8202,Aadi Balay,"Sridhar, Bail and Dash",AI Chatbot Development,Jaipur,283788
8203,Januja Manda,Kale PLC,SEO,Ahmedabad,275528
8204,Oeshi Kumer,"Murty, Nayar and Bedi",SEO,Kolkata,42313
8205,Vincent Pal,"Memon, Modi and Palan",Meta Ads,Jaipur,81595
8206,Upadhriti Ramaswamy,Das PLC,Google Ads,Hyderabad,136579
8207,Harish Dada,D’Alia Ltd,Google Ads,Delhi,124696
8208,Edhitha Mandal,"Nayak, Setty and Banerjee",Meta Ads,Ahmedabad,218480
8209,Vedika Hans,"Morar, Varughese and Singhal",Google Ads,Delhi,195786
8210,Indali Mallick,Sridhar-Pillay,AI Chatbot Development,Pune,44665
8211,Om Ben,Rai-Vasa,Social Media Marketing,Mumbai,229369
8212,Bina Singh,Varkey LLC,Website Development,Mumbai,82550
8213,Charvi Madan,"Bala, Khare and Bhargava",Google Ads,Ahmedabad,36959
8214,Christopher Baral,Varty LLC,AI Chatbot Development,Kolkata,103326
8215,Vasana Choudhry,Savant-Bahri,Meta Ads,Jaipur,184384
8216,Charita Gole,"Chawla, D’Alia and Saini",Website Development,Kolkata,23675
8217,Bahadurjit Magar,"Om, Pai and Sachdev",Email Marketing,Kolkata,162940
8218,Daniel Kapur,Sandal-Bakshi,Social Media Marketing,Hyderabad,175328
8219,Nakul Prabhakar,"Menon, Johal and Lall",Email Marketing,Jaipur,298828
8220,Jagvi Bhat,Dalal LLC,Meta Ads,Bangalore,61905
8221,Manthan Bava,Banik-Lad,Email Marketing,Delhi,171663
8222,Onkar Boase,Chopra LLC,Content Marketing,Delhi,197711
8223,Oviya Bhakta,Handa and Sons,Website Development,Hyderabad,240842
8224,Harrison Parsa,"Shetty, Pall and Srinivasan",Email Marketing,Ahmedabad,234000
8225,Kiaan Dayal,Dhillon-Magar,Meta Ads,Ahmedabad,114268
8226,Charles Thakkar,Bali-Kuruvilla,Website Development,Pune,217093
8227,Brinda Bhakta,Gopal and Sons,SEO,Pune,141681
8228,Yagnesh Patla,"Sunder, Bhardwaj and Ramanathan",SEO,Mumbai,221519
8229,Andrew Seth,"Dube, Mani and Sastry",Google Ads,Hyderabad,28621
8230,Lipika D’Alia,Dara-Chowdhury,Meta Ads,Pune,274888
8231,Sai Kota,Chander and Sons,Email Marketing,Jaipur,133289
8232,Mason Pai,"Bir, Kari and Sankar",Content Marketing,Ahmedabad,45385
8233,Urmi Yohannan,Hegde and Sons,Social Media Marketing,Jaipur,226239
8234,Wishi Karnik,"Bhavsar, Bava and Mallick",Website Development,Jaipur,227736
8235,Madhavi Raja,Garg Inc,Content Marketing,Bangalore,247526
8236,Zayan Natarajan,Sarin Group,SEO,Pune,43077
8237,Mahika Shukla,"Tella, Morar and Basu",Meta Ads,Delhi,244885
8238,Aarush Chana,"D’Alia, Mani and Verma",AI Chatbot Development,Jaipur,83272
8239,Sachi Chanda,Nigam Inc,SEO,Bangalore,42964
8240,Raksha Kadakia,Dara Inc,Google Ads,Mumbai,50776
8241,Zashil Koshy,Korpal PLC,Website Development,Jaipur,95058
8242,Gavin D’Alia,Kalita-Choudhry,Social Media Marketing,Mumbai,32218
8243,Charles Basak,Yadav-Devan,AI Chatbot Development,Pune,102879
8244,Abhiram Basu,Lanka LLC,Website Development,Kolkata,214525
8245,Kashvi Trivedi,Bali-Ben,Email Marketing,Pune,141249
8246,Luke Srinivas,"Dasgupta, Barman and Mani",Google Ads,Mumbai,225742
8247,Chaman Goda,Ravel Ltd,SEO,Jaipur,299679
8248,Vasana Vyas,Hegde-Goda,Content Marketing,Jaipur,89755
8249,Aditya Dugar,"Walia, Kalita and Singh",Email Marketing,Pune,278472
8250,Max Atwal,Kale-Subramaniam,AI Chatbot Development,Pune,155155
8251,Lekha Toor,"Varty, Bhatt and Chhabra",AI Chatbot Development,Mumbai,42987
8252,Triya Seth,"Singh, Kaul and Manda",Social Media Marketing,Hyderabad,167595
8253,Lajita Gola,Toor Inc,AI Chatbot Development,Pune,138032
8254,Alka Sami,Dube PLC,Google Ads,Delhi,28540
8255,Hemangini Dhawan,Patel-Mitra,Google Ads,Ahmedabad,202379
8256,Harinakshi Nanda,"Kara, Kurian and Butala",Social Media Marketing,Bangalore,168579
8257,Pahal Trivedi,Mitter-Chawla,AI Chatbot Development,Pune,228738
8258,Aradhana Choudhury,Karpe-Khanna,Content Marketing,Mumbai,108014
8259,Darsh Dyal,Bir-Tak,Social Media Marketing,Mumbai,84669
8260,Hritik Dua,"Doctor, Dass and Bedi",Email Marketing,Kolkata,47437
8261,Sarthak Kothari,"Natt, Mannan and Goda",Social Media Marketing,Ahmedabad,219169
8262,Logan Tella,Dass Ltd,SEO,Bangalore,234113
8263,Jai Pillai,Sastry-Pau,Google Ads,Ahmedabad,93159
8264,Zarna Kota,"Gaba, Oza and Sagar",AI Chatbot Development,Ahmedabad,35982
8265,Manbir Buch,Sankaran-Anand,Email Marketing,Jaipur,175363
8266,Barkha Dash,"Badami, Virk and Bhavsar",Email Marketing,Mumbai,241039
8267,Robert Nagy,Rana LLC,Content Marketing,Jaipur,88724
8268,Turvi Viswanathan,"Dubey, Dash and Chada",Website Development,Pune,52971
8269,Ikshita Nagi,Madan Inc,Social Media Marketing,Pune,34246
8270,Omya Modi,Roy-Aurora,Google Ads,Pune,124358
8271,Amol Purohit,Kakar Ltd,SEO,Delhi,251325
8272,Yachana Chada,Bhavsar-Kakar,Website Development,Delhi,241857
8273,Sachi Zachariah,Mahal Inc,Email Marketing,Delhi,185692
8274,Anjali Sinha,Sodhi Inc,Content Marketing,Jaipur,201855
8275,Brinda Madan,Tak Ltd,Email Marketing,Jaipur,215779
8276,Harshil Venkatesh,Zacharia Group,Meta Ads,Mumbai,154039
8277,Sneha Kashyap,"Mukhopadhyay, Bajwa and Shetty",AI Chatbot Development,Delhi,129675
8278,Hema Wadhwa,"Basak, Varkey and Bir",Website Development,Pune,181266
8279,Chandresh Vasa,"Dalal, Tripathi and Raghavan",Email Marketing,Hyderabad,49682
8280,Laksh Taneja,Choudhry-Narayanan,Content Marketing,Hyderabad,211557
8281,Barkha Talwar,"Varma, Muni and Mutti",Website Development,Delhi,187706
8282,Hamsini Shukla,Narayan and Sons,Email Marketing,Jaipur,187414
8283,Indali Shanker,Banerjee-Kaul,Email Marketing,Delhi,61917
8284,Lakshmi Kata,"Randhawa, Anand and Sachdev",Content Marketing,Ahmedabad,177466
8285,Nakul Kunda,"Gade, Padmanabhan and Contractor",Content Marketing,Bangalore,245278
8286,Tara Pillai,Sridhar Ltd,Social Media Marketing,Ahmedabad,84516
8287,Sarthak Khalsa,"Parmer, Kakar and Varughese",Website Development,Bangalore,188961
8288,Sai Jain,"Chad, Doctor and Pillai",Email Marketing,Hyderabad,261175
8289,Avni Sarin,"Taneja, Gole and Narasimhan",Content Marketing,Jaipur,216217
8290,Ikbal Contractor,"Venkatesh, Kibe and Misra",Email Marketing,Jaipur,117378
8291,Nathaniel Mane,Devi Group,Website Development,Kolkata,268537
8292,Samuel Dua,Vig Ltd,Google Ads,Hyderabad,148115
8293,Irya Bhatnagar,Balay Inc,SEO,Delhi,117312
8294,Urishilla Sunder,Deo-Chandra,Meta Ads,Jaipur,208681
8295,Devansh Agate,Khare and Sons,Content Marketing,Kolkata,146822
8296,Yadavi Vasa,"Palla, Das and Bhattacharyya",Website Development,Bangalore,95317
8297,Veda Dewan,"Bal, Dasgupta and Subramanian",Email Marketing,Bangalore,89867
8298,Aarnav Dada,Choudhury-Kurian,Website Development,Ahmedabad,171569
8299,Warda Gupta,Swamy PLC,AI Chatbot Development,Jaipur,117540
8300,Bhavani Jha,Bir-Sahni,Meta Ads,Pune,145867
8301,Chaaya Minhas,Arya-Suresh,Meta Ads,Ahmedabad,261271
8302,Warhi Saraf,Dixit-Sinha,Content Marketing,Mumbai,155416
8303,Watika Palan,"Mann, Kara and Dhawan",Meta Ads,Kolkata,268196
8304,Ranveer Gandhi,"Baral, Ghose and Bobal",Website Development,Mumbai,137353
8305,Indrajit Pai,"Subramanian, Deol and Srivastava",Social Media Marketing,Mumbai,44502
8306,Ronith Halder,Palan PLC,Meta Ads,Bangalore,115609
8307,Mohini Ratta,Saran Ltd,SEO,Delhi,151786
8308,Fitan Kunda,Nayak-Goswami,SEO,Delhi,241920
8309,Mason Kapoor,Bera-Sha,Website Development,Bangalore,111848
8310,Darpan Maharaj,Narayan Group,AI Chatbot Development,Hyderabad,92509
8311,Joshua Bath,Nagarajan-Krishnan,Website Development,Hyderabad,279335
8312,Banjeet Bandi,Arora-Shanker,Google Ads,Mumbai,24767
8313,Udarsh Luthra,"Mukherjee, Bobal and Kunda",Email Marketing,Pune,188339
8314,Praneel Kannan,Jha LLC,Google Ads,Pune,160891
8315,Chakradhar Bath,Ganguly-Issac,Social Media Marketing,Mumbai,223950
8316,Madhavi Buch,"Rastogi, Yadav and Bala",SEO,Kolkata,189663
8317,Akshay Pandya,"Mani, Dua and Vaidya",Content Marketing,Delhi,125769
8318,Anthony Shetty,"Tak, Kulkarni and Nayar",Website Development,Delhi,35442
8319,Reyansh Saraf,"Kakar, Golla and Dasgupta",SEO,Ahmedabad,169079
8320,Elijah Sami,Sandal-Bumb,Website Development,Bangalore,101120
8321,Brijesh Upadhyay,Ramanathan-Dave,Meta Ads,Ahmedabad,98930
8322,Aditya Prabhakar,"Mammen, Vora and Saran",Meta Ads,Kolkata,255615
8323,Bina More,Sabharwal Group,Email Marketing,Kolkata,134475
8324,Advaith Barad,Toor-Rana,Website Development,Delhi,237143
8325,Arya Gulati,Mohan-Sen,SEO,Ahmedabad,230663
8326,Ekansh Trivedi,Dash PLC,AI Chatbot Development,Kolkata,34825
8327,Indrajit Minhas,"Mangat, Wagle and Memon",Email Marketing,Jaipur,128703
8328,Jasmit Madan,"Sachdev, Dasgupta and Mallick",Social Media Marketing,Jaipur,144801
8329,Harini Shankar,Dash PLC,Content Marketing,Jaipur,195666
8330,Ojas Comar,Kalla Group,Social Media Marketing,Mumbai,283938
8331,Lucky Malhotra,Shukla-Dalal,AI Chatbot Development,Mumbai,170818
8332,Aashi Pillai,Rao-Sarin,Google Ads,Jaipur,267944
8333,Faris Bahl,Palla-Nagi,AI Chatbot Development,Jaipur,89350
8334,Brijesh Kaur,Rout-Kumer,Email Marketing,Hyderabad,29700
8335,Hemangini Choudhury,Vasa PLC,Content Marketing,Kolkata,212321
8336,Jagat Soman,Devan-Mohanty,Meta Ads,Ahmedabad,257734
8337,Damyanti Seth,Ramachandran-Hegde,Content Marketing,Mumbai,214642
8338,Viraj Choudhry,"Randhawa, Deo and Upadhyay",SEO,Ahmedabad,103834
8339,Eesha Loyal,Tella-Vora,SEO,Jaipur,148508
8340,Chaitaly Kashyap,"Pal, Singh and Dugar",Content Marketing,Bangalore,286525
8341,Nitesh Kulkarni,Biswas and Sons,Social Media Marketing,Ahmedabad,157558
8342,Jonathan Sachdeva,Jani-Pingle,Content Marketing,Delhi,168229
8343,Darsh Kapoor,"Grover, Sur and Parmar",Email Marketing,Hyderabad,185182
8344,Krishna Koshy,Bali-Mohan,Email Marketing,Bangalore,74781
8345,Gaurang Patil,"Parmer, Aggarwal and Mander",Website Development,Kolkata,165645
8346,Daksha Chanda,Chhabra Group,Google Ads,Hyderabad,285334
8347,Ishani Banerjee,"Sarma, Korpal and Gara",Content Marketing,Jaipur,185147
8348,Yauvani Buch,Dayal Inc,Social Media Marketing,Jaipur,167899
8349,Laksh Ramachandran,"Gupta, Dhaliwal and Mandal",Website Development,Mumbai,238599
8350,Sara Chaudhry,Yohannan Group,Content Marketing,Hyderabad,133496
8351,Janya Gill,"Sawhney, Sahni and Mistry",Meta Ads,Mumbai,136618
8352,Kritika Narula,Sharma-Shan,AI Chatbot Development,Ahmedabad,73178
8353,Yuvraj Hayre,Shenoy Inc,Meta Ads,Delhi,102286
8354,Jacob Mangat,Chawla-Kannan,Google Ads,Delhi,192776
8355,Aarini Bora,Pal and Sons,AI Chatbot Development,Pune,139526
8356,Aachal Dara,Thaman PLC,AI Chatbot Development,Jaipur,22141
8357,Harish Keer,"Tank, Pant and Naik",Google Ads,Mumbai,256155
8358,Dhriti Brar,Khatri-Nagy,Content Marketing,Mumbai,92074
8359,Ucchal Bora,"Bir, Gade and Patel",Website Development,Hyderabad,280942
8360,Advika Yohannan,"Munshi, Choudhary and Joshi",AI Chatbot Development,Mumbai,104733
8361,Michael Sachdev,"Warrior, Narasimhan and Dua",Social Media Marketing,Ahmedabad,261746
8362,Upasna Kala,"Sampath, Subramaniam and Kohli",Email Marketing,Delhi,289165
8363,Netra Buch,Saran and Sons,Meta Ads,Mumbai,127494
8364,Udyati Kapadia,"Shah, Buch and Om",Email Marketing,Kolkata,50308
8365,Chaitaly Talwar,Sibal-Mutti,Social Media Marketing,Hyderabad,55333
8366,Daniel Uppal,Nigam-Srinivas,Content Marketing,Jaipur,221546
8367,Anamika Kar,Shetty LLC,Google Ads,Bangalore,153912
8368,Urmi Chatterjee,Raja-Puri,Social Media Marketing,Ahmedabad,180404
8369,Hemangini Samra,"Chaudhuri, Jain and Pillai",Email Marketing,Hyderabad,225214
8370,Chasmum Parmar,Tella LLC,SEO,Pune,290172
8371,Arjun Gandhi,Banerjee-Vaidya,Content Marketing,Kolkata,161211
8372,Fitan Arya,"Sharma, Mody and Zacharia",Content Marketing,Bangalore,146585
8373,Anita Majumdar,"Karnik, Balasubramanian and Bawa",SEO,Kolkata,100827
8374,Bhavika Basak,Grover-Brahmbhatt,Website Development,Ahmedabad,82563
8375,Dipta D’Alia,"Rajagopalan, Bora and Mangal",SEO,Jaipur,93771
8376,Vedika Mistry,Ghosh-Rana,Content Marketing,Delhi,221426
8377,Balveer Dutta,"Kota, Dave and Palan",Content Marketing,Mumbai,23884
8378,Chasmum Zacharia,Deshmukh-Konda,Google Ads,Ahmedabad,189162
8379,Harini Tella,"Sarkar, Hans and Chana",Social Media Marketing,Pune,255729
8380,Harrison Andra,Prasad-Peri,Content Marketing,Hyderabad,193300
8381,Pranav Doctor,"Ravel, Dhingra and Hans",Email Marketing,Ahmedabad,189069
8382,Fiyaz Rau,"Devan, Wadhwa and Rajan",Social Media Marketing,Pune,278753
8383,Ronith Kanda,"Ravi, Minhas and Din",Social Media Marketing,Delhi,110255
8384,Yash Das,"Malhotra, Nayar and Mani",AI Chatbot Development,Kolkata,245943
8385,Xalak De,Chanda-Kibe,AI Chatbot Development,Jaipur,23590
8386,Henry Bhandari,Soni PLC,SEO,Ahmedabad,294608
8387,Kavya Mitra,Malhotra Ltd,Email Marketing,Pune,293164
8388,Yauvani Doctor,Murthy LLC,Content Marketing,Mumbai,172657
8389,Falak Madan,Sen-Master,SEO,Pune,57377
8390,Upkaar Shankar,Pandit-Ram,Content Marketing,Ahmedabad,205021
8391,Pallavi Shenoy,Barad-Mane,AI Chatbot Development,Pune,75842
8392,Ekanta Buch,Gara-Korpal,Meta Ads,Mumbai,154578
8393,Megha Sha,Chaudhry-Chowdhury,AI Chatbot Development,Hyderabad,56024
8394,Pallavi Barman,Chakraborty-Kunda,Email Marketing,Hyderabad,22589
8395,Lipika Master,Issac Group,Meta Ads,Bangalore,125691
8396,Adweta Bora,Pradhan Group,Content Marketing,Ahmedabad,28906
8397,Yamini Dada,Bhardwaj Group,Website Development,Pune,266390
8398,Anita Bali,"Prakash, Dash and Dutta",SEO,Delhi,257311
8399,Wahab Bajwa,Parsa and Sons,SEO,Bangalore,234019
8400,Maanas Shanker,Banerjee-Bansal,Website Development,Jaipur,176394
8401,Bimala Dash,"Zacharia, Soni and Seth",AI Chatbot Development,Mumbai,131233
8402,Urvashi Narain,Bhandari-Morar,Content Marketing,Jaipur,110889
8403,Nidhi Gupta,Prakash-Upadhyay,SEO,Pune,45433
8404,Dakshesh Nath,Goyal-Bora,Website Development,Jaipur,165740
8405,Vasana Vyas,Shankar Inc,Google Ads,Bangalore,161093
8406,Upkaar Dhillon,Narang-Mitter,SEO,Ahmedabad,54714
8407,Amruta Chand,Jaggi Ltd,Email Marketing,Kolkata,275317
8408,Lucky Tandon,Hayer-Srinivas,Meta Ads,Hyderabad,196493
8409,Ekavir Mohanty,Memon Group,Meta Ads,Hyderabad,77417
8410,Gayathri Lad,Nadig-Majumdar,Website Development,Pune,224074
8411,Lucky Bora,"Kalita, Yohannan and Ghose",AI Chatbot Development,Jaipur,176669
8412,Ganga Ravel,Seshadri PLC,Social Media Marketing,Jaipur,263289
8413,Osha Lall,Dubey-Roy,Website Development,Pune,217992
8414,Rajata Barad,Ahuja-Walla,Email Marketing,Hyderabad,287092
8415,Raagini Deol,"Pradhan, Banerjee and Lanka",SEO,Pune,281234
8416,Ishita Balakrishnan,"Dugar, Sharma and Dhawan",Website Development,Hyderabad,29876
8417,Aarav Sidhu,"Barman, Shukla and Balakrishnan",Social Media Marketing,Jaipur,93586
8418,Zehaan Malhotra,Yadav-Jha,Content Marketing,Jaipur,108387
8419,Imaran Krishna,"Dara, Kalla and Varkey",AI Chatbot Development,Hyderabad,97143
8420,Darsh Borde,"Chandra, Bhat and Vyas",SEO,Bangalore,67198
8421,Darika Ahluwalia,Chakrabarti Group,Social Media Marketing,Mumbai,194128
8422,Ishanvi Pall,Gopal-Sawhney,AI Chatbot Development,Jaipur,265704
8423,Luke Char,Mani PLC,Website Development,Hyderabad,100512
8424,Yashasvi Dubey,Buch Group,SEO,Bangalore,70525
8425,Qasim Thakkar,"Ratta, Narang and Sachdeva",Email Marketing,Kolkata,267026
8426,Anthony Rajan,Andra-Khare,AI Chatbot Development,Ahmedabad,261317
8427,Yash Maharaj,Dugar and Sons,Social Media Marketing,Pune,79600
8428,Frederick Sibal,Jayaraman LLC,AI Chatbot Development,Delhi,289214
8429,Reyansh Raju,Bhandari-Kannan,Content Marketing,Hyderabad,294035
8430,Manya Tailor,"Kalla, Menon and Dave",Meta Ads,Bangalore,21936
8431,Vrishti Dasgupta,Memon Ltd,Meta Ads,Pune,292629
8432,Balhaar Chander,Dhaliwal Ltd,Content Marketing,Hyderabad,75585
8433,Vasatika Tara,Tara Ltd,Content Marketing,Mumbai,148289
8434,Udyati Datta,"Dugar, Devan and Sen",Website Development,Mumbai,245109
8435,Divya Mani,"Chaudhary, Ramesh and Rama",SEO,Pune,217522
8436,Banjeet Kunda,"Reddy, Trivedi and Balan",AI Chatbot Development,Mumbai,260777
8437,Rudra Venkataraman,Guha-Bhargava,Content Marketing,Kolkata,173372
8438,Champak Bhandari,"Desai, Shankar and Narasimhan",Website Development,Delhi,252496
8439,Dhriti Chandra,Bhat and Sons,Website Development,Jaipur,221299
8440,Upadhriti Bal,Pandit-Varma,Content Marketing,Mumbai,132007
8441,Harshil Bali,"Sheth, Muni and Chhabra",Google Ads,Pune,68377
8442,Vivaan Srinivas,"Sahota, Rana and Badal",Google Ads,Kolkata,282486
8443,Damyanti Venkataraman,Bora-Kota,Meta Ads,Hyderabad,96903
8444,Radha Kaul,"Datta, Nadig and Jaggi",Content Marketing,Pune,198198
8445,Lopa Thakkar,Kant Ltd,AI Chatbot Development,Ahmedabad,32270
8446,Tristan Nadkarni,Amble Inc,Content Marketing,Mumbai,143504
8447,Yachana Rama,Jaggi-Dhawan,Meta Ads,Kolkata,95713
8448,Faraj Sule,"Ramesh, Soni and Ahluwalia",Website Development,Kolkata,82414
8449,Bhavani Mody,"Bala, Kala and Mohan",Email Marketing,Jaipur,99431
8450,Pahal Ram,"Gade, Anne and Nigam",Meta Ads,Bangalore,267215
8451,Samesh Mutti,Venkatesh-Jani,SEO,Jaipur,244611
8452,Urvi Prabhu,Wali Inc,Social Media Marketing,Hyderabad,254892
8453,Anirudh Raval,"Bajwa, Dua and Chaudhuri",SEO,Hyderabad,264326
8454,Ayush Gulati,Ganesan LLC,Email Marketing,Pune,156047
8455,Saumya Morar,Sethi-Vig,Google Ads,Kolkata,240578
8456,Saksham Memon,Subramanian Ltd,Email Marketing,Pune,184560
8457,Isaiah Barman,Sinha-Karnik,Website Development,Delhi,40862
8458,Dhruv Kulkarni,Devi Ltd,Email Marketing,Bangalore,262624
8459,Omisha Roy,Lall-Bal,Google Ads,Pune,53974
8460,Omaja Mandal,Behl LLC,Social Media Marketing,Kolkata,50449
8461,Kevin Chanda,Balasubramanian-Saha,AI Chatbot Development,Pune,287349
8462,Adweta Dasgupta,"Chawla, Hayer and Dutta",Content Marketing,Mumbai,232329
8463,Aadi Tailor,Wali Ltd,Website Development,Hyderabad,288292
8464,Charvi Barad,Ahuja-Sandhu,Email Marketing,Ahmedabad,127669
8465,Aarnav Bath,Rajagopalan PLC,SEO,Mumbai,28857
8466,Upasna Ghosh,Sami-Chopra,Email Marketing,Ahmedabad,61562
8467,Jonathan Borde,Choudhury-Sekhon,Meta Ads,Bangalore,229268
8468,Pranav Vig,Padmanabhan-Ramesh,Google Ads,Mumbai,80039
8469,Warinder Thakur,"Patil, Sahni and Yogi",SEO,Pune,66250
8470,Vaishnavi Master,Deo PLC,Google Ads,Mumbai,294199
8471,Samesh Lal,Deo-Kala,Content Marketing,Delhi,287776
8472,Adweta Krishnamurthy,Goswami-Ramesh,Meta Ads,Jaipur,276090
8473,Reva Halder,Joshi-Gala,SEO,Ahmedabad,223436
8474,Pooja Biswas,"Chaudhry, Chandra and Pau",SEO,Delhi,44681
8475,Ojas Kale,Kade LLC,Email Marketing,Mumbai,135052
8476,Jason Chad,Sur-Gokhale,Email Marketing,Mumbai,95486
8477,Amrita Char,"Dar, Bassi and Samra",Content Marketing,Bangalore,137390
8478,Wazir Magar,"Chakraborty, Kapoor and Karan",AI Chatbot Development,Ahmedabad,179272
8479,Ojas Sen,Goel-Anne,Email Marketing,Jaipur,147197
8480,Ekantika Thakkar,"Kumer, Mitra and Lata",Social Media Marketing,Jaipur,240580
8481,Neel Tandon,Deshmukh and Sons,Email Marketing,Pune,261299
8482,Anvi Sethi,"Nagy, Dixit and Varkey",Content Marketing,Bangalore,120143
8483,Ishwar Devan,"Tak, Keer and Kadakia",Social Media Marketing,Pune,253880
8484,Parth Jha,Balasubramanian Ltd,SEO,Kolkata,251871
8485,Jacob Mand,"Muni, Korpal and Kunda",Website Development,Delhi,109552
8486,Hema Gole,"Narayan, Chawla and Vohra",Website Development,Delhi,189295
8487,Aashi Som,Bala-Dada,Social Media Marketing,Pune,42391
8488,Falak Bakshi,Lala Inc,Social Media Marketing,Kolkata,37162
8489,Meghana Khanna,"Manda, Wali and Thaker",Social Media Marketing,Mumbai,69080
8490,Zinal Balasubramanian,"Yohannan, Gulati and Srinivasan",Email Marketing,Bangalore,290835
8491,Nisha Patla,Bora LLC,AI Chatbot Development,Hyderabad,158101
8492,Dhruv Trivedi,Mahajan LLC,SEO,Hyderabad,212751
8493,Mason Chander,Ramaswamy Ltd,Website Development,Delhi,60029
8494,Vamakshi Kaul,Ramakrishnan PLC,AI Chatbot Development,Delhi,181778
8495,Vasana Mammen,Pandey-Chowdhury,Email Marketing,Jaipur,73688
8496,Vedika Ratta,Chopra and Sons,Meta Ads,Bangalore,189189
8497,Onveer Chacko,Prashad-Goyal,SEO,Bangalore,230027
8498,Logan Varma,"Deshpande, Manne and Kuruvilla",Email Marketing,Delhi,190026
8499,Jeet Kade,"Nanda, Buch and Bora",Content Marketing,Delhi,39647
8500,Atharv Dutta,Kalita-Rattan,Email Marketing,Kolkata,254046
8501,Tanvi Dara,Sahni-Varghese,SEO,Mumbai,141698
8502,Qarin Dutt,"Tara, Krish and Mital",AI Chatbot Development,Hyderabad,207254
8503,Aarav Korpal,Goyal-Setty,Content Marketing,Hyderabad,158099
8504,Nikita Ahluwalia,Dalal PLC,Content Marketing,Kolkata,173849
8505,Meghana Ravel,"Wali, Deol and Ramanathan",SEO,Bangalore,241909
8506,Barkha Ramanathan,"Ramachandran, Bains and Bava",Content Marketing,Hyderabad,31350
8507,Karan Magar,"Krishnamurthy, Nath and Toor",Google Ads,Ahmedabad,134257
8508,Ryan Biswas,"Khatri, Raman and Das",Meta Ads,Pune,271535
8509,Hredhaan Hayre,"Hans, Sem and Verma",Website Development,Kolkata,285306
8510,Sathvik Padmanabhan,Bawa-Prasad,Website Development,Delhi,206157
8511,Pahal Sandhu,Brar-Krishnan,Email Marketing,Pune,257505
8512,Warda Thakkar,"De, Goel and Keer",Meta Ads,Mumbai,250257
8513,Frederick Hayer,"Nadig, Edwin and Thakur",Website Development,Delhi,286885
8514,Fiyaz Borra,Dayal-Luthra,Content Marketing,Bangalore,39789
8515,Sanaya Baria,"Dey, Tara and Krishnan",Meta Ads,Delhi,193763
8516,Chaaya Nagi,Thakkar-Chaudhari,Social Media Marketing,Hyderabad,105814
8517,Yamini Balan,Dhawan-Walia,Website Development,Bangalore,111776
8518,Dhruv Bhandari,Warrior-Kurian,AI Chatbot Development,Delhi,217087
8519,Alexander Date,Borde Ltd,Social Media Marketing,Delhi,201906
8520,Abeer Sule,"Mand, Loyal and Suri",AI Chatbot Development,Bangalore,246943
8521,Arin Mammen,Subramanian LLC,Content Marketing,Jaipur,264613
8522,Oviya Mannan,Mitra PLC,Website Development,Hyderabad,172901
8523,Hitesh Padmanabhan,Bali-Jha,Content Marketing,Kolkata,153487
8524,Kala Modi,Barman and Sons,Content Marketing,Mumbai,84137
8525,Amol Shroff,"Mitter, Mahajan and Halder",Social Media Marketing,Pune,168601
8526,Harish Nath,"Hayer, Barad and Lad",Google Ads,Kolkata,160370
8527,Yuvraj Srinivasan,"Kumer, Sawhney and Morar",Google Ads,Ahmedabad,53366
8528,Omisha Rai,Kumer-Garde,Email Marketing,Jaipur,196512
8529,Reyansh Dugar,Muni-Ganesan,SEO,Mumbai,106814
8530,Samaksh Nayar,Puri-Pandit,Google Ads,Delhi,232068
8531,Dhriti Lalla,"Murty, Keer and Sengupta",Google Ads,Hyderabad,71842
8532,Vidhi Balay,"Chadha, Om and Nadkarni",Website Development,Hyderabad,163370
8533,Ojas Chana,Kala PLC,Email Marketing,Ahmedabad,50709
8534,Ekalinga Vig,Wali PLC,AI Chatbot Development,Bangalore,275251
8535,Jai Tandon,Bal Group,Email Marketing,Hyderabad,33542
8536,Arin Dugar,Bakshi-Dara,Meta Ads,Mumbai,232372
8537,Zayyan Kant,Bala Ltd,AI Chatbot Development,Bangalore,125529
8538,Jalsa Hayer,Parikh Group,SEO,Mumbai,242692
8539,Aishani Sahni,Lalla-Sawhney,Social Media Marketing,Jaipur,221573
8540,Nirja Iyengar,Raghavan-Karnik,Meta Ads,Delhi,118884
8541,Kritika Nagarajan,"Goswami, Bobal and Sabharwal",Content Marketing,Ahmedabad,257198
8542,Chakradhar Acharya,"Mutti, Doctor and Raju",Email Marketing,Delhi,217946
8543,Manthan Nagar,Kumer PLC,Content Marketing,Ahmedabad,248331
8544,Radha Keer,"Saxena, Mammen and Sanghvi",Google Ads,Jaipur,93164
8545,Keya Buch,"Uppal, Mander and Shankar",Social Media Marketing,Ahmedabad,146096
8546,Xavier Som,"Kala, Kadakia and Batta",AI Chatbot Development,Mumbai,36814
8547,Yash Talwar,Gokhale-Magar,Meta Ads,Mumbai,90065
8548,Gavin Badal,Walla-Ranganathan,Website Development,Hyderabad,40771
8549,Aarini Pingle,Buch-Issac,Google Ads,Bangalore,249490
8550,Charan Kibe,"Ram, Butala and Kothari",Content Marketing,Bangalore,240712
8551,Udyati Verma,"Zacharia, Mitter and D’Alia",Email Marketing,Pune,28464
8552,Oscar Badami,"Naik, Nadig and Brar",Google Ads,Kolkata,257156
8553,Girindra Om,Mitra-Ramachandran,Google Ads,Pune,98496
8554,Zayyan Dar,"Kala, Chana and Guha",AI Chatbot Development,Hyderabad,231605
8555,Tanish Khanna,"Dyal, Brahmbhatt and Bal",Google Ads,Hyderabad,174017
8556,Rachita Setty,Divan-Gade,SEO,Mumbai,130776
8557,Timothy Sampath,"Dar, Butala and Malhotra",Website Development,Pune,52855
8558,Gautami Mukhopadhyay,"Subramaniam, Grover and Raval",Email Marketing,Hyderabad,227331
8559,Ekapad Menon,Raghavan Inc,Social Media Marketing,Ahmedabad,181045
8560,Jai Sankar,Goyal-Sant,Meta Ads,Ahmedabad,47549
8561,Joshua Karnik,"Srinivas, Wadhwa and Kakar",Google Ads,Ahmedabad,149149
8562,Omkaar Dutt,"Ramachandran, Chokshi and Pai",Email Marketing,Mumbai,219024
8563,Girindra Ramanathan,Kant-Grewal,Website Development,Delhi,207015
8564,Vedhika Grover,"Deol, Rout and Sha",Content Marketing,Pune,206654
8565,Lakshmi Yadav,Dhillon Group,Meta Ads,Mumbai,274786
8566,Chandani Mukherjee,Grover Group,Email Marketing,Ahmedabad,157734
8567,Balendra Dora,Muni-Goswami,Google Ads,Hyderabad,43583
8568,Warhi Ramakrishnan,Bera Group,SEO,Bangalore,189542
8569,Gaurangi Suri,"Chokshi, Muni and Deo",SEO,Mumbai,195386
8570,Chanakya Ahuja,Borah and Sons,Social Media Marketing,Delhi,129201
8571,Chaman Mukherjee,Taneja-Das,AI Chatbot Development,Hyderabad,154122
8572,Ekanta Kalla,Sachar LLC,Content Marketing,Kolkata,93757
8573,Gautami Dugal,"Barman, Bobal and Prabhu",Meta Ads,Bangalore,20416
8574,Amol Raja,Rastogi-Khare,AI Chatbot Development,Kolkata,146458
8575,Eshana Khatri,"Dass, Sampath and Reddy",Website Development,Delhi,152482
8576,Jalsa Deshmukh,Narayan and Sons,Social Media Marketing,Hyderabad,218165
8577,Dipta Bava,"Manne, Agrawal and Shroff",Google Ads,Pune,272812
8578,Arunima Rana,"Ramanathan, Prabhu and Peri",AI Chatbot Development,Bangalore,98022
8579,Yashvi Yohannan,Kumar Inc,Social Media Marketing,Delhi,80008
8580,Chaman Pillay,Tella-Dixit,AI Chatbot Development,Kolkata,295766
8581,Avni Ghose,Sanghvi-Sengupta,Email Marketing,Pune,132017
8582,Aachal Kashyap,Pradhan Ltd,Google Ads,Mumbai,24234
8583,Farhan Hayre,Iyer-Bail,AI Chatbot Development,Jaipur,188941
8584,Dev Chakraborty,Bala LLC,AI Chatbot Development,Bangalore,251112
8585,Ganga Joshi,Dhar LLC,Email Marketing,Ahmedabad,242783
8586,Udant Sheth,"Sarna, Wagle and Bala",Google Ads,Bangalore,47141
8587,Amol Dutta,Sha Group,Social Media Marketing,Jaipur,51339
8588,Hemani Barad,"Pingle, Ram and Hegde",Google Ads,Kolkata,147511
8589,Omya Sheth,Deshmukh-Cherian,Google Ads,Hyderabad,128071
8590,Owen Krishnamurthy,Shan-Narayan,Google Ads,Pune,68286
8591,Rachit Aggarwal,Kala PLC,Google Ads,Hyderabad,139978
8592,Tarak Rama,Sankar and Sons,Content Marketing,Kolkata,236296
8593,Samesh Bhargava,Sandal and Sons,Meta Ads,Delhi,27750
8594,Omisha Vohra,"Joshi, Lal and Mann",Email Marketing,Delhi,259131
8595,Parth Talwar,"Sachdeva, Agate and Divan",Google Ads,Jaipur,232540
8596,Kabir Shah,Nigam-Shere,Social Media Marketing,Ahmedabad,177911
8597,Robert Sastry,"Bhardwaj, Borde and Dash",Meta Ads,Pune,258100
8598,Oviya Uppal,Brar PLC,SEO,Ahmedabad,21205
8599,Krisha Bora,Devi-Dasgupta,Meta Ads,Ahmedabad,123768
8600,Ekaja Nair,"Bhavsar, Malhotra and Karnik",Website Development,Delhi,215185
8601,Yauvani Rastogi,Bora and Sons,AI Chatbot Development,Mumbai,122852
8602,Mohini Sachdev,"Batra, Aggarwal and Ramaswamy",SEO,Ahmedabad,37427
8603,Faris Rajagopal,"Kulkarni, Butala and Tak",SEO,Mumbai,122360
8604,Kavya Murthy,D’Alia and Sons,SEO,Mumbai,283298
8605,Zinal Tiwari,Merchant-Shukla,Content Marketing,Pune,195708
8606,Zashil Raman,"Khalsa, Dave and Das",SEO,Pune,92407
8607,Ishwar Grewal,"Vora, Bhargava and Bhat",Meta Ads,Hyderabad,70109
8608,Radha Babu,"Kadakia, Soman and Sahni",Google Ads,Hyderabad,100427
8609,Pranav Chana,"Natt, Dugar and Vasa",SEO,Ahmedabad,234359
8610,Rohan Mitter,"Ravel, Sankar and Shetty",Email Marketing,Jaipur,74052
8611,Daniel Bhargava,"Thaman, Zacharia and Setty",Social Media Marketing,Delhi,154267
8612,Priya Mitter,"Vaidya, Hayre and Wali",Social Media Marketing,Mumbai,30010
8613,Indira Apte,Wali LLC,Google Ads,Ahmedabad,242515
8614,Agastya Tata,Tailor-Narasimhan,Website Development,Bangalore,292266
8615,Waida Rout,Dyal-Walia,Meta Ads,Mumbai,91137
8616,Yashodhara Memon,Vyas LLC,Meta Ads,Hyderabad,39586
8617,Arunima Iyengar,"Mohan, Kata and Ramaswamy",SEO,Pune,141691
8618,Megha Khanna,"Menon, Ahuja and Mohanty",Meta Ads,Mumbai,112327
8619,Jackson Trivedi,Tank and Sons,SEO,Pune,218065
8620,Ganga Mishra,Sandhu PLC,Meta Ads,Jaipur,70124
8621,Jatin Chacko,Shan Inc,SEO,Delhi,79701
8622,Harini Grewal,"Saha, Subramanian and Raj",Website Development,Hyderabad,180823
8623,Mohammed Ramakrishnan,"Hayer, Oommen and Bal",Website Development,Bangalore,72968
8624,Yug Sura,Solanki-Vig,Website Development,Bangalore,111388
8625,Maanav Thakkar,Peri and Sons,Social Media Marketing,Mumbai,291069
8626,Yashvi Sampath,"Ganguly, Kalla and Yadav",Content Marketing,Delhi,132552
8627,Jagvi Ahluwalia,Bhat LLC,Meta Ads,Bangalore,153254
8628,Ishaan Dhillon,Narain-Dutta,Social Media Marketing,Ahmedabad,168535
8629,Chakradhar Dada,"Pillay, Dhillon and Dugar",Social Media Marketing,Mumbai,133549
8630,Neelima Mital,Kala LLC,AI Chatbot Development,Mumbai,282457
8631,Eesha Rau,Sehgal and Sons,Content Marketing,Hyderabad,176211
8632,Yatan Mangat,"Shenoy, Kalla and Pillai",Email Marketing,Ahmedabad,22609
8633,Girik Varughese,"Aggarwal, Srinivasan and Mishra",Meta Ads,Hyderabad,288434
8634,Baghyawati Chatterjee,Nadig Group,Content Marketing,Ahmedabad,121358
8635,Henry Dixit,"Wali, Ghose and Devi",AI Chatbot Development,Mumbai,48578
8636,Vasatika Doshi,Bakshi-Dhar,Social Media Marketing,Bangalore,249253
8637,Yatan Bedi,Seshadri LLC,Email Marketing,Kolkata,147141
8638,Atharv Bala,Bhagat LLC,AI Chatbot Development,Pune,112980
8639,Zayyan Krishnamurthy,Gour Inc,Email Marketing,Bangalore,206757
8640,Oni Basak,Gour Ltd,Content Marketing,Delhi,195431
8641,Raghav Chahal,"Balay, Buch and Kara",Meta Ads,Ahmedabad,231961
8642,Varenya Raghavan,Agrawal and Sons,Social Media Marketing,Pune,54779
8643,Faraj Atwal,Baral LLC,AI Chatbot Development,Kolkata,224517
8644,Vinaya Om,Krish Group,Meta Ads,Pune,149125
8645,Anya Joshi,Kothari-Dua,SEO,Ahmedabad,238360
8646,Chameli Chana,Walia Inc,AI Chatbot Development,Delhi,159775
8647,Dakshesh Patil,Chandran-Barad,Email Marketing,Pune,134911
8648,Idika Dash,"Narain, Talwar and Loyal",Website Development,Ahmedabad,214442
8649,Wridesh Ray,"Edwin, Bhat and Deshmukh",Meta Ads,Hyderabad,251489
8650,Naksh Sathe,"Pall, Guha and Saran",AI Chatbot Development,Ahmedabad,247699
8651,Teerth Mukherjee,"Krishnamurthy, Saxena and Vala",Social Media Marketing,Bangalore,197242
8652,Laban Zachariah,Manne-Dey,Website Development,Ahmedabad,86732
8653,Yoshita Karpe,Narasimhan-Bandi,Social Media Marketing,Bangalore,100790
8654,Girindra Bhavsar,"Ganesh, Basu and Khurana",AI Chatbot Development,Bangalore,223558
8655,Devika Narayan,Korpal Group,Email Marketing,Mumbai,176138
8656,Ijaya Chander,"Saran, Mitra and Mannan",Google Ads,Pune,268942
8657,Chakradev Ravi,"Shankar, Kamdar and Tara",Google Ads,Mumbai,259949
8658,Nakul Sur,Oommen and Sons,Content Marketing,Bangalore,137757
8659,Ishwar Kaul,Dyal-Sheth,Social Media Marketing,Hyderabad,131412
8660,Brijesh Bali,"Lall, Tak and Pandit",AI Chatbot Development,Ahmedabad,192240
8661,Frederick Seth,Batta-Tailor,Content Marketing,Bangalore,33701
8662,Elijah Gade,Nayar-Chandran,Content Marketing,Delhi,226200
8663,Ranveer Nayar,Bali Group,Meta Ads,Hyderabad,266619
8664,Christopher Nazareth,Hayer Ltd,Website Development,Delhi,237726
8665,Riya Kapoor,Parekh-Butala,Google Ads,Pune,137756
8666,Ekbal Goyal,Chakrabarti-Som,Google Ads,Delhi,226386
8667,Tamanna Mann,"Agrawal, Mann and Dugar",Website Development,Kolkata,66338
8668,Advika Sankar,Dave and Sons,SEO,Bangalore,32122
8669,Vincent Kadakia,Johal-Soni,Email Marketing,Bangalore,268504
8670,Hemangini Swamy,Ghosh-Arya,Meta Ads,Ahmedabad,50896
8671,Krish Joshi,Edwin-Zachariah,Email Marketing,Mumbai,22132
8672,Pooja Batra,"Deol, Badami and Thakur",Google Ads,Hyderabad,242094
8673,Anmol Lalla,"Gola, Aggarwal and Kapadia",Email Marketing,Jaipur,93367
8674,Panini Tak,Tripathi-Patla,Content Marketing,Hyderabad,129055
8675,Matthew Srinivas,"Virk, Sehgal and Wadhwa",Google Ads,Mumbai,84217
8676,Ekapad Balakrishnan,Mander-Palan,AI Chatbot Development,Ahmedabad,123001
8677,Jeevika Mani,Divan Inc,AI Chatbot Development,Kolkata,228069
8678,Anika Barman,Choudhury PLC,Meta Ads,Pune,165736
8679,Lopa Chhabra,Sani-Bath,Meta Ads,Mumbai,223738
8680,Xavier Saha,Chauhan and Sons,AI Chatbot Development,Pune,232577
8681,Yauvani Devi,Purohit-Gour,Website Development,Bangalore,77086
8682,Charvi Padmanabhan,Cherian-Basu,Email Marketing,Mumbai,177587
8683,Vedant Bhatt,Kapur-Ramanathan,SEO,Bangalore,227309
8684,Zaid Yohannan,Chokshi-Nath,AI Chatbot Development,Delhi,77586
8685,Gunbir Yadav,Koshy-Kapadia,Meta Ads,Ahmedabad,220942
8686,Lavanya Gaba,Swamy-Majumdar,AI Chatbot Development,Kolkata,66363
8687,Siya Soman,"Dasgupta, Bumb and Bala",Content Marketing,Kolkata,33408
8688,Idika Dube,"Narang, Joshi and Minhas",Content Marketing,Bangalore,134531
8689,Dalaja Om,"Bhat, Sheth and Karpe",Social Media Marketing,Bangalore,78163
8690,Nidra Chana,Rajan-Tata,SEO,Delhi,224278
8691,Rayaan Sur,"Rao, Sood and Nagy",Google Ads,Mumbai,203450
8692,Ekantika Rana,"Sandhu, Prabhu and Kashyap",SEO,Delhi,230424
8693,Anay Hora,Bhattacharyya LLC,Website Development,Hyderabad,37766
8694,Tripti Pillay,Chaudhari-Chad,Google Ads,Bangalore,138710
8695,Samuel Palan,Lala-Sarma,Website Development,Hyderabad,162552
8696,Lila Mishra,Chaudhary-Chhabra,Website Development,Kolkata,239814
8697,Mitali Radhakrishnan,Shenoy-Taneja,Email Marketing,Bangalore,163461
8698,Andrew Padmanabhan,Bajwa-Reddy,Google Ads,Hyderabad,43902
8699,Lohit Nayak,Krish-Parekh,AI Chatbot Development,Delhi,52545
8700,Aryan Wali,Amble-Trivedi,Google Ads,Ahmedabad,278801
8701,Teerth Goda,Lanka Inc,Website Development,Jaipur,58751
8702,Rajata Kashyap,Atwal PLC,AI Chatbot Development,Delhi,74384
8703,Mekhala Bhatti,Naidu-Ray,Content Marketing,Jaipur,168334
8704,Robert Sekhon,Oommen PLC,Google Ads,Jaipur,44935
8705,Leela Puri,"Doshi, Setty and Dhar",AI Chatbot Development,Mumbai,40265
8706,Zinal Prakash,Hari LLC,Meta Ads,Ahmedabad,238624
8707,Baljiwan Grover,Chahal Group,Google Ads,Ahmedabad,37291
8708,Tara Sampath,"Narula, Nanda and Bhandari",Google Ads,Jaipur,149209
8709,Krisha Palla,Sachar-Konda,AI Chatbot Development,Mumbai,83959
8710,Laksh Dewan,Golla-Murthy,Website Development,Hyderabad,283163
8711,Pallavi Raja,Bakshi-Murty,Social Media Marketing,Hyderabad,156908
8712,Balhaar Chadha,Pandya-Lalla,Meta Ads,Jaipur,129853
8713,Ryan Kata,Agate and Sons,Social Media Marketing,Bangalore,59157
8714,Peter Barman,Nigam and Sons,Content Marketing,Jaipur,270638
8715,Atharv Manne,Singh-Dugar,Google Ads,Kolkata,72265
8716,Robert Char,"Jaggi, Kala and Sunder",Website Development,Ahmedabad,50807
8717,Laksh Peri,"Gokhale, Dhingra and Dutt",Google Ads,Pune,271947
8718,Vrishti Choudhary,Rege-Gill,Google Ads,Delhi,279791
8719,Jasmit Thakur,Virk PLC,Google Ads,Bangalore,90900
8720,Girish Ranganathan,Sengupta-Karan,Google Ads,Hyderabad,28505
8721,Rajeshri Mannan,Sachdev-Lad,Meta Ads,Hyderabad,263233
8722,Priya Palla,Sant-Kaul,SEO,Mumbai,293025
8723,Omaja Buch,Patla-Gupta,Google Ads,Hyderabad,68242
8724,Vasatika Srinivasan,Kothari-Oommen,Google Ads,Mumbai,299769
8725,Nilima Iyengar,"Lalla, Shah and Bava",Email Marketing,Hyderabad,186258
8726,Reyansh Mann,Divan Group,Meta Ads,Kolkata,59365
8727,Jhalak Sachar,Wason-Arora,Website Development,Ahmedabad,269790
8728,Yashasvi Sahni,Sarma-Raghavan,Social Media Marketing,Kolkata,219525
8729,Laban Contractor,Karnik-Srivastava,AI Chatbot Development,Ahmedabad,118315
8730,Ayush Sawhney,"Karnik, Rout and Balasubramanian",Google Ads,Bangalore,61781
8731,Yasti Pandey,More-Thaker,SEO,Kolkata,178159
8732,Harrison Kari,"Walia, Edwin and Lad",Google Ads,Ahmedabad,84023
8733,Zehaan Manne,Venkataraman Ltd,AI Chatbot Development,Mumbai,150811
8734,Harsh Sami,Sagar-Ranganathan,Meta Ads,Delhi,202636
8735,Abhiram Nayar,Dave-Wali,AI Chatbot Development,Jaipur,59916
8736,Jai Dyal,Badal-Singhal,Website Development,Delhi,195906
8737,Saksham Nayar,Setty-Chowdhury,Website Development,Pune,46947
8738,Niharika Pradhan,"Sodhi, Bahri and Sidhu",Content Marketing,Ahmedabad,117279
8739,Edhitha Dyal,"Bakshi, Walla and Manda",Content Marketing,Delhi,233133
8740,Yashodhara Jaggi,Sha-Cherian,AI Chatbot Development,Pune,196755
8741,Mugdha Sarma,Bhasin Ltd,Meta Ads,Pune,112012
8742,Sai Toor,Handa Inc,Email Marketing,Hyderabad,59348
8743,Madhavi Bhattacharyya,Kumar-Dube,SEO,Mumbai,210465
8744,Zaitra Master,"Chada, Chawla and Batra",AI Chatbot Development,Kolkata,54081
8745,Radhika Karpe,Soman PLC,Email Marketing,Hyderabad,292942
8746,Gaurika Wali,"Pal, Ratta and Parekh",Social Media Marketing,Ahmedabad,224696
8747,Vedant Taneja,"Iyengar, Aurora and Ghosh",AI Chatbot Development,Bangalore,50594
8748,Rishi Sawhney,Borra-Kant,SEO,Pune,75557
8749,Luke Krishnamurthy,Prasad-Dar,Social Media Marketing,Ahmedabad,256672
8750,Vamakshi Dubey,"Chauhan, Vora and Mani",Social Media Marketing,Ahmedabad,129160
8751,Pooja Solanki,"Bhatnagar, Bajwa and Bhandari",Social Media Marketing,Pune,284695
8752,Joshua Verma,Chaudhuri-Tandon,AI Chatbot Development,Mumbai,116590
8753,Om Ghosh,Kaur Inc,Email Marketing,Delhi,258910
8754,Kamala Sane,Bhatt-Banik,Meta Ads,Ahmedabad,231921
8755,Bishakha Tailor,"Bala, Tripathi and Shetty",Meta Ads,Pune,232385
8756,Om Sura,Bandi-Dhaliwal,Social Media Marketing,Jaipur,155785
8757,Chakrika Bera,"Virk, Suresh and Mitra",Content Marketing,Jaipur,269776
8758,Gunbir Kannan,Rege-Parmer,SEO,Jaipur,63517
8759,Warda Vala,Golla-Purohit,AI Chatbot Development,Hyderabad,78317
8760,Lopa Bajwa,Chhabra PLC,Website Development,Jaipur,218219
8761,Gavin Seth,Bir LLC,Content Marketing,Mumbai,156669
8762,Saksham Chandran,Randhawa Group,SEO,Kolkata,73795
8763,Nisha Patla,Chawla and Sons,SEO,Jaipur,235928
8764,Bachittar Kalita,Rao-Choudhry,Content Marketing,Jaipur,162576
8765,Timothy Pandey,Sama Group,Google Ads,Kolkata,91080
8766,Urmi Ganesan,Yogi-Kulkarni,Meta Ads,Jaipur,267313
8767,Raagini Sagar,Walia Inc,Content Marketing,Mumbai,120754
8768,Jonathan Nadkarni,Chaudhary and Sons,Google Ads,Delhi,204116
8769,Wridesh Chaudry,Iyer LLC,Meta Ads,Mumbai,140255
8770,Eshana Samra,Sarma-Kaul,Meta Ads,Mumbai,114886
8771,Aachal Nagarajan,"Ramaswamy, Dass and Bal",Meta Ads,Mumbai,168849
8772,Dominic Mand,Chad Inc,SEO,Hyderabad,266961
8773,Kashvi Dixit,"Dash, Rout and Ganesh",Social Media Marketing,Mumbai,295780
8774,Kavya Dhawan,Rau-Bath,Website Development,Pune,175797
8775,Joshua Kapoor,"Dayal, Grover and Raghavan",SEO,Jaipur,163088
8776,Avi Swamy,Sekhon Ltd,Google Ads,Jaipur,160496
8777,Gopal Khalsa,Bakshi Inc,Email Marketing,Delhi,139628
8778,Sanya Verma,Mandal-Ben,Social Media Marketing,Delhi,80534
8779,Chandran Nair,Parsa LLC,Website Development,Pune,35572
8780,Aadhya Mutti,Khosla Inc,Social Media Marketing,Bangalore,187082
8781,Kavya Master,"Bail, Sharaf and Mani",Email Marketing,Mumbai,106367
8782,Turvi Pandey,"Chowdhury, Yadav and Nadkarni",Meta Ads,Jaipur,248946
8783,Adweta Barad,Mani-Sridhar,AI Chatbot Development,Delhi,208420
8784,Advika Shah,Taneja-Sahota,Email Marketing,Jaipur,263459
8785,Aditya Varma,Bava Ltd,Website Development,Jaipur,86912
8786,Bakhshi Randhawa,"Bumb, Sharaf and Mammen",SEO,Delhi,32441
8787,Daksha Nigam,"Warrior, Sathe and Bera",AI Chatbot Development,Delhi,170836
8788,Yatan Batta,Barad and Sons,Social Media Marketing,Bangalore,177958
8789,Mitesh Dube,Kulkarni Group,Google Ads,Pune,86190
8790,Anusha Buch,Maharaj-Bora,Google Ads,Hyderabad,170948
8791,Udarsh Divan,Venkatesh LLC,Email Marketing,Ahmedabad,258096
8792,Wriddhish Chandran,Nigam Inc,AI Chatbot Development,Mumbai,39090
8793,Tanish Bhattacharyya,Dar PLC,Meta Ads,Delhi,287355
8794,Idika Barad,"Mane, Thakur and Misra",Website Development,Jaipur,222126
8795,Henry Lad,"Palla, Kohli and Krishnamurthy",Website Development,Pune,280949
8796,Kashvi Garg,"Sethi, Mukherjee and Kibe",SEO,Bangalore,263615
8797,Daksh Varughese,Muni and Sons,Google Ads,Mumbai,71037
8798,Yoshita Pandit,"Mahajan, Chaudhry and Deshpande",Website Development,Kolkata,151376
8799,Vyanjana Dalal,Walla Ltd,Website Development,Ahmedabad,27204
8800,Maanav Bala,"Mander, Pandit and Jayaraman",Social Media Marketing,Pune,189430
8801,Yashica Prakash,Viswanathan Inc,Social Media Marketing,Kolkata,215077
8802,Tamanna Bawa,Sachdeva Ltd,AI Chatbot Development,Jaipur,165886
8803,Varsha Shere,"Setty, Dash and Sanghvi",Meta Ads,Jaipur,239730
8804,Leela Pant,Sachdev-Sachar,Content Marketing,Jaipur,176257
8805,Kabir Bose,Dada Inc,Social Media Marketing,Mumbai,292536
8806,Samuel Manne,Muni-More,Content Marketing,Jaipur,217794
8807,Rushil Butala,Munshi-Wason,Google Ads,Jaipur,223689
8808,Upadhriti Korpal,Dave and Sons,Social Media Marketing,Ahmedabad,261014
8809,Saanvi Mahajan,Lall-Chawla,Website Development,Bangalore,257160
8810,Amruta Wason,Dutta-Zachariah,AI Chatbot Development,Pune,252811
8811,Gopal Yogi,Shroff-Sankaran,SEO,Delhi,229229
8812,Ekaraj Pal,"Dalal, Tella and Kuruvilla",Social Media Marketing,Mumbai,252867
8813,Isaac Jhaveri,Narain-Bora,Content Marketing,Delhi,136743
8814,Nihal Narula,"Sundaram, Hari and Boase",Content Marketing,Delhi,176678
8815,William Virk,Kothari Inc,SEO,Mumbai,207545
8816,Unni Dar,Wali Group,Website Development,Jaipur,288450
8817,Tanveer Pradhan,Srinivasan-Raman,AI Chatbot Development,Bangalore,271087
8818,Pranav Bhattacharyya,Kanda-Tak,Content Marketing,Mumbai,228545
8819,Triveni Parmer,"Naik, Gole and Sathe",AI Chatbot Development,Hyderabad,177964
8820,Nicholas Madan,Sani-Chaudry,Email Marketing,Kolkata,114555
8821,Veda Aurora,Vohra-Nayak,Social Media Marketing,Jaipur,298661
8822,Omisha Ganesan,Arya-Rajagopalan,AI Chatbot Development,Mumbai,146032
8823,Yachana Bahl,Viswanathan and Sons,Meta Ads,Hyderabad,111283
8824,Charles Goel,Walla Ltd,Website Development,Hyderabad,288584
8825,Rayaan Mittal,Bora Inc,SEO,Jaipur,163605
8826,Veda Pillai,"Warrior, Kakar and Iyengar",Google Ads,Kolkata,86070
8827,Gagan Chatterjee,Walla-Acharya,AI Chatbot Development,Delhi,193536
8828,Osha Agarwal,"Varghese, Kulkarni and Pathak",Social Media Marketing,Bangalore,228834
8829,Urvashi Palan,"Khanna, Chatterjee and Gill",Google Ads,Pune,197228
8830,Janani Acharya,Shah-Pall,Social Media Marketing,Kolkata,167738
8831,Forum Choudhary,"Yogi, Mahajan and Mand",SEO,Ahmedabad,111287
8832,Harshil Natt,"Prasad, Pillai and Dyal",Email Marketing,Ahmedabad,27836
8833,Krish Reddy,Kapadia-Cherian,Meta Ads,Hyderabad,106267
8834,Pranav Bhandari,Rama Group,Social Media Marketing,Kolkata,52209
8835,Advaith Setty,Gandhi-Saha,Website Development,Bangalore,136194
8836,Umang Randhawa,"Roy, Seth and Narayanan",Meta Ads,Pune,172628
8837,Varsha Pandya,Dani-Acharya,Social Media Marketing,Mumbai,136518
8838,Naveen Oak,Choudhry PLC,Google Ads,Pune,93033
8839,Ekani Ramanathan,Madan-Mander,Content Marketing,Bangalore,44164
8840,Yutika Thakur,"Jani, Rajagopal and Shetty",AI Chatbot Development,Jaipur,93306
8841,Krishna Sama,Thakkar and Sons,Content Marketing,Ahmedabad,116375
8842,Yashvi Nori,Suresh PLC,Google Ads,Kolkata,102801
8843,Falan Kibe,"Sarkar, Sandhu and Bhardwaj",Google Ads,Kolkata,174922
8844,Nidra Dora,Dugar-Shroff,Meta Ads,Mumbai,88693
8845,Harinakshi Mitter,Doshi LLC,SEO,Hyderabad,65619
8846,Oeshi Bhatt,Dara-Sekhon,Content Marketing,Kolkata,112711
8847,Gagan Chakrabarti,Gokhale Ltd,Google Ads,Pune,146216
8848,Amara Pingle,Sahota PLC,Meta Ads,Ahmedabad,220513
8849,Baljiwan Keer,Mammen-Keer,Website Development,Kolkata,22597
8850,Jeremiah Gera,"Buch, Som and Chahal",Content Marketing,Bangalore,86166
8851,Siddharth Khanna,Prabhakar Group,Social Media Marketing,Jaipur,132957
8852,Hiral Bumb,Kala Ltd,Google Ads,Bangalore,102256
8853,Ladli Malhotra,"Ray, Khanna and Talwar",SEO,Hyderabad,298731
8854,Kala Goswami,"Trivedi, Sura and Ramanathan",Social Media Marketing,Jaipur,116965
8855,Laban Dass,Hayer-Minhas,Meta Ads,Jaipur,239145
8856,Unnati Bajwa,Doshi PLC,Google Ads,Jaipur,75701
8857,Hemani Nagi,Rastogi LLC,Website Development,Bangalore,130963
8858,Chaitaly Talwar,Goda LLC,Social Media Marketing,Bangalore,276591
8859,Nitara Dass,"Prashad, Bali and Dayal",Email Marketing,Delhi,52397
8860,Bhavya Saran,Srivastava-Srinivasan,SEO,Jaipur,31365
8861,Ekbal Palan,"Kari, Walia and Pall",Meta Ads,Pune,245594
8862,Urishilla Sur,"Subramanian, Wable and Sundaram",Google Ads,Ahmedabad,96663
8863,Mohini Madan,Swaminathan Inc,Meta Ads,Pune,217432
8864,Wishi Gole,Choudhary Group,AI Chatbot Development,Kolkata,53549
8865,Megha Desai,"Saxena, Parmar and Pai",Social Media Marketing,Pune,182059
8866,Zansi Loke,Kapadia-Barad,SEO,Kolkata,94777
8867,Aarnav Karan,Baral PLC,Website Development,Jaipur,169765
8868,Yauvani Kapur,Garde-Viswanathan,Social Media Marketing,Bangalore,91678
8869,Liam Doshi,Chakrabarti PLC,Website Development,Delhi,221887
8870,Gunbir Bains,Deep LLC,Email Marketing,Kolkata,59567
8871,Radha Sarma,Iyengar-Prabhu,AI Chatbot Development,Pune,217575
8872,Brinda Chowdhury,"Wable, Bawa and Gokhale",AI Chatbot Development,Kolkata,170963
8873,Teerth Wali,"Narayanan, Mahajan and Kale",Website Development,Kolkata,26736
8874,Charles Chadha,Choudhury and Sons,Google Ads,Hyderabad,204939
8875,Tanay Menon,Sodhi and Sons,Website Development,Delhi,62089
8876,Aahana Grover,Parmar Ltd,Email Marketing,Kolkata,244347
8877,Dalbir Andra,"Pradhan, Dash and Dayal",Content Marketing,Ahmedabad,198248
8878,Omkaar Tank,Kuruvilla-Sachdev,SEO,Pune,112691
8879,Finn Malhotra,"Deep, Lal and Atwal",Email Marketing,Ahmedabad,55073
8880,Meghana Garg,"Saha, Nayar and Bains",Meta Ads,Jaipur,103949
8881,Ayushman Setty,Dewan-Deo,Google Ads,Pune,269975
8882,Eiravati Sangha,"Kaur, Rout and Manda",SEO,Ahmedabad,58891
8883,Chakradev Khurana,Memon PLC,SEO,Mumbai,89229
8884,Avi Savant,"Rege, Mukhopadhyay and Mani",Website Development,Delhi,79704
8885,Upkaar Shankar,"Prasad, Raju and Nori",Content Marketing,Kolkata,251629
8886,Lohit Mistry,Mohanty Group,SEO,Ahmedabad,270517
8887,Yochana Korpal,"Bal, Bose and Brahmbhatt",Content Marketing,Bangalore,195793
8888,Girindra Cherian,"Mitra, Kuruvilla and Munshi",Website Development,Mumbai,99255
8889,Yashasvi Behl,Mahal-Mannan,Website Development,Kolkata,84542
8890,Ladli Badami,Madan Ltd,Social Media Marketing,Mumbai,57545
8891,Rachana Pandya,"Mohanty, Tailor and Kurian",Meta Ads,Ahmedabad,290960
8892,Nilima Nagar,"Virk, Iyer and Mistry",AI Chatbot Development,Pune,237099
8893,Simon Raman,Bahri PLC,Website Development,Kolkata,63929
8894,Lakshmi Varkey,Modi-Gade,Google Ads,Hyderabad,99808
8895,Anjali Misra,Dhillon-Randhawa,AI Chatbot Development,Bangalore,31310
8896,Naksh Luthra,"Peri, Kade and Chaudhari",SEO,Jaipur,148367
8897,Isaiah Rajagopal,Nazareth-Tiwari,Email Marketing,Pune,148795
8898,Niharika Kamdar,Mishra-Mital,Meta Ads,Bangalore,58351
8899,Warhi Saran,Panchal Group,Website Development,Mumbai,156133
8900,Adweta Baria,Savant Inc,Content Marketing,Pune,283299
8901,Zarna Ratti,Pillay-Ratti,Content Marketing,Ahmedabad,129414
8902,Gaurang Pandit,"De, Handa and Sabharwal",Meta Ads,Kolkata,155190
8903,Lohit Barad,Sant LLC,Google Ads,Kolkata,125751
8904,Bahadurjit Nath,"Rege, Contractor and Sanghvi",Email Marketing,Ahmedabad,199567
8905,Amara Wable,"Bajwa, Munshi and Sridhar",Google Ads,Pune,130262
8906,Oscar Dhingra,Bali Ltd,Meta Ads,Jaipur,69412
8907,Vidhi Deshpande,Lanka Inc,Google Ads,Hyderabad,35903
8908,Sathvik Virk,Kara-Dey,Content Marketing,Pune,105808
8909,Dalbir Parsa,"Mishra, Kumar and Baral",Content Marketing,Ahmedabad,173530
8910,Teerth Ramanathan,Gandhi Group,Meta Ads,Ahmedabad,253369
8911,Shaurya Kunda,Patil-Chauhan,Website Development,Pune,53351
8912,Jai Tella,"Mital, Loyal and Thakur",Meta Ads,Kolkata,115985
8913,Ishita Mukherjee,Purohit and Sons,AI Chatbot Development,Pune,201102
8914,Bhavna Setty,"Pal, Nayar and Kulkarni",Website Development,Bangalore,276381
8915,Janani Karan,Lall-Oza,Social Media Marketing,Ahmedabad,184634
8916,Chatura Krishna,Rattan PLC,Content Marketing,Kolkata,235342
8917,Banjeet Goswami,"Dua, Rege and Kant",AI Chatbot Development,Kolkata,288073
8918,Hemang Nagy,Prasad-Bajwa,AI Chatbot Development,Ahmedabad,103751
8919,Osha Bains,"Kari, Sanghvi and Subramaniam",Meta Ads,Hyderabad,170983
8920,Baghyawati Sundaram,Vyas Group,Social Media Marketing,Delhi,31366
8921,Nachiket Setty,Chandra-Varughese,AI Chatbot Development,Ahmedabad,92398
8922,Onveer Dhar,Contractor-Verma,Social Media Marketing,Jaipur,236675
8923,Krish Nanda,Chatterjee Inc,Meta Ads,Ahmedabad,191437
8924,Wakeeta Mutti,Sarma LLC,Content Marketing,Pune,77596
8925,Unnati Bhagat,"Dass, Kanda and Sachdev",Meta Ads,Jaipur,241092
8926,Falak Sandhu,"Savant, Barad and Nagarajan",Meta Ads,Kolkata,239095
8927,Gagan Hans,Dara-Hans,Email Marketing,Mumbai,141328
8928,Lopa Divan,"Soman, Vala and Sehgal",Social Media Marketing,Jaipur,251132
8929,Reva Oak,"Toor, Bir and Balay",Website Development,Hyderabad,161185
8930,Rajata Mody,Agate-Dhar,Meta Ads,Delhi,88676
8931,Baljiwan Parekh,"Pingle, Bora and Chada",Google Ads,Hyderabad,249159
8932,Shivani Shukla,Babu-Rout,Social Media Marketing,Jaipur,117541
8933,Widisha Devi,Chadha-Sood,Meta Ads,Bangalore,173462
8934,Vansha Palan,Mandal-Mukhopadhyay,Email Marketing,Kolkata,23278
8935,Tejas Borra,Krish PLC,AI Chatbot Development,Pune,278341
8936,Fiyaz Chaudhuri,"Naik, Rau and Kant",Email Marketing,Mumbai,215863
8937,Isha Keer,Sodhi Inc,Google Ads,Hyderabad,47231
8938,Daksha Roy,Bhargava-Ganesan,Email Marketing,Jaipur,126751
8939,Ethan Vasa,Chokshi-Brahmbhatt,Website Development,Mumbai,69077
8940,Sneha Suri,Kumar PLC,AI Chatbot Development,Kolkata,95507
8941,Hritik Sane,Chacko PLC,Website Development,Bangalore,253154
8942,Ria Chanda,Khanna-Ramaswamy,Meta Ads,Jaipur,161414
8943,Girik Murty,"Shukla, Nayar and Buch",Social Media Marketing,Delhi,226940
8944,Udarsh Dass,Vyas Inc,Email Marketing,Ahmedabad,253448
8945,Arin Swaminathan,"Verma, Tara and Babu",SEO,Ahmedabad,123353
8946,Omaja Srinivas,Sunder-Srivastava,Content Marketing,Bangalore,93727
8947,Yashvi Sur,Lalla and Sons,Content Marketing,Bangalore,22277
8948,Kritika Sami,Viswanathan-Deep,Google Ads,Delhi,92518
8949,Timothy Roy,Madan-Narang,Meta Ads,Jaipur,45695
8950,Dominic Subramanian,Desai-Munshi,AI Chatbot Development,Hyderabad,86322
8951,Neelima Batta,"Dhillon, Cherian and Pal",Content Marketing,Hyderabad,126713
8952,Rishi Sarna,Sule-Savant,Website Development,Bangalore,241700
8953,Gopal Madan,Basu LLC,Email Marketing,Ahmedabad,32027
8954,Radha Chaudhary,"Andra, Bal and Dayal",Meta Ads,Ahmedabad,281496
8955,Ekbal Nazareth,Goyal-Raval,Google Ads,Bangalore,219853
8956,Jagat Khatri,"Dass, Kuruvilla and Lall",SEO,Pune,152746
8957,Arya Raju,Hans-Bhalla,AI Chatbot Development,Ahmedabad,89772
8958,Ekta Jha,Mohan-Agarwal,SEO,Pune,239837
8959,Arya Peri,Chaudhary-Nazareth,AI Chatbot Development,Jaipur,79624
8960,Ayaan Padmanabhan,"Sachdeva, Sur and Maharaj",Website Development,Mumbai,157128
8961,Gunbir Kaur,Khare Ltd,Social Media Marketing,Delhi,132800
8962,Bhavna Tak,Sunder-Nayar,Social Media Marketing,Jaipur,20479
8963,Pratyush Kala,Garg-Tripathi,Google Ads,Delhi,193959
8964,Rushil Comar,Chand-Gopal,AI Chatbot Development,Ahmedabad,77527
8965,Ayush Kale,Balasubramanian-Goyal,Email Marketing,Pune,298185
8966,Laksh Nayak,Handa-Sekhon,SEO,Jaipur,133632
8967,Kamya Sridhar,Varghese-Solanki,SEO,Hyderabad,153840
8968,Siddharth Gopal,"Bala, Khosla and Thaman",Google Ads,Jaipur,167768
8969,Ekantika Bera,Ganguly-Merchant,SEO,Hyderabad,146872
8970,Nachiket Varghese,Loke-Keer,Google Ads,Pune,232686
8971,Falguni Saha,Ganesh-Bora,Content Marketing,Pune,59766
8972,Vritti Memon,Kannan PLC,Website Development,Pune,120103
8973,Eta Aggarwal,Patel-Trivedi,Google Ads,Hyderabad,290035
8974,Charan Ram,Vyas-Palan,Website Development,Kolkata,182683
8975,Om Sahni,Sani-Dash,Email Marketing,Pune,204687
8976,Chameli Upadhyay,Patil-Mitra,SEO,Bangalore,42053
8977,Ekanta Doctor,"Mangal, Dhawan and Babu",SEO,Delhi,231453
8978,Omisha Sandhu,Datta and Sons,Social Media Marketing,Ahmedabad,167761
8979,Ati Verma,Suresh-Dugal,Email Marketing,Delhi,275358
8980,Anika Amble,Kara Group,Email Marketing,Hyderabad,38922
8981,Jalsa Nori,Patla-Narula,Google Ads,Jaipur,101142
8982,Tanish Loyal,Kari-Dayal,Email Marketing,Delhi,232230
8983,Yasti Raman,Nori Ltd,Website Development,Kolkata,73912
8984,Christopher Seshadri,Varghese-Brar,Content Marketing,Delhi,75943
8985,Jagdish Badami,Sarraf-Parmar,Social Media Marketing,Ahmedabad,242451
8986,Manya Choudhary,Chand-Sampath,Content Marketing,Delhi,64662
8987,Balveer Nayar,Bala Group,Email Marketing,Ahmedabad,249921
8988,Hiral Chandran,Nath PLC,Social Media Marketing,Bangalore,124441
8989,Ishaan Balasubramanian,"Gaba, Choudhry and Bajaj",Meta Ads,Ahmedabad,54431
8990,Hredhaan Sandhu,Naidu PLC,Email Marketing,Jaipur,188216
8991,Abeer Pandit,Bera LLC,SEO,Pune,128726
8992,Qushi Cheema,"Krishna, Pandey and Roy",Social Media Marketing,Bangalore,153999
8993,Lopa Edwin,Karnik-Bose,Social Media Marketing,Delhi,202335
8994,Yashvi Pathak,Om-Sathe,Content Marketing,Pune,250546
8995,Chandresh Kuruvilla,Dutta Inc,Meta Ads,Pune,149453
8996,Widisha Hans,"Bhavsar, Peri and Nath",Social Media Marketing,Bangalore,149742
8997,Aryan Vig,Bandi-Venkataraman,Meta Ads,Hyderabad,103478
8998,Neel Srinivasan,"Dora, Handa and Tara",Content Marketing,Ahmedabad,94462
8999,Chaitaly Purohit,"Randhawa, Sharaf and Sanghvi",Google Ads,Kolkata,272695
9000,Shivansh Arya,Sahota-Dhaliwal,Social Media Marketing,Jaipur,54883
9001,Mason Dube,"Vohra, Joshi and Vala",Social Media Marketing,Hyderabad,242991
9002,Charles Kara,"Choudhry, Hora and Sunder",Content Marketing,Kolkata,129061
9003,Shivansh Sarkar,"Buch, Hora and Bhatt",SEO,Bangalore,23386
9004,Shravya Sekhon,"Ahluwalia, Sani and Barman",Meta Ads,Pune,127221
9005,David Rajagopal,"Tailor, Din and Dalal",Meta Ads,Kolkata,113726
9006,Eshana Gara,"Pant, Shanker and Varma",Email Marketing,Ahmedabad,245442
9007,Damyanti Raval,Peri-Devan,Website Development,Hyderabad,186018
9008,Hemani Saxena,"Choudhury, Prabhu and Deep",Google Ads,Pune,52102
9009,Oliver Shenoy,Tiwari LLC,Meta Ads,Pune,85945
9010,Tara Mane,Sarna-Ahuja,Social Media Marketing,Hyderabad,243592
9011,Omkaar Talwar,Talwar Group,Google Ads,Bangalore,22316
9012,Raksha Ramachandran,Nayar Group,Email Marketing,Bangalore,24012
9013,Kashvi Ravi,"Kapur, Subramanian and Verma",Email Marketing,Mumbai,24180
9014,Varenya Bose,"Bassi, Murthy and Chandra",Email Marketing,Bangalore,107512
9015,Frederick Jaggi,"Sama, Chaudry and Sridhar",Email Marketing,Kolkata,265965
9016,Aishani Din,Mall-Suresh,Email Marketing,Delhi,83370
9017,Vedika Solanki,Bhalla PLC,AI Chatbot Development,Mumbai,187268
9018,Liam Krishnan,Salvi PLC,Meta Ads,Kolkata,284217
9019,Unnati Bhargava,"Chokshi, Mutti and Pandey",Content Marketing,Bangalore,20574
9020,Ridhi Sachar,Chaudhari Ltd,SEO,Jaipur,252042
9021,Daksha Kala,"Subramaniam, Gara and Karan",Google Ads,Mumbai,58369
9022,Devansh Pingle,"Mody, Cheema and Sarkar",SEO,Mumbai,166097
9023,Pahal Ghosh,Ramanathan and Sons,Meta Ads,Bangalore,174771
9024,Isha Ramachandran,"Contractor, Jhaveri and Ramesh",AI Chatbot Development,Kolkata,133564
9025,Laban Ramakrishnan,"Bobal, Behl and Mohan",SEO,Pune,273455
9026,Saanvi Maharaj,Raja-Gopal,Email Marketing,Kolkata,69249
9027,Lohit Dora,"Bajwa, Mahal and Luthra",Content Marketing,Delhi,268898
9028,Sachi Naidu,Buch and Sons,Google Ads,Ahmedabad,211241
9029,Jai Sengupta,"Doshi, Chada and Raval",Content Marketing,Pune,229065
9030,Charles Halder,Sinha-Chana,Content Marketing,Kolkata,233238
9031,Isaac Thakur,Chakraborty-Bhagat,AI Chatbot Development,Jaipur,217985
9032,Mohini Basu,"Madan, Vig and Bali",Website Development,Bangalore,170770
9033,Onkar Kaul,Bajaj PLC,AI Chatbot Development,Jaipur,29156
9034,Yashica Tank,Bal-Bhandari,Social Media Marketing,Mumbai,104660
9035,Ubika Patil,"Sarin, Kumer and Lad",AI Chatbot Development,Mumbai,219157
9036,Jagrati Raju,Gade-Deol,Social Media Marketing,Bangalore,260592
9037,Chanchal Rege,Yadav Group,Website Development,Mumbai,86681
9038,Lakshit Dhawan,Bandi-Choudhry,Google Ads,Delhi,155461
9039,Anay Kara,"Varughese, Sagar and Bali",Website Development,Jaipur,260467
9040,Siddharth Agarwal,Naik-Prabhu,SEO,Pune,169167
9041,Pranit Lad,"Thaman, Shere and Kannan",Email Marketing,Bangalore,240900
9042,Rishi Kaur,"Agrawal, Narain and Wason",SEO,Delhi,195413
9043,Noah Buch,"Saha, Modi and Balay",Email Marketing,Delhi,63314
9044,Ishani Chaudhuri,"Tripathi, Sankar and Ramaswamy",Social Media Marketing,Jaipur,70427
9045,Chandresh Krish,Iyengar Inc,SEO,Delhi,228124
9046,Ayushman Parekh,"Majumdar, Chopra and Pingle",Meta Ads,Ahmedabad,24673
9047,Mitesh Rout,Chhabra Group,SEO,Jaipur,90543
9048,Janani Brar,"Mitra, Raja and Edwin",Content Marketing,Pune,129542
9049,Finn Baral,"Devi, Sridhar and Sama",AI Chatbot Development,Kolkata,196299
9050,Jack Tiwari,Natarajan Ltd,Email Marketing,Bangalore,135687
9051,Varenya Shenoy,Natt-Sur,Social Media Marketing,Hyderabad,286128
9052,Hemangini Rama,Kunda-Mani,Website Development,Pune,277947
9053,Dipta Dyal,"Chhabra, Koshy and Rana",Google Ads,Mumbai,76516
9054,Harish Bala,Dayal Group,AI Chatbot Development,Ahmedabad,267460
9055,Watika Kanda,Nayak Inc,Google Ads,Hyderabad,221538
9056,Samarth Contractor,Mittal Ltd,Website Development,Ahmedabad,223076
9057,Sai Seth,Rattan Inc,AI Chatbot Development,Bangalore,101666
9058,Nirja Kashyap,Sani LLC,SEO,Bangalore,68034
9059,Gavin Rana,"Chand, Nath and Chaudhry",Email Marketing,Mumbai,233735
9060,Nisha Gulati,"Singhal, Shenoy and Dey",Content Marketing,Pune,96678
9061,Yashawini Bala,"Zachariah, Kapur and Chanda",Meta Ads,Hyderabad,225964
9062,Pahal Sant,Arora PLC,Social Media Marketing,Hyderabad,107265
9063,Zaitra Ahluwalia,Saini Group,Email Marketing,Mumbai,172095
9064,Zilmil Chahal,Kapadia PLC,SEO,Jaipur,38026
9065,Upkaar Raman,Dhar Group,Meta Ads,Jaipur,225061
9066,Samarth Gole,"Garg, Bala and Badal",SEO,Delhi,179485
9067,Arjun Grewal,Deep-Kari,Content Marketing,Jaipur,187577
9068,Jagat Gulati,"Biswas, Krish and Sanghvi",Google Ads,Jaipur,197167
9069,Niharika Mishra,Manne-Pillai,AI Chatbot Development,Bangalore,95099
9070,Arin Mutti,Sandhu-Varma,Email Marketing,Delhi,230053
9071,Harinakshi Kashyap,"Salvi, Bassi and Anand",Website Development,Jaipur,123886
9072,Warhi Krishnamurthy,"Majumdar, Arya and Nagi",Website Development,Pune,240624
9073,Sudiksha Kuruvilla,Gandhi-Bala,Website Development,Ahmedabad,125262
9074,Gaurav Ramachandran,Dugar-Rastogi,SEO,Delhi,50520
9075,Samar Toor,"Anand, Dixit and Johal",SEO,Jaipur,47480
9076,Anirudh Nigam,Kapur LLC,Website Development,Delhi,252452
9077,Hredhaan Majumdar,Jhaveri-Ramanathan,Google Ads,Jaipur,182383
9078,Yatan Tiwari,"Shan, Sarraf and Sachar",SEO,Mumbai,296156
9079,Falan Deep,Jha-Dani,Website Development,Pune,166108
9080,Hardik Kakar,Mohanty-Walia,Google Ads,Pune,114220
9081,Ekanta Gopal,Sharaf Ltd,SEO,Bangalore,45883
9082,Wazir Rao,Swamy Group,AI Chatbot Development,Bangalore,252512
9083,Chatresh Samra,Pradhan-Kamdar,Content Marketing,Ahmedabad,66410
9084,Siddharth Narain,Hayre-Kothari,Website Development,Ahmedabad,226521
9085,Hiral Sarin,Kar-Gopal,Meta Ads,Jaipur,288354
9086,Dipta Mohanty,Nayar-Shanker,Google Ads,Mumbai,91882
9087,Indrajit Sur,"Chopra, Deshpande and Shah",Content Marketing,Delhi,202866
9088,Pranit Prashad,"Babu, Nadig and Ranganathan",AI Chatbot Development,Kolkata,154445
9089,Charan Comar,Kade PLC,Email Marketing,Jaipur,202180
9090,Darsh Khalsa,Nagy-Ganguly,Website Development,Delhi,66282
9091,Jonathan Tripathi,Pandey Inc,SEO,Pune,131196
9092,Sarthak Bose,Bora-Vig,Website Development,Jaipur,246833
9093,Aarnav Kala,"Ganesh, Vala and Chokshi",Email Marketing,Bangalore,254810
9094,Hardik Srivastava,"Baria, Nath and Sama",AI Chatbot Development,Mumbai,69631
9095,Aarna Sharma,"Pandey, Sheth and Sarraf",Google Ads,Hyderabad,93364
9096,Dhriti Morar,Krish-Jaggi,Content Marketing,Bangalore,268706
9097,Lucky Lalla,Ratta PLC,Content Marketing,Pune,35089
9098,Abeer Thaman,"Nanda, Dugar and Kibe",Google Ads,Ahmedabad,274710
9099,Mohini Kala,Mandal-Ramakrishnan,Content Marketing,Kolkata,71534
9100,Dayamai Vyas,Sarin-Mann,Email Marketing,Kolkata,228733
9101,Harita Rout,Ramanathan-Kara,Meta Ads,Bangalore,234521
9102,Oeshi Gopal,Desai-Chandran,Website Development,Ahmedabad,295756
9103,Yutika Srinivas,Choudhry Group,Social Media Marketing,Jaipur,66022
9104,Ekaraj Wali,Kumer Ltd,Content Marketing,Mumbai,261114
9105,Hemangini Dhillon,Uppal-Narang,Content Marketing,Mumbai,103317
9106,Pahal Zachariah,Mahajan-Edwin,Meta Ads,Ahmedabad,246626
9107,Sarthak Bose,Luthra and Sons,Content Marketing,Kolkata,289863
9108,Darpan Murty,Johal-Jayaraman,SEO,Bangalore,254643
9109,Ekaja Bhandari,Ganesh Group,Content Marketing,Delhi,227184
9110,Diya Sibal,"Khanna, Karnik and Sinha",Social Media Marketing,Mumbai,118178
9111,Gopal Radhakrishnan,Prasad-Bala,SEO,Kolkata,172795
9112,Upma Bali,Dey-Jhaveri,Website Development,Pune,75664
9113,Rachana Shah,Jha-Bhandari,Meta Ads,Pune,198991
9114,Ojas Dyal,Loyal LLC,Email Marketing,Kolkata,263716
9115,Hamsini Madan,"Contractor, Bassi and Mall",Meta Ads,Ahmedabad,189196
9116,Umang Sagar,Lalla LLC,Email Marketing,Ahmedabad,175391
9117,Bhavika Jha,Mahajan Ltd,SEO,Bangalore,213649
9118,Aayush Kota,Wadhwa-Zachariah,SEO,Pune,35375
9119,Urishilla Nayak,Jhaveri-Nazareth,Google Ads,Hyderabad,85430
9120,Ekbal Tank,Sur Group,Email Marketing,Delhi,223178
9121,Anita Rajagopalan,Zacharia LLC,Social Media Marketing,Kolkata,118813
9122,Deepa Khurana,"Gokhale, Kala and Choudhary",Google Ads,Mumbai,204800
9123,Harrison Kadakia,"Murty, Parmer and Rama",Content Marketing,Pune,68660
9124,Pooja Merchant,"Sinha, Bandi and Gulati",Email Marketing,Delhi,79847
9125,Aarav Chhabra,"Nagi, Jani and Venkatesh",AI Chatbot Development,Ahmedabad,40645
9126,Lohit Divan,Tiwari-Prasad,SEO,Pune,42852
9127,Samuel Kapadia,"Nadig, Dhar and Dua",SEO,Mumbai,157305
9128,Chandani Dasgupta,"Chanda, Kaur and Borah",AI Chatbot Development,Mumbai,294125
9129,Vaishnavi Nagar,"Narang, Mody and Sharma",Email Marketing,Kolkata,203281
9130,Bhavika Kala,"Barman, Barman and Patil",Email Marketing,Jaipur,142114
9131,Yashica Dixit,"Lalla, Bhalla and Pingle",SEO,Mumbai,122853
9132,Nidra Kannan,Ravi-Krishnan,SEO,Delhi,73307
9133,Manbir Edwin,"Lall, Pathak and Pillay",Meta Ads,Pune,26916
9134,Chasmum Soni,Sani-Nair,Google Ads,Ahmedabad,38941
9135,Irya Mann,Butala-Datta,Email Marketing,Hyderabad,109608
9136,Elijah Sharaf,"Raghavan, Nagi and Kurian",SEO,Ahmedabad,200685
9137,Aarush Prashad,Garde-Grover,Meta Ads,Mumbai,104961
9138,Tara Dayal,"Bhatti, Arora and Dara",Website Development,Bangalore,233948
9139,Rehaan Sastry,Palla Group,Website Development,Delhi,28219
9140,Arin Sahni,Choudhary-Rajagopal,Content Marketing,Mumbai,41940
9141,Abhimanyu Thaman,Swaminathan-Hayer,SEO,Kolkata,122532
9142,Chanakya Varkey,Suri-Walla,SEO,Mumbai,157195
9143,Ishani Rastogi,Hora-Deo,Meta Ads,Ahmedabad,242022
9144,Pavani Tiwari,Chawla Inc,Meta Ads,Hyderabad,256575
9145,Utkarsh Ray,Ray-Batra,Social Media Marketing,Bangalore,266191
9146,Nitara Ganesan,Bajwa-Baral,AI Chatbot Development,Jaipur,191249
9147,Zinal Boase,Majumdar LLC,Email Marketing,Delhi,165274
9148,Veda Arya,"D’Alia, Ramaswamy and Boase",AI Chatbot Development,Ahmedabad,212664
9149,Ekaja Srinivas,Hayre-Suri,Content Marketing,Kolkata,154066
9150,Patrick Sood,Master-Suresh,SEO,Ahmedabad,278446
9151,Jyoti Gara,"Gopal, Bhavsar and Prasad",Website Development,Pune,179346
9152,Shaurya Bhattacharyya,Varty-Sanghvi,AI Chatbot Development,Pune,134750
9153,Lakshmi Misra,"Nori, Ramanathan and Verma",AI Chatbot Development,Pune,54384
9154,Sanaya Bhatnagar,Karnik-Dhillon,AI Chatbot Development,Ahmedabad,244991
9155,Upasna Som,Nagar-Shroff,Content Marketing,Pune,289543
9156,Veer Setty,"Kumer, Borra and Dalal",Website Development,Hyderabad,285644
9157,Charita Taneja,Jain Inc,Website Development,Hyderabad,139873
9158,Nathaniel Vohra,Prabhakar LLC,Social Media Marketing,Ahmedabad,103897
9159,Avni Chaudhari,Kashyap-Bora,Content Marketing,Kolkata,133159
9160,Saanvi Madan,Sarraf-Joshi,Content Marketing,Ahmedabad,177136
9161,Falan Halder,Deshmukh-Subramanian,Social Media Marketing,Bangalore,100875
9162,Inaya Ray,Thaman Group,SEO,Kolkata,267863
9163,Wishi Devan,Bora-Dora,Social Media Marketing,Kolkata,22398
9164,Yamini Butala,Naik Group,AI Chatbot Development,Bangalore,103397
9165,Ronith Gandhi,Dave-Dalal,Content Marketing,Bangalore,152027
9166,Jalsa Rama,Manda-Srivastava,AI Chatbot Development,Bangalore,245770
9167,Chanakya Sarraf,"Dutt, Pingle and Ramaswamy",Social Media Marketing,Jaipur,206662
9168,Banjeet Chaudhary,Baria PLC,SEO,Hyderabad,187314
9169,Nitesh Sundaram,Barman and Sons,SEO,Pune,36714
9170,Mahika Iyengar,Vig-Sheth,Meta Ads,Hyderabad,230183
9171,Hitesh Wali,Batta Ltd,Email Marketing,Mumbai,24294
9172,Daksh Sridhar,"Dhaliwal, Palan and Sibal",SEO,Kolkata,123323
9173,Bakhshi Bath,"Karnik, Chana and Aggarwal",AI Chatbot Development,Mumbai,122839
9174,Chanakya Rao,Balan Ltd,SEO,Kolkata,254271
9175,Lila Kale,"Hora, Mahajan and Ram",Website Development,Kolkata,94385
9176,Ubika Khurana,Keer and Sons,Social Media Marketing,Hyderabad,201067
9177,Janya Das,Dhingra-Agarwal,SEO,Bangalore,34982
9178,Falan Gala,Dyal-Borah,Google Ads,Ahmedabad,92198
9179,Pushti Kanda,Balasubramanian-Swamy,Social Media Marketing,Pune,77639
9180,Leela Biswas,Issac-Palan,Social Media Marketing,Jaipur,89549
9181,Varenya Devi,Gill-Chand,SEO,Hyderabad,200091
9182,Anamika Jani,Gara Group,SEO,Mumbai,69394
9183,Vasatika Badal,Radhakrishnan Ltd,AI Chatbot Development,Bangalore,200049
9184,Neel Dayal,Koshy Ltd,Website Development,Delhi,93017
9185,Yoshita Ganesh,"Kanda, Doctor and Sharma",Email Marketing,Hyderabad,141918
9186,Jairaj Hayer,"Khanna, Shankar and Iyer",Website Development,Kolkata,193335
9187,Kala Toor,Bali-Majumdar,Website Development,Delhi,72727
9188,Aarna Mutti,Chana-Bath,Google Ads,Mumbai,145305
9189,Vincent Rao,Bala-Shankar,Social Media Marketing,Jaipur,164059
9190,Vanya Walia,Bala-Chadha,Meta Ads,Ahmedabad,207679
9191,Imaran Deshpande,"Mangal, Raman and Konda",Meta Ads,Kolkata,158512
9192,Upkaar Tripathi,Nagi LLC,Meta Ads,Ahmedabad,219388
9193,Arjun Rajagopalan,Pal PLC,Meta Ads,Pune,78200
9194,Bimala Seth,"Nigam, Chawla and Sha",SEO,Pune,279999
9195,Farhan Batta,"Dara, Mody and Das",Website Development,Bangalore,203551
9196,Falak Borra,Sarkar Ltd,Social Media Marketing,Hyderabad,199422
9197,Hemal Varty,Kade and Sons,Google Ads,Hyderabad,246172
9198,Jairaj Roy,Ray Inc,SEO,Delhi,141713
9199,Chanchal Anand,Murthy-Wadhwa,Social Media Marketing,Delhi,61100
9200,Krisha Mammen,Raghavan-Kale,Email Marketing,Hyderabad,200365
9201,Kala Rajagopal,Bala and Sons,Social Media Marketing,Pune,135301
9202,Aahana Sehgal,Brar-Shanker,Email Marketing,Jaipur,239088
9203,Edhitha Kulkarni,Keer-Palla,Meta Ads,Kolkata,117767
9204,Orinder Rajagopalan,Parmer PLC,Google Ads,Ahmedabad,258880
9205,Imaran Sandal,"Konda, Brahmbhatt and Rattan",Website Development,Bangalore,251872
9206,Benjamin Reddy,Tella Group,AI Chatbot Development,Ahmedabad,70052
9207,Vanya Jha,Chad-Bal,Meta Ads,Delhi,186440
9208,Aashi Mody,"Mukhopadhyay, Chacko and Sur",Email Marketing,Pune,241867
9209,Varenya Batta,Shetty Group,Meta Ads,Ahmedabad,154914
9210,Amara Nath,Kamdar LLC,Google Ads,Mumbai,242463
9211,Tanay Panchal,"Shankar, Hayre and Mani",SEO,Hyderabad,295628
9212,Wridesh Sem,"Bajaj, Bhatt and Reddy",Google Ads,Kolkata,225654
9213,Eesha Loke,Bajwa-Ratti,Meta Ads,Jaipur,51043
9214,Ekaraj Tella,"Ganesh, Srinivasan and Anne",Content Marketing,Bangalore,63954
9215,Chaitaly Kade,Pau PLC,Content Marketing,Bangalore,30578
9216,Urvi Dhingra,Bhandari PLC,Website Development,Pune,58668
9217,Gopal Bhatt,Lad-Dey,Content Marketing,Kolkata,51098
9218,Keya Narang,"Jani, Kant and Saini",AI Chatbot Development,Pune,37032
9219,Wazir Garg,Iyer Group,Social Media Marketing,Mumbai,85558
9220,Pahal Wason,Karnik-Sampath,Content Marketing,Kolkata,139309
9221,Rishi Yadav,Ravi PLC,Google Ads,Mumbai,132886
9222,Rajata Agrawal,Venkataraman PLC,AI Chatbot Development,Bangalore,298405
9223,Ayush Randhawa,Butala PLC,SEO,Hyderabad,283235
9224,Yashawini Warrior,Sehgal Group,Social Media Marketing,Delhi,172962
9225,Kabir Kapur,Jha Ltd,Meta Ads,Jaipur,96152
9226,Viraj Sarma,"Som, Sathe and Kohli",Social Media Marketing,Bangalore,230102
9227,Hardik Goswami,"Modi, Narang and Prabhu",AI Chatbot Development,Pune,44221
9228,Tara Nagar,Parekh-Vala,Meta Ads,Mumbai,144542
9229,Yoshita Virk,"Sandhu, Agrawal and Vasa",Google Ads,Bangalore,153877
9230,Rishi Master,Kunda-Raju,Meta Ads,Kolkata,209693
9231,Advay Saxena,Rattan-Prabhu,Social Media Marketing,Kolkata,218493
9232,Dakshesh Balasubramanian,Sinha Inc,Email Marketing,Mumbai,53514
9233,Deepa Om,Ganesan Ltd,Google Ads,Pune,173513
9234,Devika Chadha,Andra Inc,SEO,Hyderabad,155665
9235,Krish Manda,Sibal Ltd,Website Development,Delhi,293330
9236,Sneha Rastogi,"Srinivas, Pandya and Bal",Website Development,Hyderabad,150406
9237,Lipika Jhaveri,Boase PLC,Content Marketing,Pune,137977
9238,Advik Tripathi,"Balakrishnan, Grover and Char",Google Ads,Jaipur,102199
9239,Dalbir Kaul,Madan-Pant,Email Marketing,Kolkata,82234
9240,Rushil Shetty,Dugar-Narayan,Google Ads,Pune,28283
9241,Aarini Naidu,"Wali, Bir and Gandhi",Content Marketing,Mumbai,80131
9242,Balveer Oak,Nazareth LLC,Email Marketing,Mumbai,224381
9243,Ria Amble,Ramakrishnan-Sundaram,Social Media Marketing,Delhi,256933
9244,Yug Banerjee,Chandran-Tank,Website Development,Mumbai,286985
9245,Aashi Khosla,Bumb-Chanda,Google Ads,Ahmedabad,94058
9246,Hema Misra,Nair Group,Google Ads,Jaipur,283936
9247,Yashvi Ranganathan,Chatterjee-Ramaswamy,Email Marketing,Bangalore,101589
9248,Baghyawati Bassi,Bhakta and Sons,Meta Ads,Delhi,149072
9249,Pratyush Kumar,Verma Ltd,Content Marketing,Delhi,188958
9250,Kritika Buch,Kala-Bhagat,Email Marketing,Bangalore,261439
9251,Onkar Bath,Wali-Saha,Content Marketing,Kolkata,79720
9252,Noah Gera,"Joshi, Barman and Badal",SEO,Pune,91779
9253,Baghyawati Balay,"Agarwal, Rout and Keer",Email Marketing,Kolkata,20513
9254,Pushti Kanda,Padmanabhan-Ben,Email Marketing,Hyderabad,201538
9255,Diya Bail,Kari and Sons,Google Ads,Pune,123020
9256,Vasatika Das,Gade-Swamy,SEO,Hyderabad,163740
9257,Sarthak Toor,"Venkataraman, Radhakrishnan and Issac",Social Media Marketing,Jaipur,25427
9258,Ronith Issac,Bandi Ltd,Meta Ads,Jaipur,88646
9259,Arya Sandhu,Purohit Ltd,Content Marketing,Bangalore,279190
9260,Sai Badal,"Goyal, Shankar and Mane",SEO,Bangalore,182360
9261,Hemangini Dara,"Nair, Chatterjee and Varghese",Social Media Marketing,Jaipur,109181
9262,Neha Sridhar,Bhargava Group,Social Media Marketing,Ahmedabad,257287
9263,Amrita Kashyap,Minhas-Aurora,Content Marketing,Jaipur,144644
9264,Indira Lala,Pall-Sangha,SEO,Hyderabad,24461
9265,Januja Vora,"Pathak, Hayer and Mangat",Website Development,Hyderabad,233955
9266,Finn Garde,Kalla-Ramesh,Email Marketing,Pune,176026
9267,Darsh Devi,"Bajwa, Pillai and Salvi",Google Ads,Mumbai,145878
9268,Champak Kar,Prabhakar-Arya,Content Marketing,Delhi,43411
9269,Amaira Sekhon,Ghose-Roy,Google Ads,Bangalore,89291
9270,Tamanna Nazareth,Tripathi PLC,Email Marketing,Mumbai,57576
9271,Lopa Krishna,Karnik LLC,SEO,Pune,72496
9272,Qadim Borah,Sunder-Basu,Website Development,Bangalore,167229
9273,Wakeeta Tiwari,Randhawa-Krishna,Content Marketing,Jaipur,72717
9274,Nicholas Iyer,Sarkar-Sant,AI Chatbot Development,Mumbai,98065
9275,Jeevika Raghavan,"Khurana, Bhasin and Sheth",SEO,Delhi,143218
9276,Xavier Lanka,"Kara, Raj and Nagi",Meta Ads,Pune,143756
9277,Parth Kuruvilla,"Basak, Venkataraman and Chaudhari",Meta Ads,Jaipur,123277
9278,Nathan Borah,"Borra, Nagy and Brar",Google Ads,Ahmedabad,294187
9279,Yasti Sood,Rai-Rastogi,Google Ads,Ahmedabad,136530
9280,Shivansh Chatterjee,Peri-Parikh,Content Marketing,Jaipur,144549
9281,Veer Dixit,"Prabhu, Cherian and Sawhney",Google Ads,Kolkata,148730
9282,Udant Ben,Ramakrishnan-Golla,Content Marketing,Jaipur,264243
9283,Abha Kaur,Sibal-Bajwa,AI Chatbot Development,Kolkata,244610
9284,Indali Gopal,"Bala, Hayre and Hari",Email Marketing,Mumbai,44207
9285,Garima Sharma,"Varghese, Sama and Merchant",SEO,Jaipur,205382
9286,Yashodhara Sachdev,Bhavsar LLC,Meta Ads,Delhi,154731
9287,Arya Bhalla,"Mital, Hayre and Wable",Google Ads,Jaipur,268454
9288,Aarush Sehgal,Vala Ltd,SEO,Kolkata,79842
9289,Yug Yadav,"Chowdhury, Chakraborty and Anand",Content Marketing,Bangalore,161030
9290,Nidra Vaidya,Comar-Suresh,Social Media Marketing,Jaipur,299515
9291,Yashasvi Luthra,Pandey PLC,Social Media Marketing,Delhi,114530
9292,Azad Hora,"Dayal, Aurora and Goswami",Website Development,Kolkata,23365
9293,Unni Taneja,"Kakar, Kohli and Krishnamurthy",Social Media Marketing,Delhi,77739
9294,Girik Swamy,Mitra-Bandi,Google Ads,Hyderabad,179348
9295,Fiyaz Jain,"Behl, Seth and Hari",Social Media Marketing,Hyderabad,210509
9296,Ubika Vala,Tella-Trivedi,Content Marketing,Kolkata,94327
9297,Harrison Rama,Bala PLC,Content Marketing,Pune,197435
9298,Eshana Raghavan,"Kota, Bath and Sathe",Content Marketing,Delhi,117551
9299,Anjali Mander,Gill LLC,Email Marketing,Ahmedabad,281366
9300,Jagat Bali,D’Alia-Bali,Google Ads,Bangalore,250262
9301,Rayaan Kalla,"Warrior, Bobal and Sahota",Email Marketing,Delhi,282681
9302,Yatan Khatri,Mammen Inc,Content Marketing,Mumbai,243166
9303,Anika Ravi,Kanda-Bahl,Website Development,Pune,230130
9304,Parth Sen,Grewal PLC,Google Ads,Mumbai,230619
9305,Gunbir Khare,"Verma, Mammen and Kapur",Content Marketing,Kolkata,134692
9306,Hema Oommen,Prashad Group,SEO,Pune,210555
9307,Lucky Sarkar,"Sant, Pillai and Dar",Email Marketing,Bangalore,260525
9308,Yauvani Minhas,Aurora Inc,Google Ads,Bangalore,295121
9309,Ladli Contractor,Baral Ltd,Email Marketing,Hyderabad,44399
9310,Kritika Gopal,Walia-Sankar,Meta Ads,Mumbai,133988
9311,Gopal Pillai,"Ray, Baral and Sharaf",AI Chatbot Development,Ahmedabad,56095
9312,Gauri Prabhu,Desai and Sons,AI Chatbot Development,Hyderabad,224987
9313,Naveen Pau,Dada-Dhaliwal,Content Marketing,Mumbai,279123
9314,Wishi Dugal,"Datta, Sheth and Sarin",Content Marketing,Bangalore,134510
9315,Charan Ramachandran,Mutti Ltd,SEO,Hyderabad,77907
9316,Chandran Purohit,Zacharia Group,Google Ads,Kolkata,238154
9317,Indali Pillai,"Buch, Pingle and Chawla",Google Ads,Hyderabad,111286
9318,Diya Bajwa,"Mital, Keer and Singhal",Google Ads,Pune,117291
9319,Megha Chaudhari,Gopal Inc,AI Chatbot Development,Bangalore,79084
9320,Hemangini Wason,Gara Ltd,Content Marketing,Ahmedabad,128637
9321,Kavya Gill,Chaudhry Group,Content Marketing,Hyderabad,271237
9322,Vidhi Loke,"Gulati, Buch and Sridhar",SEO,Hyderabad,223580
9323,Rishi Gokhale,Mohan-Palla,Social Media Marketing,Ahmedabad,223161
9324,Ekapad Keer,Purohit PLC,Email Marketing,Jaipur,133482
9325,Dominic Bail,"Jaggi, Bedi and Nadig",Content Marketing,Bangalore,21567
9326,Kevin Comar,Choudhry Ltd,SEO,Hyderabad,135285
9327,Urvashi Raj,Balakrishnan-Nayar,Email Marketing,Bangalore,230535
9328,Suhani Deshmukh,Luthra-Bobal,Website Development,Delhi,200625
9329,William Krish,Iyengar Ltd,Meta Ads,Mumbai,79566
9330,Triya Dugar,"Madan, Rout and Rege",Meta Ads,Kolkata,50225
9331,Harinakshi Lad,"Singhal, Saini and Lala",Content Marketing,Pune,136944
9332,Imaran Ratta,Bajwa-Walla,AI Chatbot Development,Delhi,42901
9333,Chakrika Sant,De-Krishnan,AI Chatbot Development,Jaipur,217719
9334,Rohan Oak,Kalla and Sons,Meta Ads,Delhi,62968
9335,Ucchal Das,Ratti-Sachar,Email Marketing,Mumbai,87256
9336,Yashasvi Patla,"Kata, Loke and Sampath",Meta Ads,Hyderabad,271560
9337,Ekalinga Mody,"Mahajan, Walia and Srinivasan",Google Ads,Bangalore,30707
9338,Lila Kale,Korpal LLC,Google Ads,Delhi,254015
9339,Manan Chopra,Nair-Shan,Content Marketing,Jaipur,271898
9340,Ekanta Vig,"Sem, Bir and Sampath",Social Media Marketing,Kolkata,295681
9341,Netra Banerjee,Bahri LLC,AI Chatbot Development,Kolkata,169348
9342,Arya Dewan,Chanda-Kumar,Email Marketing,Jaipur,185530
9343,Garima Ravi,Vala-Borah,Meta Ads,Mumbai,75813
9344,Rachit Korpal,Sathe-Ramaswamy,Email Marketing,Delhi,77870
9345,Jatin Dass,Kalla-Garde,AI Chatbot Development,Ahmedabad,196030
9346,Advik Mitter,"Murty, Mody and Chauhan",Content Marketing,Pune,290943
9347,Ayaan Sarma,Gokhale-Dalal,Google Ads,Delhi,24935
9348,Amruta Kamdar,Savant PLC,Content Marketing,Delhi,278220
9349,Ayaan Pandey,Naidu PLC,Website Development,Pune,233061
9350,Ekbal Dugar,Gopal PLC,Website Development,Delhi,233875
9351,Nisha Ratta,"Thaman, Basak and Dara",Website Development,Delhi,108165
9352,Pallavi Char,Narula Group,Email Marketing,Pune,204758
9353,Suhani Anne,"Bhakta, Sehgal and Ramesh",Email Marketing,Mumbai,237274
9354,Laban Dixit,"Viswanathan, Chawla and Bakshi",Google Ads,Ahmedabad,179954
9355,Teerth Ramaswamy,Sant-Sengupta,Content Marketing,Bangalore,275854
9356,Frederick Sehgal,Kapoor-Date,Google Ads,Delhi,130760
9357,Aadhya Dugar,"Kohli, Prakash and Shukla",SEO,Ahmedabad,298083
9358,Charan Sastry,"Narayan, Yadav and Saraf",Meta Ads,Jaipur,79678
9359,Tanveer Yogi,"Sabharwal, Bahl and Halder",Website Development,Jaipur,281929
9360,Nilima Rout,"Warrior, Bedi and Dada",Google Ads,Ahmedabad,278868
9361,Prisha Contractor,Ravi and Sons,Social Media Marketing,Bangalore,110041
9362,Girik Nigam,Comar PLC,Google Ads,Ahmedabad,136288
9363,Barkha Roy,Pall LLC,Website Development,Ahmedabad,83194
9364,Ekansh Contractor,Lala PLC,Website Development,Delhi,266523
9365,Omkaar Mitra,Jayaraman-Taneja,Social Media Marketing,Hyderabad,39205
9366,Jagvi Batta,"Bansal, Soni and Karan",SEO,Hyderabad,49508
9367,Urmi Chanda,Baral Group,Website Development,Kolkata,105638
9368,Falguni Nagar,Kapadia PLC,Social Media Marketing,Hyderabad,214810
9369,Pallavi Balasubramanian,Nagarajan-Bhandari,Social Media Marketing,Bangalore,199173
9370,Thomas Nagarajan,"Varma, Bal and Mander",Content Marketing,Bangalore,84834
9371,Urmi Borra,"Sodhi, Balay and Deshpande",Meta Ads,Kolkata,165988
9372,Chasmum Rai,Khosla LLC,Website Development,Mumbai,96283
9373,Vansha Krishnamurthy,"Venkatesh, Din and Bhasin",Social Media Marketing,Pune,75491
9374,Vihaan Mandal,Divan-Guha,Email Marketing,Hyderabad,56563
9375,Ethan Chadha,"Sachar, Bhagat and Bava",Meta Ads,Pune,55006
9376,Andrew Buch,"Kapoor, Pal and Sachar",AI Chatbot Development,Kolkata,240710
9377,Pranit Korpal,Sathe and Sons,Meta Ads,Delhi,115523
9378,Ayaan Garg,Kibe Ltd,Website Development,Ahmedabad,39567
9379,Atharv Rastogi,Das PLC,Google Ads,Ahmedabad,142301
9380,Krish Lala,Samra-Anand,AI Chatbot Development,Pune,155375
9381,Kiaan Reddy,Balasubramanian-Sani,Google Ads,Bangalore,151957
9382,Zayan Rana,"Lad, Kapur and Lata",Social Media Marketing,Bangalore,69186
9383,Wahab Khatri,Saran Inc,Social Media Marketing,Ahmedabad,134099
9384,Ishani Sharma,Karpe Group,SEO,Bangalore,24549
9385,Yashasvi Chander,Chana and Sons,Email Marketing,Ahmedabad,293319
9386,Gabriel Rajagopalan,Tiwari-Datta,Social Media Marketing,Jaipur,244735
9387,Tanay Raval,Devi-Dugal,AI Chatbot Development,Pune,263696
9388,Kala Bhasin,Aggarwal-Anand,Meta Ads,Hyderabad,36835
9389,Unni Boase,Gara-Pai,Meta Ads,Delhi,261645
9390,Riya Hari,Dua Ltd,Email Marketing,Bangalore,192292
9391,Daniel Samra,Nayak Ltd,Google Ads,Ahmedabad,229956
9392,Omkaar Prabhakar,Sathe Ltd,Google Ads,Delhi,128105
9393,Ranveer Borde,Narasimhan Group,Website Development,Kolkata,120720
9394,Chavvi Anne,Kapoor-Mukherjee,Content Marketing,Kolkata,35090
9395,Widisha Bassi,Gole Inc,Email Marketing,Mumbai,83451
9396,Jai Gola,Kanda PLC,Email Marketing,Bangalore,174001
9397,Sanya Vasa,Parikh LLC,SEO,Mumbai,180238
9398,Sathvik Palla,Oak-Mangat,Meta Ads,Mumbai,109514
9399,Forum Munshi,Vora Inc,AI Chatbot Development,Delhi,295361
9400,Nisha Bahri,"Sinha, Guha and Mital",Website Development,Jaipur,235899
9401,Adya Mann,"Sidhu, Bali and Shere",Website Development,Mumbai,143044
9402,Lajita D’Alia,Gill-Jain,Content Marketing,Pune,181764
9403,Urvi Chhabra,Sur Ltd,SEO,Delhi,72364
9404,Bina Deo,Munshi Ltd,AI Chatbot Development,Hyderabad,160747
9405,Rehaan Nath,Agarwal Inc,Meta Ads,Hyderabad,161951
9406,Mugdha Verma,Bhakta Ltd,Meta Ads,Jaipur,102492
9407,Pooja Varkey,Zachariah Ltd,AI Chatbot Development,Bangalore,212862
9408,Aadi Hari,Sodhi Group,SEO,Hyderabad,250276
9409,Utkarsh Agarwal,"Narain, Gupta and Lala",Content Marketing,Pune,67637
9410,Kai Singh,"Krishnan, Shah and Peri",Google Ads,Ahmedabad,54144
9411,Falguni Vala,Morar-Baral,Social Media Marketing,Ahmedabad,163636
9412,Balhaar Karnik,Nagy Group,SEO,Hyderabad,74027
9413,Nathaniel Agrawal,Bobal-Jaggi,AI Chatbot Development,Kolkata,204315
9414,Deepa Minhas,"Merchant, Gupta and Menon",Website Development,Delhi,120936
9415,Upma Raman,Bajwa Inc,Email Marketing,Jaipur,187729
9416,Pahal Murty,"Barad, Dugal and Bajaj",AI Chatbot Development,Mumbai,177329
9417,Manbir Kunda,Yogi PLC,Social Media Marketing,Delhi,49256
9418,Samar Tak,Manne and Sons,Meta Ads,Ahmedabad,59894
9419,Forum Pal,Raval-Basak,Google Ads,Jaipur,124665
9420,Ekapad Mannan,"Agate, Dewan and Sharaf",Social Media Marketing,Ahmedabad,187523
9421,Quincy Dar,Oommen-Padmanabhan,AI Chatbot Development,Mumbai,111975
9422,Harsh Mander,Solanki-Nagarajan,SEO,Mumbai,146805
9423,Qushi Balay,Hayre Inc,Email Marketing,Ahmedabad,220070
9424,George Dyal,Khalsa and Sons,Content Marketing,Ahmedabad,110842
9425,Keya Shan,Kannan-Bath,Meta Ads,Pune,142540
9426,Darika Goswami,Nair Inc,Website Development,Ahmedabad,68900
9427,Qushi Choudhry,Iyengar PLC,AI Chatbot Development,Delhi,54301
9428,Anita Radhakrishnan,Mistry and Sons,Website Development,Jaipur,140845
9429,Bhavini Khosla,Chander-Borde,AI Chatbot Development,Mumbai,167032
9430,Gagan Kaul,Bassi and Sons,Meta Ads,Hyderabad,21153
9431,Gabriel Sachar,Edwin Inc,Content Marketing,Ahmedabad,113152
9432,Aarav Deshmukh,Amble PLC,Website Development,Hyderabad,235016
9433,Azaan Vala,Prabhakar-Bhagat,Website Development,Bangalore,177238
9434,Kritika Sarma,Ganesan-Palan,Website Development,Bangalore,154927
9435,Zehaan Nadkarni,Mohan-Chada,Website Development,Kolkata,214472
9436,Upma Venkatesh,Sampath PLC,Google Ads,Ahmedabad,248683
9437,Aarna Apte,"Sami, Ray and Narayan",AI Chatbot Development,Jaipur,286196
9438,Simon Nadig,Date-Issac,Content Marketing,Pune,170979
9439,Ekani Palan,Kapur Inc,Meta Ads,Hyderabad,150594
9440,Sanya Ramanathan,Hari and Sons,Meta Ads,Ahmedabad,90019
9441,Aarini Singh,Choudhary PLC,Social Media Marketing,Pune,30917
9442,Charles Bansal,Bhatnagar-Sodhi,Email Marketing,Hyderabad,127060
9443,Yashoda Ganguly,Suresh and Sons,Social Media Marketing,Jaipur,202135
9444,Kavya Peri,"Tak, Misra and Iyengar",Meta Ads,Pune,162595
9445,Wyatt Tailor,Raman-Reddy,Email Marketing,Jaipur,150410
9446,Tanvi Ramachandran,Subramaniam Ltd,Content Marketing,Ahmedabad,168572
9447,Anya Sridhar,"Manda, Lall and Viswanathan",Social Media Marketing,Bangalore,189196
9448,Lekha Sood,"Sen, Deshmukh and Gupta",Google Ads,Kolkata,232261
9449,Viraj Raj,Murty-Shroff,Social Media Marketing,Jaipur,155588
9450,Chandani Gara,Doctor-Trivedi,Email Marketing,Delhi,294220
9451,Falguni Bansal,Oza Inc,Website Development,Jaipur,39731
9452,Bahadurjit Dhingra,Khanna-Raghavan,Social Media Marketing,Hyderabad,91499
9453,Divya Lad,Dugar LLC,Email Marketing,Bangalore,164059
9454,Eshana Divan,Sethi-Dar,AI Chatbot Development,Ahmedabad,217809
9455,Neha Palan,Deshmukh Group,Content Marketing,Ahmedabad,255915
9456,Kiaan Pant,"Raju, Shenoy and Wason",AI Chatbot Development,Kolkata,28598
9457,Samesh Varghese,"Wadhwa, Chandra and Chauhan",Content Marketing,Delhi,259901
9458,Leela Bose,"Mahajan, Nanda and Ahluwalia",SEO,Ahmedabad,46995
9459,Xalak Mahal,Balay PLC,Google Ads,Hyderabad,250851
9460,Andrew Desai,"Sagar, Mandal and Mand",Google Ads,Delhi,33797
9461,Aarnav Oommen,Raja PLC,Website Development,Hyderabad,254897
9462,Kamya Raghavan,Sethi Group,Google Ads,Pune,225619
9463,Varenya Thakkar,Patla-Menon,Email Marketing,Pune,239588
9464,Kala Tank,Mani-Deshmukh,Content Marketing,Pune,20027
9465,Hredhaan Modi,Andra LLC,Social Media Marketing,Delhi,284861
9466,Anjali Issac,Gandhi PLC,Content Marketing,Jaipur,70290
9467,Peter Subramanian,"Raghavan, Soman and D’Alia",Content Marketing,Kolkata,173370
9468,Tanay Raghavan,Minhas-Thakur,AI Chatbot Development,Mumbai,127169
9469,Ishanvi Raval,Agate and Sons,AI Chatbot Development,Bangalore,212905
9470,Imaran Kar,Divan Ltd,Content Marketing,Pune,29776
9471,Bimala Parsa,"Chauhan, Badal and Bath",AI Chatbot Development,Pune,28723
9472,Arya Batra,"Basak, Comar and Shah",Social Media Marketing,Ahmedabad,234186
9473,Niharika Vora,"Lad, Ray and Shenoy",Website Development,Kolkata,199912
9474,Tara Sodhi,Bahri-Shanker,AI Chatbot Development,Jaipur,91153
9475,Bhavika Dhar,"Natarajan, Mane and Prashad",AI Chatbot Development,Mumbai,247873
9476,Yatan Gandhi,"Vora, Pradhan and Devi",Google Ads,Kolkata,107985
9477,Wazir Sangha,Kapadia-Deshpande,Social Media Marketing,Kolkata,85206
9478,Mohini Pradhan,Madan PLC,AI Chatbot Development,Jaipur,88185
9479,Isaiah Sarkar,Khurana-Swaminathan,Social Media Marketing,Jaipur,146205
9480,Sathvik Naidu,Narang Inc,Social Media Marketing,Kolkata,244307
9481,Abha Bhattacharyya,Sagar-Shanker,Meta Ads,Ahmedabad,177734
9482,Manthan Bhargava,Chhabra-Kumar,Google Ads,Ahmedabad,150740
9483,Chatresh Khare,"Majumdar, Raj and Ghosh",AI Chatbot Development,Bangalore,233492
9484,Indira Kakar,"Seshadri, Bahri and Kala",SEO,Ahmedabad,122688
9485,Aishani Yohannan,"Nazareth, Saini and Kara",Social Media Marketing,Pune,135728
9486,Turvi Mahajan,Raval-Sen,SEO,Delhi,31395
9487,Saanvi Grewal,Borah and Sons,Google Ads,Mumbai,250306
9488,Omya Mani,"Sandhu, Maharaj and Loyal",Content Marketing,Pune,64071
9489,Jonathan Taneja,"Varghese, Parmer and Saini",Website Development,Jaipur,174112
9490,Ansh Narayanan,Jayaraman-Mitra,Social Media Marketing,Mumbai,276757
9491,Kevin Wali,Verma PLC,Email Marketing,Pune,294821
9492,Diya Date,"Maharaj, Sha and Das",Content Marketing,Kolkata,45570
9493,Wriddhish Kaul,Bhavsar-Suresh,Website Development,Ahmedabad,191729
9494,Anamika Ray,Dutt Group,Content Marketing,Mumbai,47056
9495,Warjas Yohannan,"Datta, Joshi and Ben",Website Development,Ahmedabad,133053
9496,Maya Ranganathan,"Bhakta, Verma and Patla",AI Chatbot Development,Hyderabad,167460
9497,Krish Konda,"Boase, Khurana and Ramachandran",Website Development,Hyderabad,231270
9498,Rachit Anne,Shankar-Borra,Content Marketing,Bangalore,141964
9499,Kashish Sodhi,Kalita-Prakash,Google Ads,Delhi,98925
9500,Victor Gara,"Merchant, Mangat and Wason",Website Development,Bangalore,214397
9501,Harshil Modi,Kant PLC,Email Marketing,Ahmedabad,66544
9502,Jagat Datta,"Aggarwal, Acharya and Nagar",Email Marketing,Jaipur,255139
9503,Ayush Shetty,Palan and Sons,Website Development,Delhi,254094
9504,Osha Randhawa,Loke-Kade,AI Chatbot Development,Hyderabad,207342
9505,Oscar Sidhu,Kanda-Nazareth,Email Marketing,Kolkata,244399
9506,Simon Sheth,Tara and Sons,Meta Ads,Ahmedabad,91253
9507,Aarini Sunder,"Sandal, Raghavan and Virk",Content Marketing,Bangalore,225737
9508,Pallavi Pandya,Balay Group,Email Marketing,Pune,41569
9509,Nidra Sathe,Bal Group,Email Marketing,Kolkata,158918
9510,Finn Chadha,Trivedi-Bhardwaj,Email Marketing,Pune,162928
9511,Naveen Prabhu,"Sinha, Bhatnagar and Prashad",AI Chatbot Development,Bangalore,169558
9512,Harsh Puri,Buch Group,Social Media Marketing,Mumbai,205672
9513,Om Agate,Ray-Pingle,Website Development,Kolkata,261012
9514,Bimala Mishra,Sidhu and Sons,AI Chatbot Development,Jaipur,145842
9515,Viraj Kamdar,Kota LLC,Email Marketing,Ahmedabad,264177
9516,Vidhi Badal,Narang-Divan,Content Marketing,Kolkata,167530
9517,Champak Kurian,Pant-Chaudhry,SEO,Hyderabad,98799
9518,Guneet Kar,Patel Group,SEO,Kolkata,240856
9519,Jeevika Dora,Kulkarni Ltd,Email Marketing,Pune,62214
9520,Sachi Gulati,Comar PLC,AI Chatbot Development,Kolkata,203884
9521,Adweta Chokshi,"Mand, Bhargava and Vaidya",Website Development,Hyderabad,66277
9522,Hiral Sani,Khanna-Bains,Google Ads,Pune,267036
9523,Kalpit Bava,"Vohra, Pingle and Manda",Website Development,Bangalore,51140
9524,Abeer Ramesh,"Sur, Rana and Ram",SEO,Jaipur,44385
9525,Ati Amble,Modi PLC,AI Chatbot Development,Jaipur,234455
9526,Anika Pingle,Balakrishnan-Shanker,Social Media Marketing,Ahmedabad,207206
9527,Ethan Sankaran,"Venkataraman, Lall and Cherian",Meta Ads,Bangalore,172308
9528,Chatresh Ranganathan,Bandi-Gandhi,AI Chatbot Development,Pune,148013
9529,Indrajit Sethi,"Sood, Goel and Savant",Social Media Marketing,Ahmedabad,211604
9530,Upkaar Mistry,Mammen Ltd,Website Development,Pune,114525
9531,Jason Munshi,"Agrawal, Tiwari and Srinivas",Website Development,Mumbai,235806
9532,Kala Choudhary,Rastogi-Char,Content Marketing,Jaipur,27066
9533,Ladli Wali,"Mallick, Mittal and Dugar",SEO,Hyderabad,264535
9534,Upadhriti Chawla,Gupta and Sons,SEO,Delhi,56773
9535,Laban Wadhwa,Cheema and Sons,SEO,Bangalore,181305
9536,Arjun Garg,Dutta PLC,Social Media Marketing,Ahmedabad,60787
9537,Jagrati Babu,Dua-Johal,Google Ads,Ahmedabad,184814
9538,Ishaan Rai,Loyal LLC,Google Ads,Delhi,73373
9539,Leela Boase,Gara-Batra,Social Media Marketing,Bangalore,254787
9540,Oscar Hora,Mallick-Ben,AI Chatbot Development,Ahmedabad,243548
9541,Vamakshi Barad,Bora and Sons,Google Ads,Hyderabad,180648
9542,Mason Chana,"Doshi, Sehgal and Mane",Email Marketing,Kolkata,242848
9543,Aditya Sankar,"Tata, D’Alia and Ravel",Google Ads,Ahmedabad,287974
9544,Kai Baria,Dalal-Minhas,Email Marketing,Jaipur,167148
9545,Samarth Nagi,"Dugar, D’Alia and Pal",Email Marketing,Ahmedabad,229660
9546,Adya Rau,Gupta and Sons,Content Marketing,Mumbai,28295
9547,Odika Mand,"Upadhyay, Buch and Kibe",Social Media Marketing,Mumbai,213388
9548,Dalbir Ravi,Bhargava-Vala,Content Marketing,Pune,216569
9549,Adya Shah,"More, Bedi and Chaudhary",SEO,Delhi,164822
9550,Farhan Luthra,Chander Inc,Meta Ads,Bangalore,141402
9551,Veer Bahri,Dayal Inc,SEO,Mumbai,117483
9552,Anjali Sahota,"Chandran, Sampath and Bala",Email Marketing,Ahmedabad,169827
9553,Kabir Boase,Seth LLC,SEO,Pune,165877
9554,Triya Mangal,Gade-Bhavsar,Email Marketing,Bangalore,241423
9555,Ladli Ganguly,"Prabhakar, Dewan and Parmer",Meta Ads,Mumbai,55172
9556,Varsha Sethi,Amble-Shanker,AI Chatbot Development,Jaipur,205888
9557,Kashish Anne,"Dhar, Chopra and Srinivas",Google Ads,Bangalore,66262
9558,Chavvi Nazareth,Balay Inc,Content Marketing,Ahmedabad,36898
9559,George Khanna,"Goel, Mukhopadhyay and Shah",AI Chatbot Development,Kolkata,181233
9560,Bimala Nazareth,"Seth, Prabhu and Manne",Email Marketing,Bangalore,131785
9561,Vincent Yogi,"Comar, Uppal and Saha",Google Ads,Hyderabad,257912
9562,Aditya Sheth,Guha-Nori,Social Media Marketing,Mumbai,156917
9563,Vedhika Shah,Nagar PLC,Email Marketing,Hyderabad,178568
9564,Akshay Kapadia,"Naik, Jaggi and Oza",Meta Ads,Jaipur,118554
9565,Idika Hans,Mani LLC,Social Media Marketing,Hyderabad,167862
9566,Naksh Aurora,"Om, Yadav and Sur",Google Ads,Jaipur,107285
9567,Vedant Vora,Bala-Murthy,Website Development,Kolkata,138310
9568,Tanveer Modi,Bawa Ltd,Social Media Marketing,Delhi,233011
9569,Baghyawati Sem,Chauhan-Sunder,Content Marketing,Hyderabad,280519
9570,Unnati Morar,"Dubey, Chauhan and Divan",Email Marketing,Hyderabad,70075
9571,Anita Kale,Kanda Group,Website Development,Delhi,126721
9572,Ijaya Ramaswamy,Dugal-Chakraborty,Social Media Marketing,Delhi,285018
9573,Daniel Kumar,"Bir, Subramanian and Bedi",Website Development,Jaipur,94110
9574,Harish Rastogi,Ravi and Sons,Social Media Marketing,Pune,122548
9575,Caleb Varkey,Peri Inc,AI Chatbot Development,Ahmedabad,186870
9576,Nakul Dyal,Gola Inc,Google Ads,Pune,130120
9577,Lopa Minhas,"Barman, Loyal and Toor",Social Media Marketing,Mumbai,82352
9578,Niharika Nayak,Sabharwal Ltd,Email Marketing,Pune,200212
9579,Jatin Mane,Subramanian LLC,SEO,Hyderabad,59833
9580,Zansi Ram,"Batra, Dhawan and Goda",Meta Ads,Ahmedabad,193168
9581,Jasmit Rana,"Shankar, Wadhwa and Issac",Social Media Marketing,Delhi,217546
9582,Jacob Gole,Gokhale-Trivedi,Email Marketing,Pune,113226
9583,Tanish Parsa,Dhar-Rao,Website Development,Bangalore,70908
9584,Sudiksha Narasimhan,"Chadha, More and Lad",Website Development,Hyderabad,299179
9585,Kashvi Kalla,Karan-Bobal,Google Ads,Jaipur,49091
9586,Pooja Din,"Iyengar, Vasa and Tata",Website Development,Delhi,155371
9587,William Chana,Kannan-Dewan,Content Marketing,Bangalore,155851
9588,Geetika Suri,Ramanathan-Shetty,Meta Ads,Mumbai,183450
9589,Charvi Kashyap,Bajwa Ltd,Meta Ads,Delhi,213973
9590,Owen Arya,"Chander, Sekhon and Saini",Email Marketing,Bangalore,47274
9591,Osha Savant,Deol and Sons,Google Ads,Mumbai,53194
9592,Baghyawati Bhakta,Bakshi-Jayaraman,Social Media Marketing,Mumbai,267559
9593,Ekta Prabhakar,Walla-Chandran,Website Development,Hyderabad,67541
9594,Jagrati Bhargava,Mody-Dua,Google Ads,Hyderabad,230542
9595,Victor Dhar,Talwar PLC,Google Ads,Bangalore,150788
9596,Nitesh Manne,Yadav Ltd,Google Ads,Pune,206834
9597,Guneet Badami,Rastogi-Mohan,Social Media Marketing,Bangalore,48297
9598,Azaan Kurian,Chand PLC,Google Ads,Pune,137155
9599,Vivaan Shenoy,Sule Group,SEO,Bangalore,50873
9600,Hritik Sunder,Kuruvilla Group,AI Chatbot Development,Hyderabad,25380
9601,Yutika Apte,"Tella, Kumer and Naik",Email Marketing,Kolkata,299353
9602,Chameli Babu,Mander-Shanker,Google Ads,Delhi,44878
9603,Orinder Koshy,Ahluwalia-Comar,Content Marketing,Pune,178900
9604,Anirudh Thaman,Divan and Sons,Social Media Marketing,Pune,259399
9605,Zayan Lad,Vig Group,Content Marketing,Ahmedabad,144455
9606,Falan Tripathi,"Dubey, Sanghvi and Kota",AI Chatbot Development,Pune,179161
9607,Ekani Parikh,"Ratti, Radhakrishnan and Rout",Google Ads,Mumbai,71527
9608,Andrew Ganesan,"Bhagat, Joshi and Dada",Meta Ads,Ahmedabad,159932
9609,Samaksh Baria,Nadig-Misra,Social Media Marketing,Mumbai,48875
9610,Henry Mittal,Chawla LLC,Content Marketing,Hyderabad,63009
9611,Abhiram Gola,"Khanna, Kothari and Mann",Google Ads,Jaipur,239860
9612,Farhan Munshi,Bhandari-Bhandari,Google Ads,Ahmedabad,219510
9613,Vamakshi Mutti,Pandya-Kaul,Google Ads,Jaipur,50866
9614,Falan Sama,Nayar-Banik,Meta Ads,Mumbai,151102
9615,Adweta Lalla,Mohanty PLC,Meta Ads,Delhi,232073
9616,Jeet Din,Varty and Sons,Meta Ads,Ahmedabad,283956
9617,Charan Dube,"Mangat, Mander and Shenoy",Meta Ads,Mumbai,63892
9618,Yadavi Gala,Bajaj-Choudhary,Email Marketing,Pune,230820
9619,Yug Jhaveri,"Goswami, Saha and Zachariah",Meta Ads,Ahmedabad,219994
9620,Gautami Chakrabarti,"Barad, Korpal and Rai",Meta Ads,Jaipur,297389
9621,Pavani Rao,Apte Inc,Website Development,Hyderabad,280345
9622,Saumya Raghavan,"Sani, Prasad and Talwar",Google Ads,Jaipur,25831
9623,Krishna Deshpande,Ranganathan Group,Social Media Marketing,Bangalore,92955
9624,Falak Gill,Bedi Ltd,Social Media Marketing,Kolkata,87898
9625,Chakradhar Buch,Nadkarni Group,Meta Ads,Kolkata,45772
9626,Advik Bora,"Parikh, Anne and Desai",Website Development,Mumbai,96424
9627,Radha Raja,"Chakraborty, Kata and Natt",SEO,Jaipur,262903
9628,Triya Kaul,Badami Ltd,AI Chatbot Development,Pune,278655
9629,Yadavi Khurana,Pal and Sons,Meta Ads,Hyderabad,120335
9630,Kalpit Lall,Chadha PLC,Email Marketing,Delhi,95889
9631,Chandani Gola,Mitra and Sons,Social Media Marketing,Delhi,174791
9632,Amruta Goda,"Grewal, Agrawal and Bhattacharyya",Social Media Marketing,Mumbai,43433
9633,Hardik Raja,Yadav Ltd,Social Media Marketing,Jaipur,97290
9634,Owen Garg,"Mandal, Vora and Char",Content Marketing,Jaipur,219283
9635,Advika Vala,"Thakkar, Mani and Loke",SEO,Hyderabad,35036
9636,Krisha Bassi,Om Inc,Meta Ads,Mumbai,157440
9637,Mitesh Sawhney,"Minhas, Venkataraman and Dhawan",SEO,Ahmedabad,208016
9638,Arunima Lanka,Varty Inc,AI Chatbot Development,Kolkata,158144
9639,Yashvi Gaba,"Sanghvi, Mahajan and Deshmukh",Email Marketing,Ahmedabad,198816
9640,Zaid Dhawan,Sehgal-Mahal,SEO,Jaipur,154834
9641,Ekavir Ramaswamy,Kashyap and Sons,Google Ads,Pune,248406
9642,Divya Koshy,Ram-Nath,Content Marketing,Hyderabad,127079
9643,Ekanta Jain,Misra-Murty,SEO,Delhi,223910
9644,Yahvi Nayar,"Dhar, Sampath and Chokshi",Social Media Marketing,Pune,246185
9645,Ayaan Nadig,"Prashad, Setty and Bath",Meta Ads,Bangalore,289915
9646,Theodore Nayar,Pau-Patel,Email Marketing,Kolkata,219710
9647,Yamini Sarraf,Toor-Rastogi,Social Media Marketing,Ahmedabad,144599
9648,Aditya Savant,Badal Ltd,Google Ads,Bangalore,224133
9649,Yutika Sur,"Bhalla, Sha and Bawa",SEO,Ahmedabad,87096
9650,Oscar Keer,"Tailor, Nayak and Shenoy",Meta Ads,Jaipur,66233
9651,Fitan Saini,"Varty, Mammen and Dixit",Google Ads,Bangalore,220377
9652,Faras Korpal,Sami PLC,SEO,Hyderabad,272703
9653,Farhan Sha,"Mody, Dugal and Bajaj",AI Chatbot Development,Kolkata,61755
9654,Jai Kapadia,Bhargava Group,SEO,Bangalore,286830
9655,Yashvi Gour,"Loke, Bhalla and Goswami",SEO,Bangalore,192632
9656,Ishita Srinivas,Purohit Inc,Google Ads,Hyderabad,293183
9657,Vivaan Kurian,Thakkar-Uppal,Social Media Marketing,Bangalore,108336
9658,Tanay Mitter,Kapoor LLC,AI Chatbot Development,Hyderabad,58492
9659,Sarthak Banerjee,"Rattan, Bobal and Kaul",Google Ads,Hyderabad,260963
9660,Yashvi Raval,"Wali, Nagi and Gara",SEO,Pune,142347
9661,Aadhya Apte,"Khalsa, Chauhan and Palan",AI Chatbot Development,Kolkata,87185
9662,Jalsa Sheth,Sastry-Sharaf,Website Development,Pune,68746
9663,Devika Bhavsar,Bhakta-Tiwari,Content Marketing,Kolkata,132749
9664,Panini Bahri,Viswanathan and Sons,SEO,Pune,135900
9665,Praneel Iyengar,Vohra-Sarraf,Meta Ads,Ahmedabad,278696
9666,Charles Nanda,"Khurana, Lall and Dhar",SEO,Hyderabad,287666
9667,Oeshi Baral,"Sachdeva, Kala and Singh",Content Marketing,Ahmedabad,193921
9668,Krisha Divan,Sundaram PLC,Content Marketing,Mumbai,107450
9669,Jairaj Pandey,Raj Ltd,Social Media Marketing,Mumbai,103283
9670,Turvi Kade,Chahal PLC,Meta Ads,Jaipur,78082
9671,Panini Shenoy,Prabhu-Kulkarni,Website Development,Mumbai,148696
9672,Matthew Dubey,Doshi Ltd,Social Media Marketing,Bangalore,41880
9673,Barkha Sani,Dora-Hayre,Content Marketing,Pune,243920
9674,Nakul Amble,"Walia, Dugal and Bhakta",AI Chatbot Development,Ahmedabad,274257
9675,Libni Mannan,Sharaf-Mitter,Content Marketing,Kolkata,283392
9676,Aadi Shere,"Gokhale, Kapur and Bhavsar",SEO,Ahmedabad,166036
9677,Janani Lanka,Gokhale-Bala,Social Media Marketing,Bangalore,271464
9678,Yashvi Mohanty,Mane Ltd,AI Chatbot Development,Hyderabad,190631
9679,Edhitha Rajagopal,Prabhakar LLC,Email Marketing,Pune,96839
9680,Farhan Cherian,"Chahal, Sampath and Subramanian",Google Ads,Bangalore,207387
9681,Manan Parekh,Kalita-Mangal,Website Development,Delhi,270387
9682,Upkaar Purohit,"Kota, Pillai and Gole",Social Media Marketing,Pune,192885
9683,Jagvi Nayar,Halder-Kashyap,Meta Ads,Kolkata,163936
9684,Liam Kumar,Dubey-Srinivas,Email Marketing,Hyderabad,65605
9685,Tamanna Manne,Raj-Misra,Google Ads,Hyderabad,296070
9686,Balvan Peri,"Lad, Pillai and Samra",Content Marketing,Mumbai,244679
9687,Eiravati Khanna,Barad-Bail,Email Marketing,Pune,83072
9688,Laksh Ramanathan,Narasimhan Ltd,Google Ads,Kolkata,242508
9689,Chatresh Yadav,Tank and Sons,AI Chatbot Development,Pune,137450
9690,Garima Wadhwa,"Varughese, Peri and Raval",AI Chatbot Development,Ahmedabad,206432
9691,Ranveer Walia,Oommen-Bhalla,Social Media Marketing,Delhi,207794
9692,Rayaan Sinha,Mall LLC,Content Marketing,Hyderabad,78506
9693,Yatan Bath,Sagar-Aggarwal,Content Marketing,Kolkata,297551
9694,Yashica Contractor,Sabharwal-Mangat,Content Marketing,Bangalore,24160
9695,Sai Chaudry,"Shroff, Desai and Pant",SEO,Bangalore,204005
9696,Daksh Cheema,"Dara, Mangat and Ramesh",Meta Ads,Jaipur,77806
9697,Rajeshri Tandon,"Mahal, Manne and Boase",Content Marketing,Bangalore,39733
9698,Rehaan Chanda,"Jhaveri, Raghavan and Sehgal",Google Ads,Pune,269246
9699,Gabriel Wali,"Gola, Karan and Sen",Meta Ads,Mumbai,167210
9700,Laban Kumer,Chacko LLC,Meta Ads,Mumbai,294897
9701,Gauri Sur,"Batta, Nagi and Nair",AI Chatbot Development,Bangalore,180070
9702,Radhika Bawa,Saha-Narayanan,Meta Ads,Kolkata,220052
9703,Tripti Lanka,Seth-Kibe,Content Marketing,Jaipur,292577
9704,Tristan Comar,"Biswas, Bhatia and Gokhale",AI Chatbot Development,Ahmedabad,45855
9705,Tripti Yohannan,"Chander, Issac and Brahmbhatt",Google Ads,Jaipur,163966
9706,Jagvi Thakur,Malhotra PLC,SEO,Bangalore,123040
9707,Zarna Rama,Chakraborty-Tata,AI Chatbot Development,Jaipur,57743
9708,Divya Walia,Karan Ltd,Social Media Marketing,Bangalore,249970
9709,Panini Keer,Sandal-Dyal,Website Development,Pune,296291
9710,Jagat Dyal,"Goda, Behl and Patla",Content Marketing,Ahmedabad,274788
9711,Netra Prakash,Kohli-Cheema,Google Ads,Pune,191073
9712,Triya Bobal,Pal-Sane,AI Chatbot Development,Hyderabad,238538
9713,Rishi Datta,Venkataraman-Gaba,SEO,Pune,148475
9714,Advaith Bhandari,Borde-Loyal,Meta Ads,Ahmedabad,41444
9715,Christopher Narayanan,Ratti-Pillai,Content Marketing,Kolkata,160154
9716,Ethan Bhat,"Chandran, Magar and Kannan",Content Marketing,Mumbai,279927
9717,Nilima Shah,Garde Inc,Meta Ads,Jaipur,194460
9718,Xavier Gour,Arora and Sons,Website Development,Ahmedabad,176716
9719,Panini Ram,Bose-Agarwal,Google Ads,Delhi,100298
9720,Damini Agate,Dewan Inc,Social Media Marketing,Ahmedabad,253018
9721,Caleb Swaminathan,Narasimhan PLC,Meta Ads,Pune,42320
9722,Tristan Nagar,Karan LLC,Meta Ads,Delhi,207389
9723,Balendra Nanda,"Edwin, Bawa and Mohan",Social Media Marketing,Bangalore,148922
9724,Pushti Bir,Jaggi-Oza,SEO,Kolkata,258020
9725,Isha Kanda,"Ranganathan, Gupta and Sahota",Social Media Marketing,Pune,92750
9726,Harita Raghavan,Raval LLC,Google Ads,Mumbai,222520
9727,Ekapad Swamy,Kalla LLC,Meta Ads,Ahmedabad,156221
9728,Advika Badal,Dugal-Ray,Website Development,Pune,228490
9729,Januja Bhattacharyya,"Pathak, Devi and Ahuja",Email Marketing,Hyderabad,171294
9730,Nicholas Sawhney,"Saran, Hayer and Ramachandran",Content Marketing,Jaipur,253733
9731,Logan Johal,Sule-Choudhary,SEO,Kolkata,200037
9732,Jai Parmar,Kade LLC,Google Ads,Delhi,284698
9733,Chanchal Mani,Raval Group,Google Ads,Kolkata,273375
9734,Tanish Bajwa,"Lad, Pradhan and Wagle",Social Media Marketing,Pune,55925
9735,Veer Rana,"Natarajan, Bansal and Sant",Meta Ads,Hyderabad,176728
9736,Vrishti Nazareth,Nadig Ltd,Google Ads,Hyderabad,106618
9737,Barkha Raghavan,Shukla Group,Social Media Marketing,Bangalore,72591
9738,Eta Ganguly,Sibal-Nair,Content Marketing,Hyderabad,113240
9739,Sachi Mani,"Zachariah, Tandon and Rama",Website Development,Pune,269492
9740,Joshua Madan,Kapoor-Jaggi,AI Chatbot Development,Kolkata,253277
9741,Ishanvi Barad,"Gokhale, Sodhi and Mangal",Content Marketing,Pune,218828
9742,Nidra Johal,"Chaudry, Virk and Chowdhury",Social Media Marketing,Jaipur,272396
9743,Matthew Swamy,Korpal and Sons,SEO,Pune,190993
9744,Samaksh Chand,"Krish, Mukherjee and Basu",AI Chatbot Development,Hyderabad,130229
9745,Pushti Kala,Anand Group,AI Chatbot Development,Bangalore,246444
9746,Chakrika Chandran,Choudhary LLC,Email Marketing,Kolkata,73397
9747,Abhimanyu Walia,Nagi Ltd,Social Media Marketing,Ahmedabad,111604
9748,Advika Badal,"Bandi, Rajagopalan and Tata",Meta Ads,Jaipur,159267
9749,Devika Khatri,Kanda-Chada,SEO,Kolkata,232292
9750,Lila Tailor,Bose and Sons,Website Development,Hyderabad,79010
9751,Gagan Ranganathan,Manda and Sons,Social Media Marketing,Bangalore,208713
9752,Eiravati Mani,Goda-Ramakrishnan,Email Marketing,Kolkata,85530
9753,Nakul Varughese,"Viswanathan, Nigam and Sehgal",SEO,Jaipur,77561
9754,Mekhala Rama,Bhatt-Halder,Google Ads,Pune,152257
9755,Wishi Sankaran,Mohanty-Sunder,Email Marketing,Kolkata,139913
9756,Anusha Dyal,Nayak-Kuruvilla,AI Chatbot Development,Hyderabad,146034
9757,Wyatt Kadakia,Badal PLC,Google Ads,Hyderabad,273627
9758,Yash Chahal,Dash Group,Meta Ads,Mumbai,204757
9759,Hemani Palla,Kakar Inc,Social Media Marketing,Kolkata,282396
9760,Indira Kakar,"Pandya, Oza and Shukla",Social Media Marketing,Ahmedabad,153463
9761,Harshil Sidhu,"Sama, Kanda and Chakrabarti",Google Ads,Bangalore,199625
9762,Damini Gupta,"Sundaram, Pradhan and Boase",AI Chatbot Development,Kolkata,182015
9763,Joshua Kumer,Narula Ltd,Google Ads,Ahmedabad,299952
9764,Eesha Kala,Setty-Sekhon,Social Media Marketing,Pune,265153
9765,Geetika Barad,Dani LLC,Website Development,Pune,99507
9766,Bishakha Narang,"Dalal, Saran and Tak",Website Development,Mumbai,212266
9767,Radhika Thakkar,Shukla-Soman,Social Media Marketing,Pune,29255
9768,Gaurika Mishra,Padmanabhan PLC,Social Media Marketing,Kolkata,178026
9769,Qarin Rajagopalan,Sathe-Bandi,Email Marketing,Pune,282975
9770,Rajata Rau,Bhargava-Khanna,Google Ads,Ahmedabad,231000
9771,Siya Minhas,"Bail, Pai and Dayal",SEO,Mumbai,298346
9772,Wyatt Sur,"Sandhu, Morar and Loke",AI Chatbot Development,Delhi,121406
9773,Dev Chandran,Kulkarni-Kapoor,Content Marketing,Mumbai,144956
9774,Ganga Kulkarni,Nagar Ltd,Website Development,Hyderabad,252804
9775,Pooja Chaudhary,"Char, Gera and Prabhakar",SEO,Hyderabad,29564
9776,Nilima Hora,"Sem, Om and Choudhary",Email Marketing,Delhi,151922
9777,Nikita Atwal,"Chanda, Pall and Deo",Content Marketing,Kolkata,70340
9778,Gagan Kant,"Nath, Grewal and Yohannan",AI Chatbot Development,Kolkata,276450
9779,Aishani Andra,Andra LLC,Website Development,Hyderabad,85266
9780,Sanya Golla,Banik-Kala,Social Media Marketing,Pune,198281
9781,Isaiah Muni,"Singh, Lanka and Baral",SEO,Bangalore,281784
9782,Chavvi Guha,Ratta-Sharma,AI Chatbot Development,Pune,230985
9783,Vanya Dani,"Sangha, Dube and Ravel",SEO,Delhi,261948
9784,Harita Menon,"Mishra, Anand and Chaudhry",SEO,Bangalore,223583
9785,Samarth Minhas,"Sengupta, Dewan and Bandi",Google Ads,Jaipur,60806
9786,Krishna Kapadia,Ahuja-Sharaf,Email Marketing,Pune,36378
9787,Deepa Gala,Taneja Group,SEO,Delhi,249810
9788,Gaurav Dara,Rajagopalan Inc,SEO,Ahmedabad,261178
9789,Vedika Swamy,"Acharya, Keer and Master",AI Chatbot Development,Jaipur,276314
9790,Finn Purohit,Nigam PLC,Content Marketing,Mumbai,297349
9791,Hemal Dayal,Master-Bajaj,Social Media Marketing,Pune,71310
9792,Harini Mallick,"Gill, Basu and Krish",Content Marketing,Mumbai,77588
9793,Bhavna Sharma,Nagar-Nazareth,Social Media Marketing,Bangalore,242413
9794,Lajita Hayer,Patel-Malhotra,Email Marketing,Ahmedabad,151065
9795,Shravya Mallick,"Mistry, Soman and Bhattacharyya",Social Media Marketing,Bangalore,244624
9796,Gaurav Rajagopal,Bassi LLC,Email Marketing,Bangalore,212945
9797,Fariq Saran,Sanghvi LLC,Social Media Marketing,Ahmedabad,43842
9798,Fariq Palla,Ratti-Sanghvi,Email Marketing,Jaipur,258265
9799,Krishna Sathe,Chhabra-Kapadia,Meta Ads,Mumbai,299958
9800,Oni Iyengar,Chaudhuri-Bose,Website Development,Hyderabad,64760
9801,Tanvi Rajan,Das-Parekh,Website Development,Bangalore,201092
9802,Chakradhar Nagi,"Trivedi, Gara and Gade",Google Ads,Bangalore,23828
9803,Yochana Tiwari,"Saha, Sandhu and Thakkar",Google Ads,Hyderabad,119384
9804,Sneha Kota,Cheema-Dayal,SEO,Kolkata,182470
9805,Abha Batra,Chaudhry-Ram,Meta Ads,Kolkata,182401
9806,Xavier Amble,Sane-Sahni,Website Development,Ahmedabad,232435
9807,Ekta Prabhu,"Sekhon, Mukherjee and Ramachandran",Website Development,Pune,271545
9808,Kavya Kala,Yogi Inc,Content Marketing,Kolkata,52797
9809,Hardik Kar,"Singhal, Chandran and Dave",AI Chatbot Development,Jaipur,122769
9810,Nandini Roy,Narasimhan LLC,SEO,Jaipur,259220
9811,Kamala Narang,"Sahni, Lad and Hora",Website Development,Pune,249089
9812,Anay Madan,"Issac, Bose and Bava",Social Media Marketing,Mumbai,224384
9813,Radha Dar,"Sanghvi, Sami and Viswanathan",SEO,Mumbai,199676
9814,Bina Manne,Desai-Behl,Meta Ads,Ahmedabad,144405
9815,Divya Samra,"Memon, Morar and Sunder",Email Marketing,Hyderabad,55813
9816,Vritti Gulati,"Ramaswamy, Iyengar and Bedi",Meta Ads,Ahmedabad,245005
9817,Manthan Sharma,"Sundaram, Mitter and Sarma",Google Ads,Delhi,86194
9818,Charvi Sabharwal,Purohit-Kala,Meta Ads,Bangalore,107161
9819,Abha Sarraf,"Sem, Aggarwal and Khanna",Google Ads,Hyderabad,107236
9820,Aarna Ramesh,Ramaswamy-Mannan,Social Media Marketing,Mumbai,217976
9821,Yashica Magar,"Raval, Dutta and Mohan",Google Ads,Delhi,276498
9822,Kabir Toor,Pandey Inc,Meta Ads,Pune,180502
9823,Nikita Saraf,Nair-Dara,Content Marketing,Pune,256718
9824,Finn Dugal,Chopra and Sons,AI Chatbot Development,Hyderabad,217940
9825,Tripti Kakar,"Dutt, Sangha and Seshadri",Social Media Marketing,Bangalore,114824
9826,Bhavani Bandi,Sant Inc,Social Media Marketing,Pune,166886
9827,Karan Lanka,Pillai LLC,AI Chatbot Development,Delhi,77344
9828,Vedant Chakraborty,"Sarna, Thakkar and Karan",Google Ads,Pune,64736
9829,Chatresh Bail,Deep-Gole,Website Development,Ahmedabad,256005
9830,Avni Mital,Naik-Bava,Website Development,Jaipur,197276
9831,Gavin Bala,Natarajan-Pingle,Meta Ads,Jaipur,128043
9832,Ekapad Virk,"Virk, Munshi and Kumer",Google Ads,Bangalore,253077
9833,Abhiram Brar,"Kala, Shanker and Mann",Content Marketing,Hyderabad,72280
9834,Advaith Magar,Rattan-Mukherjee,AI Chatbot Development,Kolkata,62085
9835,Leena Golla,"Kurian, Agarwal and Cheema",AI Chatbot Development,Ahmedabad,90558
9836,Ekantika Bawa,Sami-Aurora,Meta Ads,Jaipur,59059
9837,Oviya Virk,Chaudhari PLC,AI Chatbot Development,Bangalore,123980
9838,Oni Menon,"Subramanian, Prabhu and Gour",Website Development,Pune,159965
9839,Omkaar Vig,Mody Ltd,SEO,Delhi,78349
9840,Yashodhara Lalla,Hari-Sodhi,Meta Ads,Kolkata,108596
9841,Akshay Khurana,"Sangha, Barad and Bhatia",Website Development,Ahmedabad,25986
9842,Nirja Rao,Vyas-Chacko,Website Development,Jaipur,286421
9843,Faraj Krish,Bhalla and Sons,Email Marketing,Ahmedabad,172609
9844,Gautami Sane,Dubey Group,Email Marketing,Kolkata,44227
9845,Neelima Murthy,Prabhu Group,SEO,Ahmedabad,273319
9846,Caleb Bhalla,Zachariah Inc,Content Marketing,Delhi,144381
9847,Champak Sha,Deshpande PLC,Email Marketing,Ahmedabad,95697
9848,Chaitanya Narayan,Sahni-Balakrishnan,Social Media Marketing,Jaipur,273326
9849,Falan Trivedi,Bail-Anand,Content Marketing,Kolkata,54435
9850,Rudra Chandra,Comar-Nath,Content Marketing,Mumbai,69183
9851,Odika Varty,"Bakshi, Rajagopalan and Lata",Email Marketing,Mumbai,41913
9852,Harini Tandon,"Som, Kadakia and Wadhwa",AI Chatbot Development,Ahmedabad,45860
9853,Chaitanya Saha,Pant-Prasad,AI Chatbot Development,Delhi,282670
9854,Oni Chopra,Contractor-Dubey,Content Marketing,Bangalore,43444
9855,Avi Kumar,Krishnan-Contractor,Website Development,Mumbai,222963
9856,Peter Pillai,"Bhalla, Balan and Chand",AI Chatbot Development,Pune,230032
9857,Tamanna Kuruvilla,Master PLC,AI Chatbot Development,Ahmedabad,264983
9858,Tripti Parikh,Nadig-Pradhan,AI Chatbot Development,Delhi,63680
9859,Ishaan Sandhu,Ramesh LLC,Content Marketing,Jaipur,189293
9860,Jagrati Bhakta,Sankar and Sons,Website Development,Jaipur,222848
9861,Triya Thakur,Butala-Mohanty,AI Chatbot Development,Jaipur,275088
9862,Eesha Batta,"Menon, Bhatia and Pillai",SEO,Bangalore,176430
9863,Ansh Hegde,"Grover, Golla and Chopra",Meta Ads,Pune,80027
9864,Dipta Raja,Dass Group,Email Marketing,Jaipur,84688
9865,Yashvi Chhabra,Devi-Majumdar,Google Ads,Pune,72345
9866,Vinaya Datta,Mukherjee-Basak,Website Development,Ahmedabad,94554
9867,Unni Kala,Sibal-Aurora,Content Marketing,Kolkata,25649
9868,Triveni Behl,Choudhary Group,Email Marketing,Hyderabad,111829
9869,Nitara Verma,Gulati and Sons,Google Ads,Pune,149290
9870,David Mital,Venkatesh and Sons,Google Ads,Bangalore,228652
9871,Onkar Nazareth,Nagi LLC,Meta Ads,Pune,110110
9872,Indira Srinivas,"Deshmukh, Ravel and Pall",Content Marketing,Jaipur,93712
9873,Rohan Bail,Varghese Ltd,Meta Ads,Delhi,242006
9874,Vihaan Banerjee,"Bhakta, Kannan and Purohit",SEO,Kolkata,212328
9875,Bhavini Mukhopadhyay,Kale-Kale,AI Chatbot Development,Jaipur,94220
9876,Harsh Biswas,Bal Inc,Website Development,Bangalore,212967
9877,Ishani Ravi,Dasgupta-Seth,Website Development,Hyderabad,120728
9878,Chatura Mani,Murthy-Karnik,Google Ads,Jaipur,234042
9879,Odika Acharya,"Naik, Sarin and Dalal",Social Media Marketing,Kolkata,145468
9880,Vihaan Srinivas,Hans Group,Social Media Marketing,Delhi,271667
9881,Pranav Mittal,Malhotra Group,AI Chatbot Development,Pune,153022
9882,Onkar Mishra,Doshi-Sankar,Content Marketing,Bangalore,200963
9883,Diya Bhardwaj,"Hayre, Rau and Sidhu",Google Ads,Jaipur,105419
9884,Ijaya Jha,"Raghavan, Ahluwalia and Master",Google Ads,Hyderabad,44686
9885,Tara Kakar,Bajaj LLC,Google Ads,Mumbai,148211
9886,Farhan Sabharwal,"Morar, Vig and Sachdev",Website Development,Delhi,193234
9887,Kritika Mane,Dhillon-Ram,Social Media Marketing,Kolkata,26257
9888,Yatan Ranganathan,"Misra, Gaba and Goswami",Website Development,Pune,257919
9889,Damini Lanka,Bains-Swaminathan,Google Ads,Kolkata,278444
9890,Ojasvi Mann,Sarkar Ltd,Google Ads,Kolkata,34064
9891,Warda Char,Modi-Ramachandran,Website Development,Jaipur,201088
9892,Kala Tella,Jaggi LLC,Content Marketing,Kolkata,49875
9893,Rachana Chand,"Jaggi, Pathak and Nadig",AI Chatbot Development,Delhi,87931
9894,Mitali Mittal,Srinivas-Swaminathan,AI Chatbot Development,Ahmedabad,22523
9895,Neelima Tak,Bhargava PLC,Social Media Marketing,Delhi,225604
9896,Chasmum Kanda,Bal-Sawhney,AI Chatbot Development,Bangalore,188170
9897,Janya Shetty,"Kale, Kunda and Goda",Website Development,Bangalore,254995
9898,Jai Koshy,Desai Ltd,Content Marketing,Hyderabad,80452
9899,Krishna Gandhi,Deo-Tandon,Email Marketing,Ahmedabad,259864
9900,Indira Suresh,Khosla LLC,Email Marketing,Ahmedabad,51793
9901,Hemal Taneja,Boase Inc,SEO,Ahmedabad,166703
9902,Panini Talwar,Loyal Inc,Website Development,Hyderabad,190182
9903,Kamya Sarna,Dora-Jha,Email Marketing,Bangalore,61958
9904,Watika Goswami,Dara-Toor,Email Marketing,Bangalore,43387
9905,Lakshmi Aurora,Arya and Sons,Website Development,Bangalore,112823
9906,Krish Misra,Thakur Inc,AI Chatbot Development,Ahmedabad,256552
9907,Gopal Panchal,"Jain, Tiwari and Pall",Social Media Marketing,Kolkata,158426
9908,Champak Nazareth,Handa Inc,Social Media Marketing,Delhi,20168
9909,Arin Behl,"Shanker, Johal and Sibal",AI Chatbot Development,Hyderabad,299618
9910,Patrick Shanker,"Mutti, Rajan and Varughese",SEO,Hyderabad,250051
9911,Nitara Deo,Nanda Group,Website Development,Delhi,68617
9912,Yashasvi Bhardwaj,Balan-Deol,Social Media Marketing,Ahmedabad,30241
9913,Utkarsh Sangha,Krishna and Sons,Social Media Marketing,Hyderabad,105038
9914,Dalaja Walla,"Baria, Madan and Deep",Email Marketing,Jaipur,258558
9915,Adya Parsa,Madan Group,Social Media Marketing,Hyderabad,270252
9916,Viraj Dalal,"Sidhu, Pant and Sachdev",Content Marketing,Delhi,75147
9917,Sathvik Mangal,Chandra and Sons,Google Ads,Jaipur,273816
9918,Anirudh Chauhan,Ratta-Viswanathan,Email Marketing,Ahmedabad,180785
9919,Finn Shah,"Kamdar, Kapoor and Dayal",Email Marketing,Pune,172006
9920,Neha Agrawal,Sunder Inc,Social Media Marketing,Ahmedabad,199002
9921,Daksha Vig,Tak LLC,Email Marketing,Mumbai,288297
9922,Aishani Balakrishnan,"Agate, Mand and Ganesan",Email Marketing,Mumbai,107251
9923,Anirudh Balay,Raval and Sons,Content Marketing,Bangalore,175211
9924,Isha Ram,Jaggi-Badami,Social Media Marketing,Hyderabad,32965
9925,Bhavini Dayal,Som-Badami,Website Development,Jaipur,286060
9926,Bakhshi Ganguly,Brahmbhatt and Sons,AI Chatbot Development,Ahmedabad,297046
9927,Warda Kara,"Raman, Chopra and Tak",Social Media Marketing,Ahmedabad,25980
9928,Harish Chhabra,Basu PLC,Content Marketing,Ahmedabad,115418
9929,Prisha Suresh,Mittal-Patla,Content Marketing,Delhi,134548
9930,Nachiket Rajagopal,"Nori, Goel and Pandya",Meta Ads,Ahmedabad,269748
9931,Amara Nazareth,Krishnamurthy Group,SEO,Kolkata,251057
9932,Qabil Rege,Kapoor-Mishra,Email Marketing,Kolkata,216390
9933,Dipta Atwal,"Bhatia, Cherian and Karan",Email Marketing,Jaipur,127542
9934,Kalpit Raj,"Ratta, Rana and Trivedi",Content Marketing,Mumbai,217262
9935,Devika Borra,Gara Ltd,Website Development,Kolkata,265595
9936,Girindra Parmer,Bhatti PLC,Meta Ads,Kolkata,56573
9937,Onveer Walia,"Mody, Arya and Sangha",Google Ads,Jaipur,249535
9938,Ronith Reddy,Kumar-Narula,Website Development,Pune,84593
9939,Wazir Sood,Tailor-Chaudhry,Meta Ads,Ahmedabad,110382
9940,Om Bhattacharyya,Balan Ltd,Meta Ads,Jaipur,233315
9941,Maanas Sama,Sunder Inc,Meta Ads,Hyderabad,125757
9942,Warhi Mishra,Choudhry-Pillay,Meta Ads,Bangalore,120973
9943,Madhavi Chacko,Toor Ltd,Website Development,Jaipur,95024
9944,Avi Nanda,Memon Inc,Website Development,Bangalore,152241
9945,Simon Loyal,Bhandari and Sons,AI Chatbot Development,Ahmedabad,31826
9946,Krish Bahri,Guha LLC,Content Marketing,Jaipur,218100
9947,Aditya Bose,"Rattan, Buch and Minhas",AI Chatbot Development,Bangalore,21209
9948,Bhavani Nagi,"Natarajan, Kibe and Chadha",Content Marketing,Pune,88427
9949,Warjas Sibal,Thakur Group,Website Development,Pune,249452
9950,Leena Jhaveri,"Dani, Choudhry and Barad",Content Marketing,Pune,93701
9951,Lavanya Butala,"Rajagopal, Bansal and Bhakta",AI Chatbot Development,Delhi,91586
9952,Ishita Mitra,Ahluwalia-De,Social Media Marketing,Bangalore,272913
9953,Karan Loyal,"Tak, Mahajan and Mitra",SEO,Jaipur,220561
9954,Aishani Salvi,Panchal-Manne,AI Chatbot Development,Hyderabad,298429
9955,Faqid Oommen,Ahuja and Sons,Social Media Marketing,Hyderabad,298768
9956,Qarin Morar,"Parikh, Reddy and Andra",Email Marketing,Pune,148664
9957,Gaurav Nagar,Kuruvilla Inc,Google Ads,Delhi,292777
9958,Jacob Reddy,Tank-Bhavsar,SEO,Hyderabad,107408
9959,Nisha Goswami,Pillay-Om,Social Media Marketing,Pune,183063
9960,Advika Ganguly,Sarraf-Saran,Meta Ads,Jaipur,189860
9961,Manbir Bali,Verma Ltd,Website Development,Kolkata,235061
9962,Chakradev Gara,"Kota, Dash and Dar",AI Chatbot Development,Mumbai,211450
9963,Ladli Swamy,Badami Ltd,Social Media Marketing,Jaipur,271485
9964,Alka Saini,"Brar, Prashad and Balakrishnan",Content Marketing,Kolkata,228083
9965,Vrinda Chatterjee,Mahal-Swaminathan,SEO,Mumbai,42042
9966,Tripti Rama,"Ben, Naik and Bhakta",Website Development,Mumbai,108491
9967,Ekansh Minhas,Pandey-Thakkar,Google Ads,Bangalore,59405
9968,Reyansh Kota,Nayak Ltd,Email Marketing,Jaipur,68774
9969,Balvan Misra,Joshi Ltd,Social Media Marketing,Ahmedabad,237425
9970,Yashoda Choudhury,"Reddy, Padmanabhan and Nadig",Website Development,Mumbai,267451
9971,Darsh Dugar,Mannan-Naik,Email Marketing,Mumbai,292312
9972,Yatin Sen,"Thakkar, Mani and Lad",Email Marketing,Bangalore,59997
9973,Eiravati Sandhu,"Murthy, Arora and Sehgal",AI Chatbot Development,Mumbai,182379
9974,Veer De,Lata and Sons,Social Media Marketing,Ahmedabad,111058
9975,Hamsini Ghosh,Mohan-Sachar,Google Ads,Kolkata,225679
9976,Ekaja Dara,"Kuruvilla, Kapoor and Bail",AI Chatbot Development,Hyderabad,80217
9977,Guneet Konda,Banerjee LLC,Content Marketing,Jaipur,142921
9978,Harrison Bhattacharyya,Char-Oak,Website Development,Mumbai,285582
9979,Krish Bawa,"Anne, Solanki and Bansal",SEO,Kolkata,22353
9980,Nihal Krish,Mandal-Taneja,SEO,Pune,61199
9981,Kabir Bala,Dass PLC,SEO,Mumbai,296337
9982,Manya Rao,Gole-Chauhan,Email Marketing,Hyderabad,197458
9983,Rajata Mukhopadhyay,"Sagar, Ganesh and Gupta",Google Ads,Mumbai,31116
9984,Teerth Krishnamurthy,Shah Inc,Meta Ads,Mumbai,21901
9985,Nitara Kurian,D’Alia Inc,Google Ads,Kolkata,209190
9986,Pallavi Samra,Khosla LLC,AI Chatbot Development,Pune,162391
9987,Manthan Bahl,Kala Inc,Google Ads,Ahmedabad,164402
9988,Upma Mannan,Sankaran-Sangha,Email Marketing,Mumbai,55730
9989,Urvi Purohit,Iyengar Inc,SEO,Hyderabad,232751
9990,Yashoda Shenoy,Kaur-Dugal,Content Marketing,Mumbai,264563
9991,Aahana Dyal,Agarwal-Om,Social Media Marketing,Jaipur,71209
9992,Balveer Kaul,Sankar-Sridhar,Social Media Marketing,Mumbai,232731
9993,Harita Sood,"Majumdar, Bumb and Kibe",Email Marketing,Hyderabad,164585
9994,Bakhshi Kuruvilla,Ramaswamy Group,Meta Ads,Jaipur,140487
9995,Jagvi Balay,Purohit-Kalita,Content Marketing,Jaipur,272330
9996,Yadavi Chaudhry,Virk-Oza,Social Media Marketing,Hyderabad,118901
9997,Henry Joshi,Dora LLC,Website Development,Jaipur,215277
9998,Kiaan Majumdar,Shenoy LLC,Email Marketing,Mumbai,144732
9999,Vivaan Madan,"Saxena, Sabharwal and Toor",Website Development,Ahmedabad,25487
10000,Charvi Kala,Shukla Inc,Content Marketing,Jaipur,66097
10001,Yasti Kade,Narula-Murty,AI Chatbot Development,Pune,253535
10002,Benjamin Patil,"Lanka, Ghosh and Chacko",Meta Ads,Bangalore,90559
10003,Azad Jain,"Kota, Palla and Buch",Content Marketing,Kolkata,59571
10004,Banjeet Korpal,Wali-Kala,AI Chatbot Development,Pune,282231
10005,Harini Balay,"Sathe, Nadkarni and Tak",Google Ads,Kolkata,23652
10006,Nidra Suresh,Joshi Ltd,Google Ads,Pune,43217
10007,Aditya Varty,"Swaminathan, Jhaveri and Bali",Google Ads,Ahmedabad,280231
10008,Urvashi Sood,Tank Inc,Email Marketing,Mumbai,34527
10009,Urvashi Chatterjee,"Doshi, Dhaliwal and Sunder",Meta Ads,Pune,58594
10010,Vasatika Mani,Karan-Warrior,Meta Ads,Jaipur,82473
10011,Udarsh Patil,Walia Group,Meta Ads,Pune,86232
10012,Vasatika Solanki,"Bhattacharyya, Ray and Brar",Website Development,Bangalore,98325
10013,Ekaja Rao,Sen-Saha,Email Marketing,Jaipur,160851
10014,Guneet Gara,"Nath, Taneja and Sabharwal",Website Development,Kolkata,198502
10015,Anmol Sekhon,Rajagopal PLC,Meta Ads,Delhi,200182
10016,Ekaraj Merchant,"Puri, Kapur and Gopal",Social Media Marketing,Pune,85479
10017,Falak Atwal,Suresh Ltd,Google Ads,Ahmedabad,130631
10018,Neel Krishna,Lanka Ltd,Email Marketing,Delhi,168070
10019,Ekani Lata,Aggarwal-Kala,Meta Ads,Jaipur,264656
10020,Chaitanya Kata,Bahl-Walla,Social Media Marketing,Kolkata,178704
10021,Chanchal Nagi,Balasubramanian Group,Google Ads,Hyderabad,116216
10022,Lopa Deo,Bhattacharyya-Manne,AI Chatbot Development,Kolkata,144897
10023,Lohit Keer,"Johal, Kant and Varty",Content Marketing,Mumbai,222101
10024,Advaith Tandon,Batta-Sawhney,Meta Ads,Pune,61800
10025,Vihaan Palan,Madan PLC,Website Development,Delhi,113227
10026,Lekha Vala,Rao Ltd,AI Chatbot Development,Kolkata,255684
10027,Pallavi Dube,Badami and Sons,Website Development,Ahmedabad,261742
10028,Ijaya Dave,Baral PLC,Email Marketing,Mumbai,155204
10029,Kashish Joshi,"Bahl, Arya and Wadhwa",AI Chatbot Development,Bangalore,180283
10030,Teerth Sidhu,"Venkataraman, Sule and Mody",Website Development,Pune,179541
10031,Caleb Mall,"Sathe, Tank and Taneja",Email Marketing,Kolkata,106397
10032,Vasana Bose,Ganesh-Goda,Content Marketing,Pune,269850
10033,Leena Rau,Sami PLC,Google Ads,Pune,232913
10034,Chakradev Srinivas,"Kalita, Sathe and Sen",AI Chatbot Development,Bangalore,291857
10035,Jagrati Bose,Mital PLC,SEO,Mumbai,44576
10036,Bhavna Bhattacharyya,"Srinivasan, Vyas and Purohit",Website Development,Hyderabad,299938
10037,Priya Karan,"Vasa, Palla and Solanki",SEO,Hyderabad,85725
10038,Pranav Andra,Bhalla-Hegde,AI Chatbot Development,Kolkata,239551
10039,Libni Patil,Sundaram-Sama,SEO,Jaipur,46130
10040,Januja Kurian,Peri-Arora,AI Chatbot Development,Jaipur,54506
10041,Indali Sankar,Nadkarni Inc,Content Marketing,Pune,273193
10042,Champak Garde,Magar-Srinivasan,Website Development,Kolkata,237684
10043,Yachana Kapadia,Sarkar Group,Meta Ads,Hyderabad,107971
10044,Sanya Kade,Mani Inc,Content Marketing,Ahmedabad,92572
10045,Ria Bhatti,"Wali, Gade and Mand",Meta Ads,Pune,157205
10046,Luke Ranganathan,Uppal and Sons,Meta Ads,Jaipur,135775
10047,Devika De,Narayan Ltd,Content Marketing,Bangalore,47814
10048,Dalbir Talwar,"Krish, Mangal and Batra",Google Ads,Hyderabad,50748
10049,Unnati Sathe,Raman Group,Google Ads,Pune,97756
10050,Jackson Palla,Rau Group,Email Marketing,Bangalore,77007
10051,Dipta Raja,Tailor-Oza,Google Ads,Kolkata,116650
10052,Ishwar Divan,Bera-Walia,Meta Ads,Ahmedabad,182916
10053,Saksham Kant,Mann-Minhas,Google Ads,Hyderabad,277604
10054,Hitesh Memon,"Gade, Majumdar and Handa",Social Media Marketing,Ahmedabad,26683
10055,Amara Rout,Prabhu-Varty,SEO,Delhi,293522
10056,Tanveer Solanki,Joshi-Puri,AI Chatbot Development,Mumbai,136797
10057,Inaya Goel,Tandon LLC,Website Development,Pune,296555
10058,Harini Hari,Nath-Parmar,AI Chatbot Development,Kolkata,180523
10059,Ishani Krishnan,Mukhopadhyay PLC,Meta Ads,Mumbai,147064
10060,Sarthak Das,"Chhabra, Banerjee and Khare",Social Media Marketing,Ahmedabad,237809
10061,Zansi Bali,"Sandal, Sibal and Sarma",Email Marketing,Kolkata,63211
10062,Dayita Magar,Pai-Mutti,Social Media Marketing,Bangalore,30422
10063,Zashil Kibe,"Bhandari, Banik and Sant",Meta Ads,Mumbai,246112
10064,Nidhi Mital,"Handa, Toor and Mukhopadhyay",Meta Ads,Hyderabad,263779
10065,Chasmum De,Kamdar Ltd,Website Development,Ahmedabad,190103
10066,Nihal Chana,"Solanki, Zacharia and Sandal",SEO,Jaipur,126321
10067,Krish Srinivasan,Sawhney-Kuruvilla,Meta Ads,Jaipur,39889
10068,Frederick Mukhopadhyay,"Sarraf, Kurian and Baria",SEO,Ahmedabad,177608
10069,Qasim Bala,"Rajan, Choudhry and Korpal",Email Marketing,Ahmedabad,55417
10070,Gautami Vasa,Varughese-Rajagopalan,AI Chatbot Development,Hyderabad,96362
10071,Lekha Chaudhry,Shah Inc,Email Marketing,Kolkata,150767
10072,Tejas Acharya,Bhatnagar LLC,Social Media Marketing,Pune,156214
10073,Maanas Tak,Narula LLC,SEO,Hyderabad,112293
10074,Vedant Patla,Halder-Sagar,Website Development,Delhi,230004
10075,Mugdha Dave,Kulkarni-Varty,Email Marketing,Mumbai,52068
10076,Zarna Kapoor,"Swaminathan, Roy and Narasimhan",Content Marketing,Kolkata,210675
10077,Gaurika Om,"Borra, Dada and Dhar",AI Chatbot Development,Bangalore,122997
10078,Isaiah Rana,"Bhalla, Divan and Gaba",AI Chatbot Development,Bangalore,229843
10079,Imaran Dhawan,Banik-Ganguly,SEO,Hyderabad,187491
10080,Aachal Loyal,Sawhney-Raman,Website Development,Mumbai,201801
10081,Aadhya Golla,"Merchant, Chacko and Cheema",Meta Ads,Kolkata,136618
10082,Kala Dutt,"Bava, Oza and Bobal",Social Media Marketing,Kolkata,123876
10083,Aadi Dhar,Divan-Thaker,Website Development,Delhi,136032
10084,Ubika Kalla,Mani-Dhingra,Website Development,Jaipur,272393
10085,Qushi Pillai,Nagar Inc,Website Development,Hyderabad,198460
10086,Upasna Bumb,Wagle-Seth,Website Development,Bangalore,46462
10087,Michael Master,"Bajwa, Ahluwalia and Sane",Meta Ads,Bangalore,241826
10088,Sarthak Shah,Date and Sons,AI Chatbot Development,Delhi,113697
10089,Chakradev Lala,"Prabhakar, Sabharwal and Thakkar",Meta Ads,Hyderabad,269379
10090,Warjas Choudhury,"Mohanty, Nori and Rau",AI Chatbot Development,Jaipur,216245
10091,Jeet Suri,"Rattan, Lall and Chaudhry",Website Development,Kolkata,102461
10092,Falak Chada,"Sunder, Baria and Sura",SEO,Bangalore,140665
10093,Bimala Kothari,Saini and Sons,Social Media Marketing,Jaipur,189972
10094,Geetika Basak,Gola-Kota,Google Ads,Ahmedabad,45269
10095,Zashil Kant,Majumdar Ltd,Meta Ads,Bangalore,89242
10096,Dalaja Soni,Saha-Loke,Social Media Marketing,Delhi,34856
10097,Oviya De,Kala and Sons,Email Marketing,Delhi,211699
10098,Abhiram Yadav,"Borde, Ramakrishnan and Vig",Social Media Marketing,Pune,281439
10099,Veer Natt,Randhawa and Sons,SEO,Hyderabad,47434
10100,Aarini Lad,Savant-Suresh,AI Chatbot Development,Mumbai,99855
10101,Bina Kar,Narula Group,AI Chatbot Development,Pune,226186
10102,Tristan Baral,"Sachdev, Majumdar and Setty",AI Chatbot Development,Delhi,61259
10103,Yashodhara Wason,Mannan-Keer,Meta Ads,Pune,215172
10104,Balveer Nigam,"Ghosh, Sama and Kari",Google Ads,Mumbai,188161
10105,Aadi Bhasin,Chopra LLC,Website Development,Jaipur,274968
10106,Chatresh Parikh,Mand Ltd,Google Ads,Delhi,150792
10107,Nihal Banerjee,Rama-Date,Social Media Marketing,Jaipur,203131
10108,Yochana Sura,Ramachandran Group,Website Development,Hyderabad,153131
10109,Bhanumati Das,"Upadhyay, Sura and Ahluwalia",Google Ads,Kolkata,77711
10110,Gabriel Jha,"Halder, Ramaswamy and Halder",Social Media Marketing,Kolkata,184657
10111,Jalsa Narain,"Dayal, Kaur and Puri",Social Media Marketing,Kolkata,83583
10112,Rohan Atwal,Sharma LLC,Content Marketing,Ahmedabad,140908
10113,Aarav Bir,"Sodhi, Desai and Pandit",Meta Ads,Mumbai,165577
10114,Shivansh Nagi,Chopra PLC,Content Marketing,Bangalore,29148
10115,Lila Natarajan,"Bera, Prakash and Sahni",Content Marketing,Delhi,235229
10116,Ladli Sengupta,Nadkarni-Swaminathan,Meta Ads,Delhi,211199
10117,Vamakshi Mittal,Kamdar Group,Content Marketing,Bangalore,185644
10118,Siya Chandran,Ravel Group,Meta Ads,Jaipur,20406
10119,Noah Seshadri,Ben-Kanda,Email Marketing,Ahmedabad,58355
10120,Adweta Tiwari,"Swaminathan, Goswami and Biswas",Social Media Marketing,Jaipur,171604
10121,Christopher Khalsa,Mukhopadhyay-Bhalla,Meta Ads,Jaipur,184832
10122,Samuel Majumdar,"Patla, Dass and Setty",Content Marketing,Pune,240215
10123,Shaurya Swaminathan,"Sani, Kulkarni and Palla",Email Marketing,Kolkata,60551
10124,Yochana More,"Sule, Jha and Naik",AI Chatbot Development,Bangalore,133126
10125,Samaksh Ahuja,"Jain, Palan and Brahmbhatt",Content Marketing,Jaipur,284863
10126,Lohit Mani,Bhardwaj Ltd,SEO,Jaipur,77306
10127,Mitali Kade,"Karpe, Dubey and Doctor",SEO,Delhi,169175
10128,Wazir Wali,Narula-Mand,Content Marketing,Delhi,46243
10129,Balveer Palla,Ahuja Group,Website Development,Mumbai,274590
10130,Anusha Pandit,Karnik-Goyal,Google Ads,Bangalore,40061
10131,Gopal Atwal,Chander-Jani,AI Chatbot Development,Ahmedabad,80073
10132,Manthan Randhawa,Mutti-Chada,Content Marketing,Bangalore,294204
10133,Garima Shanker,Iyer PLC,Google Ads,Ahmedabad,286472
10134,Sachi Gupta,Kumer-Balay,Email Marketing,Pune,66449
10135,Garima Ramesh,Agarwal-Prakash,Social Media Marketing,Ahmedabad,43984
10136,Bhavani Badal,Pau and Sons,Social Media Marketing,Jaipur,220178
10137,Chaaya Sem,Seth PLC,Social Media Marketing,Ahmedabad,104049
10138,Udarsh Kala,Banerjee PLC,Content Marketing,Kolkata,112325
10139,Pooja Parikh,Raghavan Inc,SEO,Jaipur,271221
10140,Nilima Khatri,Magar Ltd,Meta Ads,Kolkata,102099
10141,Wishi Subramanian,Sheth-Saha,SEO,Delhi,172244
10142,Avi Devi,Nagar-Deshmukh,Email Marketing,Mumbai,121269
10143,Zashil Chand,Chokshi LLC,Email Marketing,Bangalore,204394
10144,Advay Munshi,Samra and Sons,Content Marketing,Hyderabad,29302
10145,Lila Munshi,Chanda-Rana,Email Marketing,Bangalore,35088
10146,Neelima Sahni,Wali Inc,Website Development,Jaipur,229894
10147,Farhan Sethi,"Chadha, Kohli and Bhakta",Email Marketing,Pune,74127
10148,Sara Patla,"Choudhry, Sarin and Deshpande",AI Chatbot Development,Pune,168926
10149,Jagat Sodhi,Anne-Kata,Website Development,Ahmedabad,261933
10150,Ojas Soni,Murthy-Hayer,Google Ads,Hyderabad,223176
10151,Girish Basu,Tara Ltd,Email Marketing,Hyderabad,38517
10152,Aarnav Dixit,Dalal-Bhatnagar,Content Marketing,Ahmedabad,296223
10153,Eshana Dasgupta,Krishna-Kurian,Content Marketing,Kolkata,215336
10154,Devansh Shah,Bhatia-Kulkarni,Google Ads,Pune,277647
10155,Samaksh Sant,"Raj, Jaggi and Singh",Google Ads,Delhi,242815
10156,Kamya Johal,"Bala, Sridhar and Sagar",AI Chatbot Development,Pune,246024
10157,Jhalak Verma,"Pathak, Acharya and Comar",SEO,Pune,211597
10158,Vasatika Verma,Kaul Inc,Content Marketing,Bangalore,179210
10159,Manan Bhargava,"Palan, Pandit and Prabhu",Website Development,Delhi,284126
10160,Omaja Dave,Nanda-D’Alia,SEO,Kolkata,129843
10161,Jacob Kade,Sangha-Ganesh,Meta Ads,Jaipur,36972
10162,Om Bala,Kale-Shan,Meta Ads,Pune,297482
10163,Jeremiah Jha,Som Ltd,Social Media Marketing,Ahmedabad,193684
10164,Gaurika Devan,Bhavsar LLC,Website Development,Bangalore,266271
10165,Faqid Kulkarni,Chanda LLC,Email Marketing,Kolkata,146853
10166,Warjas Goda,"Srinivas, Naik and Ray",SEO,Bangalore,72125
10167,Mohammed Edwin,"Guha, Chawla and Saran",Content Marketing,Kolkata,272198
10168,Ekapad Loke,"Anne, Sachdeva and Nadig",Google Ads,Mumbai,237937
10169,Qushi Kamdar,Oza Ltd,Google Ads,Pune,168463
10170,Gabriel Dutta,Mohanty-Sankar,Email Marketing,Mumbai,26614
10171,Nachiket Chaudhry,"Subramaniam, Randhawa and Mitter",Google Ads,Mumbai,157689
10172,Unni Dey,Rastogi Ltd,SEO,Mumbai,216581
10173,Fariq Chaudhary,"Oommen, Verma and Dey",AI Chatbot Development,Pune,188427
10174,Abeer Borde,"Peri, Madan and Kalla",SEO,Jaipur,199359
10175,Chaman Mukhopadhyay,Naidu PLC,AI Chatbot Development,Jaipur,285961
10176,Jasmit Sethi,Nagy-Parmer,SEO,Bangalore,280033
10177,Raksha Sarna,Bora-Sawhney,Content Marketing,Kolkata,144204
10178,Aarna Dayal,Sama-Garg,Email Marketing,Mumbai,182453
10179,Rushil Chadha,"Murty, Pau and Dash",Content Marketing,Delhi,225378
10180,Radha Dalal,"Chand, Borde and Mallick",Website Development,Jaipur,126009
10181,Indali Kulkarni,"Bhatia, Khare and Sankar",AI Chatbot Development,Bangalore,295855
10182,Vedika Kunda,Raju-Varkey,Website Development,Jaipur,34416
10183,Kamya Swaminathan,Krishna-Sha,SEO,Delhi,172593
10184,Vincent Bath,Narang-Chand,Website Development,Pune,102516
10185,Priya Nayar,Pillai LLC,AI Chatbot Development,Bangalore,29311
10186,Gunbir Boase,Anne-Pau,Email Marketing,Hyderabad,75761
10187,Aahana Varty,"Bhakta, Lad and Malhotra",Email Marketing,Ahmedabad,184674
10188,Ekantika Jha,Warrior-Barman,AI Chatbot Development,Ahmedabad,223154
10189,Mitesh Swamy,"Mahajan, Bumb and Gala",Meta Ads,Kolkata,122053
10190,Abdul Bora,Mital-Sabharwal,Social Media Marketing,Delhi,293609
10191,Simon Zachariah,Sastry-Mitra,Content Marketing,Mumbai,96164
10192,Janya Sahota,"Chaudhari, Sangha and Prashad",Social Media Marketing,Mumbai,257157
10193,Bhavani Buch,Date PLC,Social Media Marketing,Ahmedabad,49195
10194,Aachal Badami,Goyal Ltd,SEO,Mumbai,86791
10195,Vasatika Wable,Varughese-Pandit,Website Development,Jaipur,87968
10196,Falguni Borah,"Hayer, Chauhan and Rao",Website Development,Hyderabad,40422
10197,Samuel Kashyap,"Deshpande, Setty and Mitter",Social Media Marketing,Ahmedabad,265418
10198,Triveni Ramaswamy,Kaur Ltd,Email Marketing,Delhi,116706
10199,Zarna Kaur,"Banerjee, Gill and Muni",Social Media Marketing,Delhi,213442
10200,Chavvi Kuruvilla,"Mahal, Deol and Chaudhuri",SEO,Hyderabad,73628
10201,Maanas Khalsa,Kadakia-Kalla,Meta Ads,Jaipur,196587
10202,Michael Ranganathan,Guha and Sons,Google Ads,Ahmedabad,231050
10203,Pahal Srivastava,Shroff LLC,Content Marketing,Jaipur,80166
10204,Unni Grewal,Sundaram-Varughese,Meta Ads,Bangalore,86631
10205,Eiravati Bandi,Mitter LLC,Email Marketing,Hyderabad,164394
10206,Inaya Goel,Pai-Dhaliwal,Email Marketing,Jaipur,220077
10207,Amara Varughese,More-Dyal,Website Development,Ahmedabad,63462
10208,Kiaan Ramanathan,Krishnamurthy-Sabharwal,Social Media Marketing,Mumbai,268321
10209,Nisha Toor,Bhavsar Inc,Content Marketing,Pune,167769
10210,Udant Gokhale,Kota-Agrawal,AI Chatbot Development,Hyderabad,101418
10211,Vincent Chana,Tank PLC,SEO,Mumbai,103923
10212,Qasim Puri,Subramanian Ltd,AI Chatbot Development,Mumbai,151628
10213,Ishita Khurana,Natt PLC,Content Marketing,Bangalore,56960
10214,Mohini Sunder,"Sami, Murty and Agrawal",Website Development,Kolkata,143053
10215,Kalpit Madan,Goda and Sons,Email Marketing,Delhi,177393
10216,Mitesh Gara,Chakrabarti LLC,Social Media Marketing,Jaipur,138679
10217,Jeevika Chauhan,"Nagarajan, Bora and Deo",Google Ads,Delhi,299452
10218,Lajita Lal,Thaman-Wason,SEO,Mumbai,219365
10219,Yauvani Madan,Misra-Kumar,Content Marketing,Delhi,158186
10220,Yashvi Hans,Raju-Soni,Google Ads,Bangalore,234310
10221,Lavanya Bava,Goyal and Sons,SEO,Ahmedabad,64705
10222,Jai Babu,Lad-Vig,SEO,Hyderabad,258131
10223,Lipika Grover,"Ramesh, Gala and Deep",Google Ads,Delhi,73443
10224,Anvi Solanki,Sastry PLC,Meta Ads,Pune,218372
10225,Parth Sabharwal,"Prabhakar, Jain and Karnik",Meta Ads,Hyderabad,274909
10226,Charvi Trivedi,"Chanda, Brahmbhatt and Dugar",Content Marketing,Bangalore,171763
10227,Krish Sengupta,Khare and Sons,Google Ads,Jaipur,135576
10228,Arjun Mander,Rai-Raman,AI Chatbot Development,Delhi,167274
10229,Theodore Tailor,Kibe Ltd,Google Ads,Bangalore,56574
10230,Vedika Konda,"Krishna, Yadav and Raval",Google Ads,Delhi,74299
10231,Ojas Mitra,"Deo, Bir and Dutta",AI Chatbot Development,Jaipur,199204
10232,Raghav Chaudhary,Pandey Ltd,Google Ads,Bangalore,102089
10233,Bhavya Kumar,Bhakta-Tank,Social Media Marketing,Delhi,253273
10234,Vansha Golla,"Chowdhury, Dhar and Handa",SEO,Hyderabad,183483
10235,Aditya Sankar,"Sheth, Handa and Chand",Email Marketing,Jaipur,283364
10236,Shivansh Dora,"Oza, Chauhan and Dave",Social Media Marketing,Ahmedabad,20714
10237,Chatura Virk,Bassi Inc,AI Chatbot Development,Jaipur,222580
10238,Radhika Chandran,Sangha PLC,Email Marketing,Delhi,175143
10239,Gayathri Datta,Mann Inc,Email Marketing,Bangalore,56285
10240,Januja Aurora,Ravel-Basu,SEO,Bangalore,74822
10241,Samaksh Kar,Kalla LLC,AI Chatbot Development,Pune,224328
10242,Urvashi Yadav,Kaur-Bhagat,AI Chatbot Development,Pune,268408
10243,Niharika Badami,"Swamy, Rana and Parmer",Meta Ads,Mumbai,259979
10244,Manya Aggarwal,Sha-Date,Social Media Marketing,Kolkata,160925
10245,Suhani Narang,Ram-Mitter,SEO,Kolkata,160367
10246,Gavin Parmer,Dhillon and Sons,SEO,Bangalore,132614
10247,Harrison Sridhar,"Rege, Barad and Goel",Email Marketing,Hyderabad,155408
10248,Rishi Banik,Kunda and Sons,Email Marketing,Jaipur,140413
10249,Isaiah More,"Deep, Tank and Shere",Website Development,Delhi,139935
10250,Charvi Karnik,Bhalla and Sons,Content Marketing,Hyderabad,66641
10251,Atharv Bhalla,"Narasimhan, Pillai and Rajan",Meta Ads,Ahmedabad,177527
10252,Aashi Oza,"Bhasin, Chakrabarti and Anand",Google Ads,Jaipur,222012
10253,Chandran Kothari,Cheema-Bahri,SEO,Bangalore,107991
10254,Shivani Contractor,Badami-Jayaraman,Content Marketing,Kolkata,203811
10255,Charan Saraf,Subramaniam-Bhagat,Website Development,Delhi,43841
10256,Abhiram Sangha,Dani-Tank,Social Media Marketing,Kolkata,227920
10257,Tanay Pant,Chand PLC,Website Development,Delhi,38982
10258,Naksh Virk,Patil-Rai,Google Ads,Jaipur,299873
10259,Frederick Dora,Banik PLC,Content Marketing,Pune,174834
10260,Caleb Mahajan,Dubey-Chatterjee,Content Marketing,Delhi,106897
10261,Hemal Sarraf,Devi Group,Social Media Marketing,Bangalore,227704
10262,Samesh Shan,Keer LLC,SEO,Ahmedabad,171320
10263,Gavin Yogi,Aggarwal Group,SEO,Jaipur,167271
10264,Vasana Gera,"Wason, Deshmukh and Patel",Email Marketing,Hyderabad,293182
10265,Meghana Mukherjee,"Bhalla, Bhatnagar and Dyal",Content Marketing,Kolkata,177450
10266,Tanvi Rajagopalan,Guha and Sons,Content Marketing,Hyderabad,286739
10267,Faraj Madan,Din LLC,AI Chatbot Development,Delhi,264998
10268,Rishi Bora,Thaker PLC,SEO,Bangalore,232487
10269,Ijaya Pai,Gole Group,Google Ads,Jaipur,48079
10270,Idika Dube,Thaman-Sarraf,Email Marketing,Kolkata,22059
10271,Barkha Naidu,Balakrishnan-Rau,Google Ads,Kolkata,274954
10272,Mitali Brar,"Rama, Purohit and Shenoy",Website Development,Kolkata,184206
10273,Zinal Soman,Subramaniam Group,AI Chatbot Development,Bangalore,125900
10274,Hemal Thaker,"Ramaswamy, Karpe and Bora",SEO,Kolkata,296721
10275,Yashawini Bhalla,Mallick-Gera,Google Ads,Delhi,58736
10276,Idika Ganesan,"Borah, Sur and Kale",Email Marketing,Delhi,241838
10277,Yashasvi Yadav,Thaker-Sha,SEO,Jaipur,165768
10278,Amaira Chakrabarti,"Bala, Mammen and Trivedi",SEO,Mumbai,68667
10279,Vasana Kade,"Sem, Sampath and Soman",AI Chatbot Development,Hyderabad,173996
10280,Wazir Keer,"Nagi, Arya and Sagar",Google Ads,Pune,195210
10281,Daksh Lall,"Thaman, Wable and Balasubramanian",Content Marketing,Kolkata,166442
10282,Urvi Hora,"Dua, Parsa and Borra",Website Development,Bangalore,142312
10283,Damyanti Chander,Dalal-Nagi,AI Chatbot Development,Ahmedabad,199538
10284,Aarav Malhotra,Mohanty-Acharya,Social Media Marketing,Mumbai,139963
10285,Faqid Badal,Pall-Natt,Google Ads,Kolkata,33900
10286,Sathvik Shanker,Vasa Ltd,Website Development,Bangalore,208844
10287,Hemangini Kothari,Pandit-Pillai,Website Development,Jaipur,49046
10288,Chatresh Doshi,"Dar, Saran and Anne",AI Chatbot Development,Mumbai,221707
10289,Madhav Oak,Shenoy-Raghavan,Content Marketing,Pune,132429
10290,Chanchal Hari,"Datta, Rana and Kadakia",Content Marketing,Delhi,270411
10291,Girish Sethi,Gulati Group,Email Marketing,Bangalore,74403
10292,Oscar Bhavsar,Pingle-Uppal,Email Marketing,Bangalore,179089
10293,Ekantika Venkataraman,Date Group,Content Marketing,Mumbai,163154
10294,Unni Kara,"Chakraborty, Pillai and Varty",Email Marketing,Mumbai,122800
10295,Udyati Nayar,"Garg, Majumdar and Bhakta",Social Media Marketing,Ahmedabad,192789
10296,Anthony Madan,"Jha, Grewal and Sen",Website Development,Mumbai,271219
10297,Hritik Ramanathan,Walla-Kata,Content Marketing,Kolkata,68490
10298,Kashish Kamdar,Nagar and Sons,AI Chatbot Development,Delhi,146576
10299,Mahika Sandhu,Sandal-Gandhi,AI Chatbot Development,Bangalore,85204
10300,Jeremiah Gara,Kuruvilla-Pandit,Email Marketing,Ahmedabad,250853
10301,Damyanti Patel,Thaman PLC,SEO,Ahmedabad,23074
10302,Keya Ghose,Krishnamurthy LLC,Social Media Marketing,Pune,73093
10303,Charles Seshadri,Shanker PLC,Email Marketing,Bangalore,187473
10304,Rishi Nayak,Sama-Kar,Email Marketing,Mumbai,82097
10305,Aahana Nayar,Bhandari-Deep,Google Ads,Ahmedabad,91432
10306,Tripti Bakshi,"Pant, Pai and Bansal",Social Media Marketing,Jaipur,226150
10307,Yochana Wali,Pandya LLC,Website Development,Pune,157873
10308,Anika Kadakia,"Dass, Mukherjee and Nayak",Content Marketing,Hyderabad,230052
10309,Kashish Randhawa,Varty-Lala,Website Development,Kolkata,28166
10310,Thomas Jayaraman,Yadav and Sons,Google Ads,Hyderabad,191786
10311,Kritika Soni,Sampath Ltd,Social Media Marketing,Kolkata,22570
10312,Sneha Sachdeva,Puri and Sons,Website Development,Bangalore,151353
10313,Aryan Dave,Chawla Inc,Meta Ads,Kolkata,71934
10314,Azad Ramachandran,"Goel, Sharma and Varughese",Content Marketing,Ahmedabad,99123
10315,Tripti Subramaniam,"Nath, Bhalla and Rajagopal",Social Media Marketing,Pune,86135
10316,Nachiket Reddy,Choudhary-Ramakrishnan,SEO,Pune,32506
10317,Liam Nath,Dara and Sons,Meta Ads,Ahmedabad,48099
10318,Ikshita Devan,"Dasgupta, Garde and Roy",SEO,Jaipur,62050
10319,Siya Sidhu,Walla-Mandal,Google Ads,Jaipur,63601
10320,Balhaar Karnik,"Contractor, Mandal and Minhas",Social Media Marketing,Ahmedabad,58692
10321,Dipta Bandi,"Sathe, Saini and Sahota",Content Marketing,Delhi,261001
10322,Vihaan Dugal,"Din, Loke and Pall",Website Development,Hyderabad,152319
10323,Ekani Bali,Dass Inc,Google Ads,Mumbai,65990
10324,Abeer Krishnamurthy,"Sarin, Wason and Srinivas",Website Development,Jaipur,44577
10325,Timothy Ramanathan,"Pillai, Parmer and Oza",Meta Ads,Bangalore,298321
10326,Anthony Chakraborty,Dara-Pathak,AI Chatbot Development,Ahmedabad,46861
10327,Reyansh Sachdev,Andra-Munshi,Content Marketing,Kolkata,87033
10328,Rushil Kumar,Walla Group,Website Development,Bangalore,58575
10329,Amara Cheema,Sama and Sons,SEO,Hyderabad,157572
10330,Ojasvi Chaudhry,Menon Inc,Google Ads,Kolkata,264425
10331,Ekanta Mani,Luthra-Comar,Website Development,Ahmedabad,210212
10332,Ranbir Deshpande,Pandit-Desai,Social Media Marketing,Ahmedabad,56808
10333,Vidhi Pandit,Kanda-Kapur,Meta Ads,Mumbai,57655
10334,Ansh Lad,Lala Inc,Meta Ads,Mumbai,31005
10335,Dipta Sharaf,Gaba Group,Content Marketing,Bangalore,62787
10336,Lavanya Datta,Sarraf-Buch,Content Marketing,Hyderabad,83734
10337,Falguni Manda,Krishna-Pillay,Email Marketing,Ahmedabad,53098
10338,Oni Kohli,"Chauhan, Raja and Guha",Website Development,Jaipur,101548
10339,Chatura Hora,Bhatia-Acharya,Website Development,Ahmedabad,157257
10340,Lohit Chand,Balakrishnan-Halder,Google Ads,Ahmedabad,145166
10341,Yachana Ratti,Subramanian-Varty,Content Marketing,Bangalore,186128
10342,Kashvi Mukherjee,"Khosla, Dhar and Naidu",Google Ads,Ahmedabad,262452
10343,Gaurav Shenoy,Parekh-Sethi,Content Marketing,Hyderabad,27838
10344,Alexander Merchant,"Saraf, Pillai and Borde",Website Development,Mumbai,138136
10345,Tanveer Hans,Behl Ltd,Google Ads,Bangalore,114206
10346,Zayan Sagar,"Baria, Vohra and Dhillon",Social Media Marketing,Mumbai,299791
10347,Janani Gopal,Chauhan-Chaudhuri,Meta Ads,Ahmedabad,258138
10348,Amol Kant,Sinha Group,Google Ads,Mumbai,219509
10349,Azaan Kaur,Peri PLC,Website Development,Kolkata,156334
10350,Tamanna Suri,Bhandari-Comar,Social Media Marketing,Mumbai,117779
10351,Andrew Reddy,Gara-Dhaliwal,Social Media Marketing,Mumbai,237303
10352,Abha Nadkarni,Seth-Swamy,AI Chatbot Development,Hyderabad,177959
10353,Farhan Jhaveri,"Morar, Goswami and Madan",AI Chatbot Development,Bangalore,245026
10354,Wriddhish Nayar,Basak LLC,Content Marketing,Delhi,80894
10355,Amaira Chakrabarti,Palla-Pant,Google Ads,Hyderabad,136687
10356,Gavin Bhandari,Mani Ltd,Website Development,Jaipur,243391
10357,Arya Kothari,Iyengar-Lall,AI Chatbot Development,Jaipur,292492
10358,Siya Lalla,Sibal Group,SEO,Pune,281977
10359,Hiral Atwal,"Jhaveri, Agarwal and Minhas",Email Marketing,Delhi,195082
10360,Wahab Brar,Mander and Sons,Social Media Marketing,Pune,49248
10361,Siya Dalal,Mangal-Kothari,Content Marketing,Mumbai,272435
10362,Mitesh Som,Bali-Joshi,Email Marketing,Jaipur,110036
10363,Meghana Anne,Thakkar-Divan,Social Media Marketing,Delhi,99662
10364,Yashica Bajaj,Rout-Aurora,SEO,Hyderabad,224563
10365,Tanveer Sagar,Magar LLC,Website Development,Kolkata,108237
10366,Amrita Sawhney,Bajaj-Hora,Google Ads,Ahmedabad,113626
10367,Lajita Chauhan,Setty-Buch,Content Marketing,Ahmedabad,31789
10368,Wridesh Konda,Thakur LLC,Website Development,Mumbai,119751
10369,Ishita Bhagat,Kumar Group,Social Media Marketing,Hyderabad,57990
10370,Abdul Bhalla,"Kata, Munshi and Aggarwal",SEO,Mumbai,187496
10371,Raghav Bawa,Bajwa-Goel,Social Media Marketing,Kolkata,265580
10372,Atharv Butala,Kala-Bhat,Website Development,Kolkata,122532
10373,Alka Badal,Issac-Rao,Social Media Marketing,Kolkata,185594
10374,Banjeet Krish,Samra LLC,Social Media Marketing,Delhi,96571
10375,Osha Dutta,Sama and Sons,AI Chatbot Development,Kolkata,161260
10376,Bachittar Sharaf,Kala Ltd,Google Ads,Delhi,53759
10377,Samesh Nigam,"Mukhopadhyay, Doshi and Barad",Email Marketing,Bangalore,225265
10378,Bachittar Chandran,Kala-Bala,Email Marketing,Jaipur,134513
10379,Maanas Mani,Narayan-Parsa,Content Marketing,Mumbai,206198
10380,Jagat Bhatnagar,Balan Inc,Content Marketing,Kolkata,246014
10381,Jairaj Chowdhury,"Pillay, Krishnan and Tak",Google Ads,Delhi,104050
10382,Ranveer Kala,Krishna-Sangha,Social Media Marketing,Hyderabad,104078
10383,Yochana Johal,"Kurian, Deshmukh and Din",Website Development,Bangalore,36058
10384,Brijesh Varughese,"Prabhu, Gopal and Pingle",SEO,Jaipur,209526
10385,Vansha Rajagopal,Lall Group,Content Marketing,Bangalore,36815
10386,Aarav Magar,Srinivas-Ramaswamy,Meta Ads,Mumbai,152511
10387,Adya Kamdar,Vaidya-Krishna,Meta Ads,Kolkata,137006
10388,Sneha Dutta,Oza-Jain,Meta Ads,Delhi,40612
10389,Agastya Saini,"Majumdar, Bhakta and Soman",Email Marketing,Bangalore,63633
10390,Orinder Dora,"Patel, Nair and Munshi",Meta Ads,Kolkata,140338
10391,Naksh Ravi,Dash-Roy,Content Marketing,Pune,172362
10392,Hemangini Oak,Sinha LLC,Social Media Marketing,Mumbai,116412
10393,Nakul Patla,Swamy-Bhatnagar,SEO,Kolkata,90115
10394,Jeevika Vohra,"Johal, Doctor and Handa",SEO,Delhi,255504
10395,Udyati Khanna,"Radhakrishnan, Chopra and Bhatti",SEO,Hyderabad,92208
10396,Anirudh Pingle,Pillai-Sridhar,Email Marketing,Hyderabad,56361
10397,Vaishnavi Goyal,Bora and Sons,Content Marketing,Mumbai,276930
10398,Dominic Chatterjee,Cheema Inc,Content Marketing,Bangalore,227387
10399,Forum Solanki,Bansal-Tak,Social Media Marketing,Delhi,102318
10400,Eta Konda,Tella-Dayal,Social Media Marketing,Pune,194072
10401,Chaaya Sama,Chokshi-Chaudhari,Google Ads,Jaipur,29605
10402,Dakshesh Shah,Dora-Rajagopalan,Social Media Marketing,Delhi,36966
10403,Lajita Bahri,Nagi-Sampath,Google Ads,Hyderabad,154182
10404,Upma Boase,Sane PLC,Meta Ads,Mumbai,245063
10405,Sanaya Bobal,Tiwari-Baria,Meta Ads,Bangalore,44985
10406,Chaman Sachar,"Hora, Gokhale and Dalal",SEO,Bangalore,239331
10407,Hardik Solanki,Dani PLC,SEO,Kolkata,90590
10408,Chatura Narula,"Rama, Mukhopadhyay and Chhabra",Meta Ads,Bangalore,188945
10409,Eiravati Som,Mitter Group,SEO,Mumbai,297320
10410,Eiravati Mutti,"Sawhney, Kurian and Ahluwalia",Website Development,Jaipur,119824
10411,Raksha Mahal,Ram Group,AI Chatbot Development,Mumbai,163999
10412,Ekapad Dalal,Bahri-Sant,Website Development,Kolkata,193483
10413,Shravya Narayanan,Sheth Group,Website Development,Delhi,247928
10414,Vritti Sood,Ganesh Ltd,Meta Ads,Jaipur,78645
10415,Gunbir Chaudhry,Apte-Kurian,Content Marketing,Ahmedabad,135927
10416,Shivansh Chauhan,"Yohannan, Golla and Behl",Google Ads,Ahmedabad,243489
10417,Viraj Rattan,Contractor LLC,Content Marketing,Kolkata,180195
10418,Advika Naidu,Lad-Bajaj,SEO,Bangalore,128182
10419,Meera Bajwa,"Sani, Jani and Bhavsar",SEO,Hyderabad,215987
10420,Yoshita Keer,"Krishna, Bhatti and Kakar",AI Chatbot Development,Hyderabad,53699
10421,Alka Varughese,Rao Inc,SEO,Ahmedabad,72213
10422,Mohini Varma,Bath Group,Content Marketing,Ahmedabad,158361
10423,Teerth Kala,Contractor and Sons,Email Marketing,Jaipur,36057
10424,Sneha Shankar,Kala-Randhawa,AI Chatbot Development,Hyderabad,193690
10425,Priya Venkatesh,Bhalla PLC,SEO,Delhi,192594
10426,Jhalak Sen,Joshi-Saran,Google Ads,Kolkata,233498
10427,Rajata Vora,"Lad, Muni and Kunda",AI Chatbot Development,Mumbai,236464
10428,Watika Parekh,"Peri, Brar and Bhatti",Meta Ads,Jaipur,87944
10429,Indira Wadhwa,Jani-Swaminathan,AI Chatbot Development,Delhi,82398
10430,Tarak Ramaswamy,Chhabra-Dewan,Social Media Marketing,Jaipur,186645
10431,Farhan Chauhan,"Chakrabarti, Ramachandran and Desai",SEO,Ahmedabad,237947
10432,Kala Bhatt,Parmer-Bajwa,Google Ads,Bangalore,84051
10433,Warhi Purohit,Desai Ltd,Social Media Marketing,Mumbai,193757
10434,Ati Bera,"Date, Sridhar and Ahluwalia",Social Media Marketing,Mumbai,148210
10435,Upma Shenoy,Hayre PLC,Meta Ads,Mumbai,45162
10436,Nimrat Basu,Deo-Desai,Social Media Marketing,Bangalore,259090
10437,Harshil Toor,"Chahal, Balan and Prabhakar",Email Marketing,Hyderabad,143213
10438,Veer Chakraborty,Sachdeva Group,Social Media Marketing,Hyderabad,50023
10439,Maanas Sarkar,"Sahota, Sankar and Mitra",AI Chatbot Development,Kolkata,232122
10440,Hema Mangal,Wagle-Krishna,Meta Ads,Pune,124059
10441,Lakshit Kannan,Chowdhury PLC,Social Media Marketing,Jaipur,75840
10442,Isha Rege,Varkey-Batra,Google Ads,Delhi,192811
10443,Jonathan Chopra,"Amble, Suresh and Taneja",Meta Ads,Pune,187426
10444,Oviya Lanka,"Mukherjee, Sangha and Sekhon",Content Marketing,Mumbai,262748
10445,Janaki Dixit,"Roy, Chad and Sachdeva",Email Marketing,Mumbai,230693
10446,Nakul Mody,"Brar, Dar and Ramakrishnan",SEO,Bangalore,63230
10447,Vrinda Goel,"Barad, Dara and Bhatt",Email Marketing,Hyderabad,298671
10448,Manbir Narayan,Chanda PLC,SEO,Bangalore,30418
10449,Chaitaly Deshpande,Apte-Kibe,AI Chatbot Development,Pune,299784
10450,Yauvani Loyal,"Walia, Rana and Subramaniam",SEO,Kolkata,81725
10451,Osha Dugar,"Rattan, Palan and Jhaveri",Content Marketing,Delhi,182266
10452,Chakrika Venkataraman,Saraf-Purohit,Meta Ads,Mumbai,135440
10453,Victor Srinivasan,Bahl Inc,Social Media Marketing,Pune,174673
10454,Ekiya Shroff,"Behl, Minhas and Sarna",Social Media Marketing,Mumbai,43695
10455,Unnati Banerjee,Barad-Panchal,Social Media Marketing,Pune,233262
10456,Niharika Bassi,Chandra-Goel,Email Marketing,Pune,253264
10457,Zehaan Balay,Wadhwa LLC,Email Marketing,Delhi,76085
10458,Nachiket Singhal,Sethi LLC,Website Development,Kolkata,137178
10459,Ethan Johal,Mangat Ltd,SEO,Hyderabad,193727
10460,Dipta Dhillon,"Mitra, Sridhar and Kothari",Email Marketing,Ahmedabad,94866
10461,Shravya Baral,"Garde, Yogi and Dutt",Email Marketing,Hyderabad,190466
10462,Qabil Chatterjee,Chander LLC,Google Ads,Delhi,223976
10463,Charan Bava,"Kunda, Tiwari and Bail",SEO,Pune,298190
10464,Meera Chatterjee,Memon Inc,Email Marketing,Jaipur,77162
10465,Bhavna Sane,Saxena-D’Alia,Social Media Marketing,Mumbai,115176
10466,Vamakshi Om,Mangal Ltd,Google Ads,Bangalore,125600
10467,Dipta Shroff,"Desai, Gaba and Maharaj",Content Marketing,Ahmedabad,51870
10468,Oni Shukla,"Lala, Chanda and Uppal",SEO,Bangalore,162760
10469,Watika Bajwa,Shan-Khare,Email Marketing,Ahmedabad,56882
10470,Pratyush Pai,Prasad-Bhatnagar,Meta Ads,Bangalore,23687
10471,Teerth Choudhary,Narasimhan PLC,Email Marketing,Hyderabad,224690
10472,Barkha Raja,Butala LLC,Google Ads,Delhi,149193
10473,Vedhika Dugar,"Ahluwalia, Garde and Narasimhan",Email Marketing,Mumbai,264602
10474,Ayaan Mahajan,Khalsa-Korpal,Google Ads,Pune,226541
10475,Girindra Deshmukh,Krishnan-Arya,SEO,Bangalore,130752
10476,Ikbal Lala,Bala-Singh,Email Marketing,Pune,96301
10477,Nicholas Bhasin,Khalsa Inc,Social Media Marketing,Ahmedabad,288713
10478,Ayush Varughese,Karpe-Thakkar,Google Ads,Hyderabad,143130
10479,Brijesh Goel,"Srivastava, Borra and Pathak",Email Marketing,Ahmedabad,147251
10480,Ekaja Dixit,"Salvi, Batta and Mohan",SEO,Jaipur,22135
10481,Lopa Uppal,"Chhabra, Kuruvilla and Prasad",Email Marketing,Bangalore,280278
10482,Pooja Brar,"Doctor, Sem and Subramaniam",AI Chatbot Development,Hyderabad,165066
10483,Daksh Varughese,Mander-Khalsa,Social Media Marketing,Kolkata,152461
10484,Lucky Pau,Rajagopalan Ltd,AI Chatbot Development,Hyderabad,77839
10485,Krishna Sani,"Bora, Kale and Raghavan",SEO,Kolkata,231283
10486,Vanya Patla,"Salvi, Hayre and Gara",Meta Ads,Ahmedabad,91008
10487,Sathvik Chhabra,Srinivasan Inc,Content Marketing,Pune,169322
10488,Amrita Agate,Brahmbhatt PLC,Website Development,Hyderabad,256938
10489,Sai Johal,"Basak, Mitter and Pandey",Social Media Marketing,Delhi,224996
10490,Dayamai Kari,"Verma, Mohanty and Dugal",SEO,Hyderabad,150802
10491,Ekapad Buch,Dhawan-Mander,Social Media Marketing,Bangalore,290388
10492,Gautam Pillai,Pal Inc,Social Media Marketing,Jaipur,262253
10493,Veda Bumb,Sekhon-Madan,Content Marketing,Pune,285437
10494,Faraj Palan,Swaminathan-Yogi,Social Media Marketing,Kolkata,286014
10495,Logan Mitra,Aurora Inc,Website Development,Kolkata,192944
10496,Ijaya Barad,Kota-Lala,Content Marketing,Delhi,218399
10497,Abeer Mahajan,Mitra-Ram,Email Marketing,Hyderabad,134337
10498,Inaya Chander,"Parikh, Roy and Varty",AI Chatbot Development,Jaipur,276274
10499,Ojasvi Keer,Agrawal-Dewan,Website Development,Jaipur,252184
10500,Maya Zachariah,Madan-Mohanty,Google Ads,Kolkata,264156
10501,Manan Nazareth,"Nadig, Sen and Dugal",Content Marketing,Delhi,121347
10502,Priya Manne,Dave-Mand,Social Media Marketing,Jaipur,21370
10503,Pranit Bhalla,"Pant, Vyas and Sarma",Email Marketing,Bangalore,223373
10504,Nikita Keer,Iyer-Comar,Meta Ads,Mumbai,120006
10505,Shaurya Palla,Bir Group,Website Development,Pune,168122
10506,Devansh Mannan,"Loyal, Dyal and Rege",SEO,Bangalore,119137
10507,Ishanvi Dixit,"Prakash, Kaul and Contractor",Content Marketing,Pune,88102
10508,Vanya Raja,"Varty, Shankar and Bera",Social Media Marketing,Jaipur,118192
10509,Ekani Purohit,"Pandya, Rai and Ahluwalia",Website Development,Delhi,92479
10510,Manan Datta,Parekh PLC,Content Marketing,Pune,122533
10511,Wyatt Ghose,Munshi-Ramachandran,Meta Ads,Kolkata,144724
10512,Anika Verma,Lad-Deol,Social Media Marketing,Pune,82327
10513,Bhavya Samra,Sankaran-Modi,AI Chatbot Development,Kolkata,101723
10514,Bhavini Sarna,Sane-Mallick,AI Chatbot Development,Jaipur,118762
10515,Balveer Rattan,"Banik, Kashyap and Vala",Meta Ads,Mumbai,148800
10516,Mahika Kamdar,Dube-Patla,AI Chatbot Development,Kolkata,275484
10517,Ishwar Nanda,"Kumar, Luthra and Narasimhan",Google Ads,Hyderabad,242235
10518,Aarnav Shankar,Saxena-Narain,Social Media Marketing,Jaipur,147415
10519,Jatin Bali,"Warrior, Tella and Parekh",Social Media Marketing,Pune,213013
10520,Wahab Kurian,"Kala, Borah and Doctor",Social Media Marketing,Kolkata,41968
10521,Chandani Bora,"Raja, Borra and Rai",Meta Ads,Jaipur,41471
10522,Samesh Bhagat,Bahl Inc,Content Marketing,Delhi,266553
10523,Simon Grewal,"Shan, Gokhale and Pathak",AI Chatbot Development,Delhi,122006
10524,Sarthak Pandey,Banerjee Ltd,Content Marketing,Hyderabad,159182
10525,Ekansh Mann,Balakrishnan-Chakrabarti,Social Media Marketing,Hyderabad,266471
10526,Banjeet Chauhan,Ganguly Group,Content Marketing,Delhi,103947
10527,Keya Ramanathan,Goda LLC,Google Ads,Bangalore,68886
10528,Divya Bhatt,"Ratti, Minhas and Kashyap",Meta Ads,Kolkata,27481
10529,Prisha Sandhu,"Dar, Jhaveri and Ramakrishnan",Content Marketing,Pune,35552
10530,Baljiwan Kurian,"Ramesh, Sandhu and Doctor",Email Marketing,Ahmedabad,74194
10531,Shravya Randhawa,Chauhan PLC,Meta Ads,Mumbai,98342
10532,Krishna Gole,"Wable, Borde and Parekh",Website Development,Jaipur,211196
10533,Rachana Patil,"Ramakrishnan, Bahri and Chanda",Content Marketing,Hyderabad,168522
10534,Arunima Patla,"Soman, Mital and Bhalla",Content Marketing,Pune,150197
10535,David Sani,"Ramakrishnan, Dara and Chaudhry",SEO,Hyderabad,214499
10536,Janya Vala,"Patla, Kakar and Ram",Social Media Marketing,Pune,198315
10537,Kavya Chandran,Varty-Acharya,Social Media Marketing,Jaipur,86096
10538,Rayaan Singhal,Raval-Dar,Content Marketing,Bangalore,194498
10539,Indira Mistry,Luthra-Shanker,Content Marketing,Jaipur,281998
10540,Saumya Majumdar,Nadkarni-Setty,Email Marketing,Kolkata,183375
10541,Maya Dutt,Deshpande-Koshy,Website Development,Bangalore,91774
10542,Arjun Batta,"Nanda, Nair and Acharya",Email Marketing,Ahmedabad,120498
10543,Ekapad Deo,Muni and Sons,SEO,Hyderabad,235513
10544,Aachal Devi,Dani PLC,SEO,Jaipur,292393
10545,Pratyush Din,Mittal-Srinivas,Meta Ads,Bangalore,229876
10546,Parth Deol,Basak Ltd,Content Marketing,Mumbai,242344
10547,Qadim Lanka,Chadha-Acharya,SEO,Mumbai,116343
10548,Aditya Rattan,"Dani, Bhatnagar and Kadakia",Meta Ads,Jaipur,252848
10549,Ishanvi Kalita,Yogi-Rout,Social Media Marketing,Pune,32249
10550,Chavvi Agate,Borde-Desai,Content Marketing,Delhi,260077
10551,Arjun Krish,Gandhi-Bala,SEO,Ahmedabad,262340
10552,Ekta Tiwari,Sekhon Inc,SEO,Delhi,198656
10553,Geetika Kata,Parekh-Prakash,Google Ads,Mumbai,40275
10554,Urvi Koshy,Dugal Ltd,SEO,Bangalore,129463
10555,Eiravati Mangat,Munshi Inc,AI Chatbot Development,Hyderabad,37387
10556,Panini Anand,Nagarajan PLC,Email Marketing,Ahmedabad,269363
10557,Ekiya Pingle,Goda Group,Meta Ads,Delhi,220483
10558,Nidra Mahajan,"Wason, Purohit and Banik",Meta Ads,Delhi,121521
10559,Mitesh Manne,"Vala, Nagy and Dada",Website Development,Bangalore,58046
10560,Lohit De,"Khare, Sha and Bir",Meta Ads,Ahmedabad,96916
10561,Gayathri Parmer,"Chad, Shan and Batra",Google Ads,Jaipur,196776
10562,Prisha Dutta,Kala-Patla,Website Development,Jaipur,271859
10563,David Aggarwal,"Issac, Maharaj and Bhavsar",Google Ads,Mumbai,110878
10564,Chaaya Chatterjee,"Prabhakar, Barad and Mohanty",Content Marketing,Jaipur,49178
10565,Bachittar Jha,Keer-Sarma,Meta Ads,Mumbai,287862
10566,Yashawini Balay,"Halder, Rana and Murty",Website Development,Kolkata,253031
10567,Gagan Sunder,Manne Ltd,AI Chatbot Development,Mumbai,258042
10568,Reyansh Bhatnagar,Suri-Koshy,SEO,Pune,169984
10569,Jack Saran,Nigam-Bhatti,Social Media Marketing,Kolkata,253258
10570,Nitesh Dash,"Dora, Raval and Sachar",Meta Ads,Mumbai,52578
10571,Mahika Swamy,Parsa Group,Content Marketing,Bangalore,99023
10572,Zayyan Rout,Raghavan-Mandal,Meta Ads,Jaipur,61497
10573,Brinda Bains,"Pal, Parmar and Mistry",Meta Ads,Ahmedabad,47795
10574,Orinder Buch,Jayaraman LLC,AI Chatbot Development,Hyderabad,238081
10575,Mohini Bahl,Agarwal Inc,Content Marketing,Pune,283858
10576,Megha Ahuja,Palan LLC,Social Media Marketing,Mumbai,161951
10577,Vidhi Thakur,Bansal PLC,Email Marketing,Ahmedabad,26889
10578,Gauri Mani,"Mutti, Bhagat and Buch",Content Marketing,Jaipur,243654
10579,Aarav Savant,"Balan, Madan and Gupta",AI Chatbot Development,Kolkata,101595
10580,Isaac Jain,Din Ltd,AI Chatbot Development,Pune,112738
10581,Krishna Patla,Goyal-Bhagat,Social Media Marketing,Kolkata,134042
10582,Hitesh Banerjee,Bobal LLC,Email Marketing,Kolkata,151390
10583,Dalbir Babu,Prasad Inc,Email Marketing,Kolkata,156771
10584,Yashica Babu,"Ramachandran, Mander and Khalsa",SEO,Kolkata,21889
10585,Sai Sahni,Aurora-Contractor,AI Chatbot Development,Ahmedabad,186765
10586,Urvashi Varughese,Khalsa-Choudhry,Email Marketing,Kolkata,260201
10587,Jeet Bhattacharyya,Mody Inc,SEO,Ahmedabad,65304
10588,Anjali Dutt,Sankaran Inc,Meta Ads,Kolkata,100296
10589,Warda Choudhury,Dua-Buch,AI Chatbot Development,Mumbai,229130
10590,Manya Tiwari,Patla-Hayer,SEO,Mumbai,288775
10591,Maya Shankar,Ghosh-Krishnan,Meta Ads,Ahmedabad,57329
10592,Naveen Talwar,"Venkatesh, Cherian and Dixit",Content Marketing,Hyderabad,82666
10593,Kiaan Agarwal,Gokhale Ltd,Email Marketing,Jaipur,20686
10594,Rishi Mitra,Agrawal-Bajaj,Social Media Marketing,Bangalore,278312
10595,Onveer Banik,Divan Group,Google Ads,Ahmedabad,37445
10596,Upasna Sagar,Sabharwal-Upadhyay,Social Media Marketing,Ahmedabad,228569
10597,Faras Sarna,"Sama, Ravel and Kata",SEO,Bangalore,58939
10598,Naveen Gokhale,"Gokhale, Oza and Ravel",Content Marketing,Ahmedabad,180229
10599,Patrick Krish,Lalla and Sons,Email Marketing,Pune,53608
10600,Caleb Purohit,"Brahmbhatt, Loyal and Gour",Meta Ads,Kolkata,294567
10601,Abhimanyu Trivedi,Shan LLC,Website Development,Delhi,111331
10602,Suhani Sengupta,"Aurora, Choudhary and Dey",AI Chatbot Development,Mumbai,209248
10603,Januja Arya,Bhagat PLC,Website Development,Pune,161587
10604,Gunbir Mital,"Bath, Kade and Karnik",Google Ads,Ahmedabad,29440
10605,Ojasvi Dasgupta,"Venkataraman, Choudhry and Narula",Google Ads,Delhi,157201
10606,Ishanvi Parikh,Taneja-Ravi,SEO,Kolkata,21448
10607,Dalbir Yohannan,Gera Group,Google Ads,Kolkata,20615
10608,Darpan Mane,Sane LLC,Content Marketing,Kolkata,73881
10609,Raagini Apte,Deshpande and Sons,Social Media Marketing,Mumbai,40661
10610,Samaksh Bail,Modi-Mohanty,Email Marketing,Kolkata,74243
10611,Chavvi Ravel,Mody PLC,SEO,Kolkata,169543
10612,Zaid Vasa,Ramaswamy-Chawla,SEO,Hyderabad,138535
10613,Fariq Saini,Chokshi Ltd,Website Development,Ahmedabad,215554
10614,Upasna Tripathi,Ganesan-Singh,Email Marketing,Ahmedabad,257508
10615,Ayaan Sekhon,Sunder Group,Meta Ads,Hyderabad,236155
10616,Reva Sundaram,Narayanan Group,Google Ads,Jaipur,191716
10617,Rushil Sawhney,"Pradhan, Majumdar and Wason",Google Ads,Delhi,38343
10618,Falguni Srivastava,Mani-Kohli,SEO,Jaipur,265881
10619,Harsh Oommen,Hari LLC,SEO,Delhi,280236
10620,Qadim Varghese,Acharya Group,Social Media Marketing,Jaipur,112594
10621,Upasna Khatri,Bhatt and Sons,SEO,Pune,45200
10622,Aayush Chopra,Nori-Ganesan,Meta Ads,Pune,171550
10623,Dipta Saran,"Gaba, Pingle and Bhavsar",Email Marketing,Mumbai,140399
10624,Maya Divan,"Barad, Narayanan and Gopal",Meta Ads,Jaipur,62943
10625,Champak Prasad,"Mody, Luthra and Kale",SEO,Mumbai,266765
10626,Falguni Sahota,"Sandal, Palla and Goel",Social Media Marketing,Kolkata,161049
10627,Gaurav Ravi,"Dixit, Shanker and Ghosh",Email Marketing,Pune,140621
10628,Ronith Raval,"Kohli, Kapur and Babu",Content Marketing,Pune,256613
10629,Kevin Kulkarni,"Varty, Brar and Gara",AI Chatbot Development,Hyderabad,107555
10630,Kai Keer,"Lala, Virk and Hayre",Social Media Marketing,Mumbai,221105
10631,Gunbir Sankar,Sur-Koshy,AI Chatbot Development,Mumbai,49442
10632,Vedhika Venkatesh,"Ratta, Mital and Subramaniam",AI Chatbot Development,Delhi,232055
10633,Isaiah Rattan,Agrawal-Talwar,AI Chatbot Development,Delhi,203092
10634,Lakshit Bobal,Buch-Date,Website Development,Kolkata,172945
10635,Amol Guha,Basak and Sons,SEO,Pune,68714
10636,Zehaan Sahni,"Bobal, Manda and Konda",Website Development,Bangalore,260431
10637,Gauri Sibal,Acharya-Bal,Website Development,Kolkata,242166
10638,Zayyan Shah,Ganesh Group,Content Marketing,Kolkata,218873
10639,Aayush Halder,Warrior Inc,Google Ads,Ahmedabad,22515
10640,Januja Halder,Nadig LLC,Social Media Marketing,Pune,280258
10641,Anthony Gulati,Ray Ltd,Google Ads,Kolkata,177904
10642,Yashawini Mallick,Rattan Ltd,SEO,Pune,293135
10643,Arya Kala,Din-Thaman,AI Chatbot Development,Ahmedabad,290643
10644,Kabir Morar,Narula PLC,Google Ads,Hyderabad,163062
10645,Wyatt Loyal,Bhargava-Dubey,SEO,Jaipur,130854
10646,Abhiram Madan,"Bose, Dhingra and Bali",Social Media Marketing,Ahmedabad,109608
10647,Jonathan Wagle,Prabhu PLC,AI Chatbot Development,Jaipur,206376
10648,Indira Prasad,Bhatia-Subramanian,Email Marketing,Hyderabad,159215
10649,Sachi Raj,Mital and Sons,Social Media Marketing,Jaipur,248972
10650,Nathan Atwal,"Soni, Basu and Shankar",Website Development,Mumbai,155495
10651,Warjas Parmer,Naik Ltd,Social Media Marketing,Bangalore,186376
10652,Isha Bhattacharyya,Kumar Ltd,Meta Ads,Kolkata,77294
10653,Lavanya Bera,Khosla-Raval,Google Ads,Delhi,67463
10654,Wridesh Borra,Sanghvi Group,SEO,Pune,57130
10655,Sanaya Varma,"Sastry, Pradhan and Murthy",AI Chatbot Development,Ahmedabad,242450
10656,Vanya Sachdev,Pau-Garg,Social Media Marketing,Bangalore,107002
10657,Janani Date,Bajwa-Murty,Google Ads,Bangalore,207152
10658,Manthan Sood,Pai PLC,Content Marketing,Delhi,282185
10659,Madhavi Pant,Bhardwaj-Sampath,Website Development,Jaipur,258005
10660,Ijaya Pillai,Arora-Dixit,Website Development,Hyderabad,298854
10661,Arin Samra,"Bhargava, Radhakrishnan and Ghose",SEO,Jaipur,101892
10662,Kalpit Mishra,Ganguly-Puri,Meta Ads,Ahmedabad,158777
10663,Patrick Rau,Mahal Inc,Meta Ads,Pune,279700
10664,Anmol Kohli,"Dey, Saxena and Talwar",Meta Ads,Jaipur,195608
10665,Manbir Chakraborty,Wagle-Seshadri,Social Media Marketing,Hyderabad,105965
10666,Xiti Doshi,"Sha, Bahl and Malhotra",Email Marketing,Delhi,93875
10667,Ladli Ray,Batta-Lad,Google Ads,Hyderabad,266667
10668,Warjas Kari,Patil-Mammen,AI Chatbot Development,Hyderabad,254281
10669,Upma Pal,Yohannan-Sheth,AI Chatbot Development,Ahmedabad,22579
10670,Fitan Rai,Subramaniam-Soman,AI Chatbot Development,Mumbai,149974
10671,Ekavir Kale,"Bhatt, Dass and Bhatti",Email Marketing,Delhi,272590
10672,Naksh Brar,Grover-Subramaniam,AI Chatbot Development,Kolkata,114496
10673,Naveen Nanda,"Oak, Bose and Lala",Google Ads,Hyderabad,245328
10674,Advaith Cherian,Butala PLC,Google Ads,Kolkata,116029
10675,Tanay Goda,Wable-Mahal,Email Marketing,Pune,44861
10676,Jeevika Kalla,"Vohra, Wali and Sawhney",AI Chatbot Development,Pune,95527
10677,Pratyush Suri,Dey-Batta,Meta Ads,Ahmedabad,253839
10678,Hiral Dewan,Kamdar-Dua,Content Marketing,Kolkata,295113
10679,Vasatika Palan,"Varkey, Parmer and Parmer",Email Marketing,Kolkata,193352
10680,Girik Dubey,Chad-Panchal,AI Chatbot Development,Hyderabad,192694
10681,Nirja Balay,Sem-Acharya,AI Chatbot Development,Kolkata,174618
10682,Nikita Date,Viswanathan Group,Google Ads,Bangalore,165560
10683,Charles Kari,Viswanathan-Muni,SEO,Delhi,91404
10684,Aarav Chana,"Krish, Divan and Purohit",Website Development,Ahmedabad,21709
10685,Mekhala Gandhi,Dave-Tandon,Social Media Marketing,Ahmedabad,115417
10686,Vihaan Dayal,"Saran, Randhawa and Misra",Email Marketing,Pune,53555
10687,Balendra Dara,Ahluwalia Group,Website Development,Hyderabad,217592
10688,Jeevika Som,"Dada, Kakar and Narasimhan",Website Development,Jaipur,78133
10689,Kashish Gulati,Mahal-Kamdar,Meta Ads,Hyderabad,296816
10690,Keya Dave,Sani-Panchal,AI Chatbot Development,Hyderabad,270880
10691,Chaman Dada,"Thakur, Butala and Devi",Website Development,Ahmedabad,203224
10692,Laban Upadhyay,Saha Group,Content Marketing,Delhi,56650
10693,Caleb Pingle,"Mangat, Wali and Gola",Social Media Marketing,Ahmedabad,230796
10694,Ayushman Mann,"Sandal, Sankar and Tailor",Meta Ads,Mumbai,145825
10695,Wakeeta Dhingra,Gera PLC,SEO,Kolkata,34796
10696,Sachi Saran,Saran PLC,Content Marketing,Pune,152290
10697,Zehaan Jha,Krish-Wable,SEO,Pune,141669
10698,Raagini Rajan,Zacharia Inc,Google Ads,Ahmedabad,38414
10699,Christopher Konda,Misra and Sons,Meta Ads,Mumbai,255673
10700,Lakshit Mahal,Sengupta-Agarwal,AI Chatbot Development,Bangalore,150063
10701,Amrita Chander,Chad Inc,SEO,Bangalore,250682
10702,Shravya Virk,"Ranganathan, Khatri and Suri",Meta Ads,Kolkata,55340
10703,Irya Minhas,Wali Inc,Content Marketing,Mumbai,169038
10704,Leela Verma,"Mane, Tandon and Saraf",AI Chatbot Development,Kolkata,204624
10705,Amruta Deol,"Kunda, Gandhi and Pandit",Content Marketing,Bangalore,52834
10706,Omaja Khalsa,Sachar-Bhatnagar,Google Ads,Mumbai,60106
10707,Oscar Sarkar,Bhasin Inc,Website Development,Jaipur,277709
10708,Simon Seth,Sridhar-Nayar,Meta Ads,Kolkata,44896
10709,Krish Shetty,Basak and Sons,Content Marketing,Ahmedabad,60671
10710,Madhavi Bhat,Rout-Kumer,Social Media Marketing,Hyderabad,201779
10711,Girindra Merchant,Sahota-Pandey,Social Media Marketing,Ahmedabad,217503
10712,Neha Seth,Naidu LLC,Website Development,Pune,247021
10713,Devika Majumdar,Dasgupta Group,Social Media Marketing,Hyderabad,61893
10714,Neelima Radhakrishnan,Amble-Magar,SEO,Mumbai,293811
10715,Jonathan Dewan,"Gole, Rau and Sood",Meta Ads,Pune,93143
10716,Saksham Buch,Mallick and Sons,Google Ads,Mumbai,294365
10717,Abha Doctor,Sarna-Manne,Content Marketing,Ahmedabad,41759
10718,Dhriti Kumer,Rao and Sons,Social Media Marketing,Hyderabad,224531
10719,Krisha Konda,Bumb-Buch,AI Chatbot Development,Mumbai,282931
10720,Mitesh Sastry,"Nath, Lal and Luthra",Meta Ads,Hyderabad,255409
10721,Dakshesh Biswas,Sule LLC,SEO,Pune,100800
10722,Ekanta Magar,"Khalsa, Krish and Atwal",SEO,Bangalore,61545
10723,Aahana Varma,"Gokhale, Kalita and Dave",Website Development,Mumbai,261314
10724,Sanaya Setty,Contractor Group,Google Ads,Mumbai,129895
10725,Jackson Dass,"Rajan, Mahal and Mahajan",Meta Ads,Jaipur,129044
10726,Om Sahota,Raval-Kari,Content Marketing,Ahmedabad,294178
10727,Dhriti Shetty,Khare and Sons,Content Marketing,Hyderabad,86467
10728,Simon Badami,"Kadakia, Pai and Ganguly",Email Marketing,Kolkata,224052
10729,Ekantika Seth,Natarajan Group,Meta Ads,Ahmedabad,197169
10730,Logan Pathak,Singh Inc,Meta Ads,Kolkata,95510
10731,Chatura Solanki,Vohra-Sarma,Email Marketing,Ahmedabad,35235
10732,Luke Rastogi,Borde PLC,Website Development,Mumbai,23298
10733,Oscar Guha,D’Alia-Sarma,Email Marketing,Kolkata,138749
10734,Jagvi Apte,Deep Inc,AI Chatbot Development,Kolkata,61939
10735,Azaan Atwal,Sawhney Inc,SEO,Ahmedabad,115418
10736,Gautami Ghose,Prashad Group,Website Development,Bangalore,159439
10737,Lohit Tailor,"Gade, Dugar and Bir",Social Media Marketing,Pune,271835
10738,Jack Shah,Tella LLC,Website Development,Pune,242970
10739,Dayita Dhingra,"Ramesh, Mallick and Agrawal",Meta Ads,Bangalore,87667
10740,Pranav Jain,Bose-Kalla,Email Marketing,Kolkata,39163
10741,Nimrat Ramanathan,"Mand, Pau and Deo",SEO,Hyderabad,193325
10742,Mason Dugar,"Bhardwaj, Oak and Prabhu",Website Development,Pune,298260
10743,Tanveer Lall,"Karpe, Sama and Dalal",Social Media Marketing,Kolkata,134464
10744,Vamakshi Zacharia,Bal-Ganguly,SEO,Mumbai,262368
10745,Rohan Devan,Dhaliwal and Sons,Website Development,Mumbai,109241
10746,Omkaar Bir,Dixit and Sons,Social Media Marketing,Kolkata,31872
10747,Vihaan Lanka,Boase Group,AI Chatbot Development,Mumbai,153469
10748,Ikshita Saini,"Kurian, Grewal and Yohannan",SEO,Mumbai,193574
10749,Nachiket Krishnan,Reddy Group,Social Media Marketing,Pune,172228
10750,Radha Om,Jain LLC,Content Marketing,Bangalore,255860
10751,Hamsini Swaminathan,Pillay-Sani,Email Marketing,Jaipur,173706
10752,Victor Lata,Vohra Inc,Google Ads,Delhi,237877
10753,Robert Bhat,Mangal-Lalla,Email Marketing,Delhi,208578
10754,Falguni Mangal,Devi LLC,Content Marketing,Hyderabad,229574
10755,Patrick Naidu,"Doshi, Lall and Baria",Email Marketing,Bangalore,296637
10756,Aishani Narayan,"Sem, Upadhyay and Suresh",Content Marketing,Pune,219289
10757,Jeevika Puri,"Rout, Dada and Bhatia",SEO,Hyderabad,166033
10758,Logan Krishna,Madan-Mukherjee,AI Chatbot Development,Ahmedabad,281861
10759,Faqid Garde,"Palla, Acharya and Gera",Website Development,Bangalore,118258
10760,Ayushman Shah,Shetty and Sons,Meta Ads,Delhi,105477
10761,Gautami Som,Palla-Dutt,AI Chatbot Development,Pune,204680
10762,Laksh Khurana,Sani LLC,Email Marketing,Kolkata,35208
10763,Vasana Shukla,Naidu-Kaur,SEO,Ahmedabad,104767
10764,Aashi Jha,Samra-Mahal,Website Development,Hyderabad,183989
10765,Zashil Bahl,Swamy-Upadhyay,AI Chatbot Development,Mumbai,241116
10766,Anay Chad,Sur LLC,AI Chatbot Development,Jaipur,275952
10767,Sneha Bakshi,Arya-Jaggi,Content Marketing,Jaipur,189361
10768,Anirudh Ganesh,Tak-Gaba,Website Development,Jaipur,64639
10769,Nandini Shankar,"Rama, Chakrabarti and Dara",Meta Ads,Jaipur,138168
10770,Baghyawati Pai,Doshi-Koshy,Website Development,Jaipur,81513
10771,Nirja Mody,Misra Ltd,Website Development,Kolkata,67771
10772,Ekapad Bajwa,More PLC,Content Marketing,Mumbai,137359
10773,Jeremiah Anne,Khalsa Group,Website Development,Pune,242454
10774,Sarthak Pingle,Subramaniam PLC,SEO,Pune,59686
10775,Charvi Soni,"Shere, Sant and Sunder",SEO,Jaipur,81324
10776,Sathvik Bera,"Narasimhan, Ganguly and Pai",Social Media Marketing,Bangalore,128373
10777,Oliver Varkey,Subramanian-Mukherjee,Email Marketing,Hyderabad,123665
10778,Champak Buch,"Oak, Rastogi and Bumb",Social Media Marketing,Ahmedabad,260325
10779,Samarth Sachdeva,Vyas-Kibe,SEO,Mumbai,255851
10780,Falak Das,"Kamdar, Chanda and Ram",Email Marketing,Mumbai,288170
10781,Abhimanyu Sama,"Bawa, Murty and Borah",Email Marketing,Delhi,187127
10782,Eshana Gola,Natt Inc,Content Marketing,Pune,246226
10783,Bachittar Choudhry,Wali-Morar,Social Media Marketing,Kolkata,175092
10784,Aachal Kumar,Setty and Sons,Social Media Marketing,Kolkata,198586
10785,Ladli Kashyap,Mital LLC,Social Media Marketing,Pune,212856
10786,Yasti Morar,Agrawal-Barman,SEO,Pune,189979
10787,Wriddhish Vasa,Sarraf-Suri,Website Development,Ahmedabad,90256
10788,Banjeet Seth,"Oza, Johal and Bhakta",Google Ads,Kolkata,80153
10789,Indali Lata,Soman Inc,AI Chatbot Development,Pune,170064
10790,Diya Gola,Bansal Ltd,Google Ads,Bangalore,200865
10791,Lopa Patla,"Buch, Vyas and Bhagat",Meta Ads,Pune,88672
10792,Upkaar Hayre,Narasimhan PLC,Social Media Marketing,Mumbai,52350
10793,Fitan Handa,Som-Sethi,Email Marketing,Mumbai,58957
10794,Anvi Borah,"Patel, Khare and Shenoy",Content Marketing,Pune,70478
10795,Yashica Madan,Kara-Bhatia,Google Ads,Mumbai,68513
10796,Shravya Kata,Bandi-Muni,AI Chatbot Development,Pune,277648
10797,Faraj Wagle,Brahmbhatt-Chana,AI Chatbot Development,Hyderabad,187598
10798,Urvi Wason,Sridhar-Agarwal,Meta Ads,Jaipur,127221
10799,Yatan Dara,Gulati LLC,SEO,Mumbai,268294
10800,Dayita Kara,Narasimhan LLC,Content Marketing,Hyderabad,262865
10801,Warjas Bhakta,"Kalita, Sampath and Ram",Website Development,Jaipur,288902
10802,Vihaan Sibal,"Datta, Rout and Patil",Meta Ads,Hyderabad,49718
10803,Gagan Biswas,"Kothari, Doshi and Doshi",Website Development,Pune,146863
10804,Vansha Sane,Mall-Issac,Meta Ads,Delhi,108358
10805,Nidra Wali,Mital PLC,AI Chatbot Development,Hyderabad,25036
10806,Samaksh Sahota,Parikh LLC,Meta Ads,Bangalore,248855
10807,Edhitha Bawa,"Oommen, Baral and Mann",Website Development,Hyderabad,31561
10808,Jacob Sachar,Lala LLC,AI Chatbot Development,Delhi,112289
10809,Wahab Bath,Shah-Batta,Google Ads,Jaipur,209633
10810,Nakul Narayan,"Seshadri, Morar and Srinivas",Meta Ads,Pune,270712
10811,Dominic Chander,"Sani, Upadhyay and Raman",Social Media Marketing,Jaipur,34108
10812,Chavvi Setty,Chandran and Sons,AI Chatbot Development,Kolkata,152582
10813,Varsha Mitra,"Pal, Apte and Tiwari",Google Ads,Mumbai,144081
10814,Unnati Bahri,Gala-Gola,Meta Ads,Pune,178590
10815,Wridesh Sachar,Vyas-Sama,Content Marketing,Jaipur,65269
10816,Bachittar Gole,Parikh Ltd,Google Ads,Delhi,126926
10817,Yug Tak,Jhaveri-Dhar,AI Chatbot Development,Bangalore,157356
10818,Abha Barad,Behl-Srinivas,Social Media Marketing,Kolkata,55996
10819,Orinder Ram,Badal LLC,Website Development,Bangalore,246704
10820,Ikbal Palla,"Halder, Handa and Butala",Meta Ads,Kolkata,244143
10821,Aarna Nigam,Dugar Ltd,Content Marketing,Delhi,117328
10822,Chakradhar Khalsa,Pai Ltd,Email Marketing,Bangalore,172229
10823,Christopher Mannan,"Brar, Nagi and Randhawa",Meta Ads,Delhi,81078
10824,Vedant Bora,"Kothari, Boase and Dass",Meta Ads,Jaipur,106729
10825,Zehaan Sidhu,Chaudhry and Sons,Google Ads,Bangalore,283455
10826,Anay Chaudhary,"Tak, Char and Sampath",Google Ads,Bangalore,40674
10827,Irya Hari,Chana-Palla,Google Ads,Hyderabad,180073
10828,Jhalak Chaudhry,Bassi PLC,SEO,Mumbai,295588
10829,Anjali Dhar,Chadha Inc,SEO,Delhi,219148
10830,Qarin Oak,"Das, Ganesh and Bhatti",Content Marketing,Hyderabad,208986
10831,Panini More,Mani PLC,Meta Ads,Bangalore,81350
10832,Abha Sankar,"Bhatt, Bansal and Gara",Google Ads,Jaipur,289031
10833,Wyatt Johal,"Rama, Raghavan and Narayan",Meta Ads,Delhi,133748
10834,Jacob Krish,Sood-Srivastava,Website Development,Pune,225811
10835,Anamika Kanda,Mahajan-Shenoy,Website Development,Delhi,251876
10836,Hiral Sengupta,Bhatia and Sons,Meta Ads,Bangalore,245988
10837,Bhavini Virk,"Trivedi, Rajagopal and Rastogi",Content Marketing,Kolkata,48224
10838,Lipika Kakar,"Walla, Pant and Sachdeva",AI Chatbot Development,Delhi,273888
10839,Nandini Rana,"Kar, Desai and Bali",Google Ads,Jaipur,134113
10840,Christopher Rout,Dora and Sons,Google Ads,Delhi,285382
10841,Charan Sharaf,"Badal, Dhillon and Bhakta",Email Marketing,Hyderabad,38751
10842,Elijah Narang,"Rajagopalan, Rajagopalan and Bhavsar",Social Media Marketing,Jaipur,78727
10843,Elijah Chawla,Dara-Kalita,Website Development,Bangalore,103303
10844,Manya Sheth,"Raj, Chaudhary and Sehgal",SEO,Bangalore,162832
10845,Yashvi Pillay,"Padmanabhan, Brahmbhatt and Gandhi",AI Chatbot Development,Pune,245369
10846,Neel Manne,Sur PLC,SEO,Kolkata,60167
10847,Tejas Arora,Chakrabarti-Shankar,AI Chatbot Development,Kolkata,224913
10848,Girish Mani,"Rajagopalan, Chokshi and Borah",Social Media Marketing,Jaipur,280010
10849,Tarak Gupta,Char Group,Email Marketing,Pune,100476
10850,Wriddhish Datta,"Sahota, Mangal and Chakraborty",Social Media Marketing,Kolkata,99704
10851,Aarav Mitter,Basu Inc,Website Development,Delhi,217826
10852,Manan Comar,Padmanabhan LLC,Website Development,Delhi,226765
10853,Sai Kunda,Sankaran-Sastry,SEO,Bangalore,280813
10854,Chatresh Swaminathan,Shan Group,Google Ads,Delhi,48767
10855,Geetika Srinivasan,Ratti-Nayak,Social Media Marketing,Kolkata,36240
10856,Avni Shanker,Batra-Srivastava,Website Development,Ahmedabad,127884
10857,Aadi Palan,Shan-Chanda,SEO,Ahmedabad,229158
10858,Devika Lala,Ramesh PLC,Email Marketing,Jaipur,27164
10859,Vrishti Bansal,Mani Ltd,Social Media Marketing,Hyderabad,231075
10860,Urishilla Wason,Agarwal Ltd,Content Marketing,Ahmedabad,148746
10861,Faqid Toor,Kapur-Guha,Meta Ads,Bangalore,134399
10862,Samarth Suri,Balasubramanian and Sons,Email Marketing,Jaipur,35350
10863,Balvan Om,"Dhillon, Thaker and Bhavsar",Email Marketing,Delhi,186868
10864,Vedika Dube,Sehgal PLC,SEO,Jaipur,279772
10865,Megha Raja,Dhar-Yogi,Google Ads,Hyderabad,45457
10866,Sudiksha Pingle,Kurian LLC,Content Marketing,Bangalore,150887
10867,Chaaya Palla,Ben-Dutta,Meta Ads,Bangalore,176366
10868,Inaya Radhakrishnan,"Bawa, Solanki and Karpe",Website Development,Jaipur,232976
10869,Chatresh Dalal,"Mander, Walia and Iyengar",Social Media Marketing,Kolkata,173696
10870,Indira Badami,Madan-Lal,AI Chatbot Development,Bangalore,109705
10871,Michael Sabharwal,Sama Group,Website Development,Kolkata,195664
10872,Eesha Oommen,Sura-Parmar,SEO,Kolkata,117781
10873,Omkaar Mistry,Gour-Nanda,Meta Ads,Pune,94120
10874,Ubika Konda,Murty-Wali,Social Media Marketing,Pune,163837
10875,Chandani Bath,Desai-Nayar,Social Media Marketing,Pune,79018
10876,Nidra Khatri,"Bhagat, Ramaswamy and Anand",Website Development,Delhi,240636
10877,Ronith Ganesh,Doshi Group,SEO,Bangalore,182956
10878,Yashasvi Madan,Dhingra Inc,Meta Ads,Bangalore,244586
10879,Aryan Reddy,Sur and Sons,Email Marketing,Bangalore,276397
10880,Pallavi Shroff,Morar Ltd,Website Development,Ahmedabad,120929
10881,Laban Kibe,Choudhary-Bhavsar,Meta Ads,Bangalore,298863
10882,Harini Chandran,Dara Inc,SEO,Jaipur,155317
10883,Naveen Walla,"Comar, Lanka and Hari",Website Development,Ahmedabad,153869
10884,Udarsh Walla,Gara-Grewal,Email Marketing,Pune,292043
10885,Bhavika Gill,Barad Inc,AI Chatbot Development,Ahmedabad,240773
10886,Imaran Madan,Kapadia LLC,AI Chatbot Development,Ahmedabad,271452
10887,Aradhana Ghosh,Rau-Natt,AI Chatbot Development,Delhi,225990
10888,Nidhi Hayre,"Narula, Dugar and Rastogi",Website Development,Kolkata,66313
10889,Vivaan Rao,"Muni, Garg and Bali",Meta Ads,Jaipur,229885
10890,Pallavi De,Parmer-Chakraborty,Website Development,Delhi,259792
10891,Vyanjana Loke,"Sahota, Prabhu and Dugar",Social Media Marketing,Pune,108424
10892,Ladli Bhargava,"Chhabra, Sharma and Karpe",Email Marketing,Kolkata,229524
10893,Vihaan Raj,Madan-Narang,SEO,Delhi,156392
10894,Mason Nigam,"Mand, Chad and Patla",Social Media Marketing,Hyderabad,22553
10895,Ekansh Saini,Nayar-Khurana,Google Ads,Delhi,161219
10896,Zayyan Raval,Sood LLC,AI Chatbot Development,Delhi,213919
10897,Avi Deo,Dar PLC,Email Marketing,Mumbai,79108
10898,Azaan Khosla,Pandit LLC,AI Chatbot Development,Bangalore,218833
10899,Avni Sura,"Bhavsar, Bhagat and Lata",Google Ads,Delhi,237092
10900,Chandran Jha,"Venkatesh, Dani and Varghese",Content Marketing,Delhi,73465
10901,Hemangini Bumb,"Jhaveri, Andra and Arya",AI Chatbot Development,Ahmedabad,36277
10902,Yash Tailor,Reddy-Purohit,Website Development,Ahmedabad,59913
10903,Oliver Agarwal,Natt-Oza,Google Ads,Mumbai,229541
10904,Nachiket Virk,Rajan PLC,SEO,Pune,199146
10905,Aarush Sama,"Kant, Mane and Nath",Social Media Marketing,Hyderabad,218749
10906,Chatura Savant,Gara PLC,Social Media Marketing,Hyderabad,111986
10907,Laksh Joshi,"Krishnan, Shetty and Bir",Content Marketing,Bangalore,219111
10908,Janya Thakur,Deshmukh LLC,AI Chatbot Development,Bangalore,282055
10909,Abhiram Subramaniam,Chander-Sampath,Email Marketing,Delhi,159941
10910,Arjun Borra,"Kapur, Nazareth and Kothari",SEO,Bangalore,172079
10911,Elijah Varghese,Basak PLC,AI Chatbot Development,Pune,167225
10912,Lipika Oak,"Buch, Joshi and Lall",Social Media Marketing,Pune,235100
10913,Libni Mukherjee,Manda LLC,Content Marketing,Jaipur,24648
10914,Advaith Shah,Tailor-Chanda,Website Development,Jaipur,65210
10915,Saanvi Padmanabhan,Savant PLC,Google Ads,Ahmedabad,92177
10916,Chakradhar Pal,Aurora Ltd,Meta Ads,Kolkata,98557
10917,Hamsini Dani,Dhillon LLC,Website Development,Ahmedabad,267241
10918,Deepa Yogi,Sundaram-Dhillon,AI Chatbot Development,Mumbai,71896
10919,Sai Patla,Shah Group,Email Marketing,Bangalore,224775
10920,Anirudh Vaidya,"Nagarajan, Bala and Radhakrishnan",Website Development,Pune,49021
10921,Warda Singh,Parmar and Sons,Social Media Marketing,Kolkata,31259
10922,Yuvraj Sawhney,Subramanian-Bhagat,Website Development,Hyderabad,35401
10923,Indali Rege,"Koshy, Buch and Ram",Google Ads,Ahmedabad,209116
10924,Harrison Master,Kothari-Savant,SEO,Delhi,56507
10925,Vrinda Raval,Kala-Shan,Website Development,Ahmedabad,156116
10926,Darika Kota,"Dubey, Din and Vasa",SEO,Bangalore,164228
10927,Zaid Sawhney,Dani Inc,AI Chatbot Development,Hyderabad,118995
10928,Sudiksha Sama,Sane Ltd,Email Marketing,Kolkata,37787
10929,Sanaya Ganesan,Ranganathan-Subramanian,SEO,Ahmedabad,110555
10930,Siya Nigam,"Om, Suri and Goyal",Email Marketing,Pune,195837
10931,Tara Lala,Barad and Sons,Google Ads,Hyderabad,115023
10932,Ekansh Chand,"Rastogi, Bumb and Kumar",Social Media Marketing,Hyderabad,169466
10933,Kashish Raja,Sarkar-Dora,Content Marketing,Ahmedabad,192649
10934,Jagat Kalla,"Mandal, Bansal and Pant",AI Chatbot Development,Mumbai,64325
10935,Daniel Patla,Bir-Sekhon,Email Marketing,Pune,248129
10936,Osha Talwar,Dar-Barman,Meta Ads,Kolkata,199723
10937,Leena Kurian,Babu-Pant,Meta Ads,Jaipur,26281
10938,Lakshmi Yadav,Shan Group,Google Ads,Ahmedabad,55041
10939,Ansh Varma,Palan and Sons,Email Marketing,Bangalore,162030
10940,Bhavika Kata,Chandran Group,AI Chatbot Development,Kolkata,169194
10941,Lipika Kunda,Sahni-Warrior,Social Media Marketing,Mumbai,142806
10942,Anmol Malhotra,"Gala, Chad and Sridhar",Social Media Marketing,Delhi,234590
10943,Niharika Doctor,Cherian-Loke,Website Development,Bangalore,105095
10944,Ronith Lalla,"Mann, Sanghvi and Mitra",Content Marketing,Hyderabad,289686
10945,Odika Kunda,Kannan LLC,Email Marketing,Delhi,44213
10946,Bakhshi Sinha,Chanda Ltd,SEO,Delhi,253285
10947,Isaac Sankaran,Gokhale-Nigam,SEO,Kolkata,74232
10948,Farhan Wali,"Babu, Bhardwaj and Suri",Meta Ads,Hyderabad,197125
10949,Ucchal Date,Talwar PLC,Email Marketing,Ahmedabad,59265
10950,Rachit Doctor,"Sagar, Cheema and Rajan",Website Development,Jaipur,161863
10951,Umang Jha,Nagy-Shroff,AI Chatbot Development,Hyderabad,67113
10952,Laksh Ahluwalia,Walia LLC,AI Chatbot Development,Mumbai,148567
10953,Ikbal Char,Choudhury-Pillay,Social Media Marketing,Pune,98512
10954,Nimrat Prashad,Wali LLC,Website Development,Bangalore,273437
10955,Nitesh Ganguly,Walla Inc,Meta Ads,Kolkata,208324
10956,Rohan Nazareth,Bhattacharyya-Tata,Content Marketing,Kolkata,85375
10957,Upkaar Ranganathan,Tak Group,Website Development,Jaipur,92624
10958,Ganga Narasimhan,Sawhney-Gola,Content Marketing,Pune,218368
10959,Abhiram Bawa,Saha-Ben,AI Chatbot Development,Kolkata,267649
10960,Balendra Pillai,"Toor, Kari and Misra",Google Ads,Delhi,199123
10961,Finn Suresh,Sur Inc,Meta Ads,Delhi,295086
10962,Umang Butala,Barad and Sons,Email Marketing,Jaipur,293542
10963,Xiti Kakar,Mand and Sons,AI Chatbot Development,Delhi,21063
10964,Adya Peri,Brar LLC,Email Marketing,Delhi,80814
10965,Arjun Chada,Mander PLC,Content Marketing,Delhi,59880
10966,Aarush Rastogi,"Bandi, Doctor and Barman",AI Chatbot Development,Ahmedabad,155158
10967,Nidra Bassi,Goda-Parekh,AI Chatbot Development,Ahmedabad,62847
10968,Anya Saini,Rout Inc,Google Ads,Bangalore,51641
10969,Neelima Agarwal,"Raval, Shenoy and Sura",Email Marketing,Pune,179085
10970,Bhavya Verma,Dey-Bassi,Meta Ads,Hyderabad,276624
10971,Eesha Garde,Magar and Sons,Website Development,Pune,116848
10972,Lakshmi Mittal,Dass and Sons,Website Development,Kolkata,273153
10973,Triveni Parmar,Parmar-Butala,AI Chatbot Development,Kolkata,260381
10974,Gayathri Tripathi,"Sawhney, Mammen and Chaudhary",SEO,Jaipur,265763
10975,Widisha Doctor,Viswanathan Inc,Google Ads,Mumbai,198591
10976,Januja Yohannan,"Kalla, Sharaf and Agate",Website Development,Mumbai,195287
10977,Ryan Gopal,"Reddy, De and Khanna",Google Ads,Mumbai,65375
10978,Harish Rama,"Butala, Chowdhury and Sawhney",SEO,Mumbai,107030
10979,Januja Keer,Batra-Kumer,Content Marketing,Kolkata,51668
10980,William Kadakia,Majumdar Ltd,Content Marketing,Ahmedabad,235972
10981,Reyansh Shukla,Chauhan Inc,SEO,Mumbai,245641
10982,Sarthak Borah,Bassi Ltd,Social Media Marketing,Bangalore,132725
10983,Janaki Vora,Mand Ltd,Social Media Marketing,Kolkata,53123
10984,Mugdha Mani,Maharaj Ltd,Content Marketing,Hyderabad,231031
10985,Agastya Khosla,Tandon-Cherian,Meta Ads,Delhi,20610
10986,Advaith Mandal,Patil-Mahajan,SEO,Bangalore,267666
10987,Gaurangi Peri,Kalla-Pant,SEO,Jaipur,254366
10988,Omya Mohanty,Rana Ltd,SEO,Bangalore,275547
10989,Pranav Ganguly,Raju-Mani,SEO,Ahmedabad,247878
10990,Vasatika Peri,"Chaudhry, Tiwari and Saxena",Website Development,Mumbai,39180
10991,Ayushman Uppal,Dada-Gokhale,Email Marketing,Jaipur,289929
10992,Thomas Murty,Morar-Bobal,Website Development,Hyderabad,284559
10993,Bishakha Jaggi,"Chopra, Dyal and Chaudry",AI Chatbot Development,Mumbai,248167
10994,Chatresh Sridhar,Doshi-Subramanian,Email Marketing,Hyderabad,250822
10995,Radha Kumer,"Cherian, Goyal and Apte",Content Marketing,Mumbai,234877
10996,Deepa Magar,"Thaman, Handa and Ben",Social Media Marketing,Jaipur,268917
10997,Gaurav Mand,Shukla Ltd,AI Chatbot Development,Hyderabad,198422
10998,Umang Hora,Varty-Khurana,Content Marketing,Pune,251547
10999,Ayush Bhalla,"Mangat, De and Chad",Meta Ads,Ahmedabad,266882
11000,Lakshmi Thaman,"Parsa, Jani and Singhal",Content Marketing,Pune,164796
